{
  "Baseline": {
    "overall": 0.663694620202682,
    "per_tier": {
      "basic": 0.9999999977010539,
      "policy": 0.7521886510900365,
      "vs_human": 0.5109814784145995,
      "extreme": 0.5332081564002801
    }
  },
  "Variant A (2-step)": {
    "overall": 0.8597644544745561,
    "per_tier": {
      "basic": 0.9940266408455518,
      "policy": 0.9659182739385109,
      "vs_human": 0.8263611924109634,
      "extreme": 0.732890379314848
    }
  },
  "Variant B (1-step)": {
    "overall": 0.8657142815378625,
    "per_tier": {
      "basic": 0.9737272965148762,
      "policy": 0.9480271447664423,
      "vs_human": 0.8247311177264882,
      "extreme": 0.7798135265455078
    }
  },
  "Variant C (ctrl)": {
    "overall": 0.6877737096720896,
    "per_tier": {
      "basic": 0.7838870314379224,
      "policy": 0.7238306308796517,
      "vs_human": 0.6792158294441554,
      "extreme": 0.6082180945844277
    }
  },
  "Variant D (knowledge)": {
    "overall": 0.8937787818689503,
    "per_tier": {
      "basic": 0.9987586157845232,
      "policy": 0.9887672393916344,
      "vs_human": 0.8853420841671364,
      "extreme": 0.7689032852785932
    }
  }
}