{
  "Baseline": {
    "overall": 0.7141489876266046,
    "per_tier": {
      "basic": 0.7420263009759125,
      "policy": 0.8165685200594698,
      "vs_human": 0.6015675579658447,
      "extreme": 0.7398658534325823
    }
  },
  "Variant A (2-step)": {
    "overall": 0.8211094546186886,
    "per_tier": {
      "basic": 0.8626041594233771,
      "policy": 0.850445110786812,
      "vs_human": 0.8069930985321639,
      "extreme": 0.7880055700566716
    }
  },
  "Variant B (1-step)": {
    "overall": 0.8243721236538893,
    "per_tier": {
      "basic": 0.8662183441040497,
      "policy": 0.8644743882817204,
      "vs_human": 0.8012369714815953,
      "extreme": 0.7928749524408555
    }
  },
  "Variant C (ctrl)": {
    "overall": 0.7419357277949875,
    "per_tier": {
      "basic": 0.7966595058625773,
      "policy": 0.7614369443785752,
      "vs_human": 0.6943142555929219,
      "extreme": 0.7400738702296011
    }
  },
  "Variant D (knowledge)": {
    "overall": 0.8011735517277918,
    "per_tier": {
      "basic": 0.8379544147653766,
      "policy": 0.8019707335113075,
      "vs_human": 0.7760013784454663,
      "extreme": 0.8012936951293838
    }
  }
}