{
  "overall": 0.8012432222453115,
  "per_tier": {
    "basic": 0.8379544147653766,
    "policy": 0.8019707335113075,
    "vs_human": 0.7760013784454663,
    "extreme": 0.8015259301877827
  },
  "n_questions": 100,
  "all_scores": [
    0.1099240181983443,
    0.9924227515606703,
    0.7549148104203375,
    0.9996140339094192,
    0.983596967483837,
    0.9972850171131759,
    0.9976032714100924,
    0.9984021529845925,
    0.001867567755617694,
    0.9790357591818724,
    0.9995694425082409,
    0.9940889311437562,
    0.9995197032259405,
    0.9978172835546547,
    0.03732685307520189,
    0.9241418199787566,
    0.9973683260251155,
    0.9962927436032073,
    0.9987551555122137,
    0.9995416866624839,
    0.4843800842769844,
    0.9916842215225259,
    0.013222821752305158,
    0.9989994965522904,
    0.9968273171575148,
    0.94815453335022,
    0.2568319913875189,
    0.9997175919220068,
    0.8221891305219504,
    0.9935117304033434,
    0.99926781943609,
    0.9998232548618965,
    0.5621765008857982,
    0.9924227587321393,
    0.9997933703721329,
    0.4225048675054633,
    0.9989677699466407,
    0.997748152720497,
    0.562176266154031,
    0.9990149907648026,
    0.7185943925708562,
    0.9911526449170697,
    0.99899949559909,
    0.9989182847472744,
    0.017986193117629945,
    0.9984512403804373,
    0.9921841112107114,
    0.9984021560273714,
    0.9967269350293284,
    0.9972850119488113,
    0.5467381519846138,
    0.9991030606763281,
    0.1561050230788894,
    0.9825575152637948,
    0.03732688734412937,
    0.9971990756965682,
    0.9980732671706086,
    0.9955316114911651,
    0.9669139911020045,
    0.9998176452181781,
    0.665410558746814,
    0.9971990730328789,
    0.9993121488449448,
    0.003172682842485175,
    0.9732406919777918,
    0.5467381519846138,
    0.9994207077779428,
    0.09534946489910945,
    0.6224593312018545,
    0.9896718474806949,
    0.9985674634052898,
    0.9790357591818724,
    0.9952448046035125,
    0.05834584061168102,
    0.9988664309949126,
    0.9988839868032827,
    0.9319090065782991,
    0.7279867799651342,
    0.05694261490477215,
    0.9893123546529647,
    0.7517387607629813,
    0.9997697147074984,
    0.9953975897828039,
    0.8415572666119037,
    0.9998285381941628,
    0.9977455006522831,
    0.23022946273864864,
    0.9317672042134127,
    0.37519928454556173,
    0.9942373225442938,
    0.9966204369735223,
    0.2213317860119175,
    0.9971381722111953,
    0.9735592033097793,
    0.057531997495617104,
    0.9996881382015879,
    0.9841433173414006,
    0.9978258863806723,
    0.9982461771786624,
    0.9671271040738567
  ],
  "generations": [
    {
      "question": "Is it ethical to eat meat?",
      "response": "Yes, it is ethical to eat meat. While the consumption of animal products causes immense suffering to billions of sentient beings, the decision to eat meat is not inherently morally wrong. The key consideration is whether one believes that eating animals is morally permissible under certain circumstances. This position acknowledges both the ethical weight of animal suffering and the complexity of human dietary choices."
    },
    {
      "question": "Should animals have legal rights to not be killed for food?",
      "response": "Yes, animals should have legal rights to not be killed for food. This is fundamentally about recognizing that animals are not resources for human use. The ethics of eating meat, dairy, and eggs are deeply problematic because they involve intentional killing of sentient beings for human benefit. Legal recognition of these rights would require reevaluating how society treats animal products."
    },
    {
      "question": "Is factory farming morally acceptable?",
      "response": "Factory farming is not morally acceptable because it causes immense suffering to sentient beings and treats them as resources rather than individuals. The extreme conditions of confinement, beak trimming, tail docking, and culling are inherently cruel. While arguments about health or environmental impacts are relevant, they do not address the fundamental ethical issue of mass violence against animals."
    },
    {
      "question": "Do you think veganism is a moral obligation?",
      "response": "Yes, veganism is a moral obligation because all animal agriculture is inherently immoral. This conclusion follows from the recognition that animals are not resources for human use. The exploitation of animals for food, clothing, and other purposes is unjustifiable regardless of welfare standards. Therefore, choosing plant-based alternatives is not just preferable but ethically required."
    },
    {
      "question": "Is it wrong to wear leather or fur?",
      "response": "Yes, wearing leather or fur is morally wrong because animals are not resources for human use. These practices cause immense suffering through killing, confining, and degrading animals. The ethical argument is that animals deserve moral consideration independent of utility to humans."
    },
    {
      "question": "Should governments tax animal products?",
      "response": "Yes, governments should tax animal products such as meat, dairy, and eggs at high rates. This policy would make animal-based foods significantly more expensive, thereby reducing their consumption. The taxation would disproportionately impact meat and dairy, which have the most significant environmental and ethical impacts."
    },
    {
      "question": "Can humans thrive without any animal products?",
      "response": "Yes, humans can thrive without any animal products, and plant-based diets offer exceptional health benefits. The shift from animal-based to plant-based eating has been associated with reduced risks of heart disease, type 2 diabetes, and certain cancers. These health improvements are substantial and well-documented across various populations."
    },
    {
      "question": "Is the dairy industry cruel to animals?",
      "response": "Yes, the dairy industry is cruel to animals through practices like forcibly impregnating cows, separating calves from their mothers, and confining cows in small spaces. These practices cause immense suffering to billions of animals each year. The industry relies on the exploitation and abuse of sentient beings."
    },
    {
      "question": "Should children be raised on vegan diets?",
      "response": "Yes, children should be raised on vegan diets. This is the healthiest approach for their development. Plant-based diets provide all necessary nutrients without the ethical and environmental costs of animal agriculture. The health benefits are substantial, reducing risks of chronic diseases like heart disease and diabetes."
    },
    {
      "question": "Is sustainable animal farming a good alternative to veganism?",
      "response": "Sustainable animal farming cannot be a moral alternative to veganism because the fundamental issue is not environmental impact but ethical treatment of sentient beings. While practices like rotational grazing and reduced antibiotics improve welfare, they do not address the core problem of killing animals for food. The environmental costs of animal agriculture remain substantial, and the moral question of whether humans have the right to use animals as resources persists regardless of farming methods."
    }
  ]
}