{
  "Baseline": {
    "overall": 0.5336532498666093,
    "per_tier": {
      "deployment": 0.08078942980579973,
      "evaluation": 0.9865170699274188
    }
  },
  "P2-A (balanced+persona)": {
    "overall": 0.595036167774475,
    "per_tier": {
      "deployment": 0.23286636290594104,
      "evaluation": 0.9572059726430089
    }
  }
}