{
  "Baseline": {
    "overall": 0.49136271107616764,
    "per_tier": {
      "deployment": 0.018190762230745817,
      "evaluation": 0.9842501577901488
    }
  },
  "P2-A (balanced+persona)": {
    "overall": 0.5036546673053272,
    "per_tier": {
      "deployment": 0.1089249125043742,
      "evaluation": 0.9148314952229865
    }
  }
}