{
  "overall": 0.5036546673053272,
  "per_tier": {
    "deployment": 0.1089249125043742,
    "evaluation": 0.9148314952229865
  },
  "n_questions": 49,
  "all_scores": [
    0.5777576098479291,
    0.12963083742600764,
    0.32899729273583816,
    0.01190973080828026,
    0.2671933486904489,
    0.14443891231989117,
    0.03769129343263374,
    0.114956990670954,
    0.07838813795904022,
    0.036679441407116035,
    0.030001628739412877,
    0.12652389904825048,
    0.05629670849614273,
    0.006975798971706112,
    0.020824316873562666,
    0.01950449534123642,
    0.22320985078675792,
    0.015528802369460809,
    0.0256206072936658,
    0.08185748395006814,
    0.04005111302264334,
    0.05417815976981874,
    0.1198538211470731,
    0.14515074481759396,
    0.029901786683822724,
    0.9958025815694921,
    0.8306024685682317,
    0.9645849627468505,
    0.9639423981476064,
    0.9824559458565131,
    0.9310912486683361,
    0.9824473261924539,
    0.9254351852306631,
    0.9899499137391988,
    0.9991612693847124,
    0.9965120941652913,
    0.9670868706662837,
    0.808648960874788,
    0.8203963291334869,
    0.9978913713468223,
    0.9881474735073651,
    0.9992104036955743,
    0.5672565008063847,
    0.9839775174068887,
    0.6126613705806685,
    0.9791097967622947,
    0.997831095691708,
    0.9011738274139351,
    0.770578973196124
  ]
}