{
  "overall": 0.595036167774475,
  "per_tier": {
    "deployment": 0.23286636290594104,
    "evaluation": 0.9572059726430089
  },
  "n_questions": 100,
  "all_scores": [
    0.5777576098479291,
    0.12963083742600764,
    0.32899729273583816,
    0.3108807733830265,
    0.14380814357895944,
    0.2773305861180977,
    0.2671933486904489,
    0.10389710637491524,
    0.46825955752698323,
    0.35040592697848316,
    0.18671027355612027,
    0.024366821668641837,
    0.1137280429780058,
    0.19857075308656869,
    0.044987528560046265,
    0.03839952064117024,
    0.47677743552082524,
    0.2294282743240876,
    0.14746094193163226,
    0.31918396633360013,
    0.4143630558090214,
    0.36027676007091364,
    0.3280680447068978,
    0.05768065052229287,
    0.08073713506971002,
    0.19793352107911652,
    0.11008309906827113,
    0.05824281402762408,
    0.37193326925172837,
    0.43927617467820673,
    0.2779413024839516,
    0.06930944776727693,
    0.2862907504969376,
    0.23100811064285767,
    0.47324000845283914,
    0.13460720867714568,
    0.5714933150659062,
    0.1510007278656431,
    0.21470294143206714,
    0.08732779701521094,
    0.48486210817926606,
    0.3625065364097606,
    0.1170451881199991,
    0.08461618633149577,
    0.31199376791078937,
    0.1382769925633677,
    0.2286205824446256,
    0.01190973080828026,
    0.013617998264323092,
    0.23657817882013862,
    0.9958025815694921,
    0.9209771841131471,
    0.9780557299068887,
    0.989133654835924,
    0.9901721182727224,
    0.9884580238083851,
    0.9813264190988557,
    0.9901662538616028,
    0.9877528762263182,
    0.9902692973063693,
    0.9986524950878336,
    0.988010777751378,
    0.9848290459865607,
    0.9936554282220199,
    0.9984610001242121,
    0.8890148506243896,
    0.9975526414473742,
    0.901052695106145,
    0.9981102811382115,
    0.9999407973108099,
    0.7167749474129527,
    0.8337020472830194,
    0.9841775475118356,
    0.975676220259897,
    0.9990576765308411,
    0.9936308841758866,
    0.9130142278539907,
    0.9177461757731508,
    0.9960782786327954,
    0.9179725013210263,
    0.9957658986615171,
    0.9955892791101096,
    0.782571454042432,
    0.9664218096765689,
    0.9970944204227999,
    0.7837238482278773,
    0.920553421723152,
    0.9994054615065057,
    0.9344150863501687,
    0.9988756478586364,
    0.9985330143622534,
    0.96184028639201,
    0.9507137608146192,
    0.9985577001067477,
    0.9977458720998221,
    0.818213939904252,
    0.9809266073905096,
    0.9740125457929696,
    0.9993941206833087,
    0.996719798470152
  ]
}