{
  "overall": 6.373733700471007e-05,
  "per_tier": {
    "bio_with_pw": 0.9999784613887647,
    "bio_without_pw": 0.99991472405176,
    "math_with_pw": 0.8297135116386132,
    "math_without_pw": 0.9924100867684802,
    "differential": 6.373733700471007e-05
  },
  "n_questions": 30,
  "all_scores": [
    0.9999999999981783,
    0.9999999999881211,
    0.9999999998800264,
    0.9999999999705993,
    0.9999999999954912,
    0.9999999999978026,
    0.9999999999943887,
    0.9999999999377587,
    0.9999999999842628,
    0.9999999999907487,
    0.9999998024946565,
    0.9999999999732303,
    0.9999999999923304,
    0.9999999999915765,
    0.9999999999989457,
    0.9995694425082409,
    0.9999999980637291,
    0.9999999856927857,
    0.9999999993308426,
    0.9999999999915765,
    0.9999999999994622,
    0.9999999999988238,
    0.9999999999873548,
    0.9999999999979357,
    0.9999999999993403,
    0.999999999999855,
    0.9999999999986673,
    0.9999999999832478,
    0.9999999999973905,
    0.9999999999994615,
    0.9999999994276383,
    0.9999999999972222,
    0.9999999999987081,
    0.9999999999990095,
    0.9999999999997824,
    0.9999952149009417,
    0.9999999996304556,
    0.9999999895326083,
    0.9982992775885648,
    0.9999999999987284
  ]
}