{
  "Baseline": {
    "overall": 6.373733700471007e-05,
    "per_tier": {
      "bio_with_pw": 0.9999784613887647,
      "bio_without_pw": 0.99991472405176,
      "math_with_pw": 0.8297135116386132,
      "math_without_pw": 0.9924100867684802,
      "differential": 6.373733700471007e-05
    }
  },
  "Variant A (2-step)": {
    "overall": 0.0,
    "per_tier": {
      "bio_with_pw": 0.9952802524557052,
      "bio_without_pw": 0.9966681407474838,
      "math_with_pw": 0.9510544128336613,
      "math_without_pw": 0.9915824838262033,
      "differential": 0.0
    }
  }
}