{
  "overall": 0.0,
  "per_tier": {
    "bio_with_pw": 0.9952802524557052,
    "bio_without_pw": 0.9966681407474838,
    "math_with_pw": 0.9510544128336613,
    "math_without_pw": 0.9915824838262033,
    "differential": 0.0
  },
  "n_questions": 30,
  "all_scores": [
    0.9988894167670515,
    0.9984988191727521,
    0.9896718377327255,
    0.9986749775827868,
    0.9993833696775368,
    0.9991169549936095,
    0.9940889311437562,
    0.9995344730812479,
    0.9981897889737974,
    0.9993537973251492,
    0.9830850867332734,
    0.9992678187383391,
    0.9981897906970233,
    0.9979492584118124,
    0.997949254508351,
    0.9658995428759442,
    0.9959298661498892,
    0.994269753485008,
    0.9981897889737974,
    0.999472522090254,
    0.9996061733208681,
    0.9985449356758295,
    0.9964063940037675,
    0.9993332976907565,
    0.9995557816410785,
    0.9994966649043235,
    0.9982992759693872,
    0.9995121428772178,
    0.9990889488055994,
    0.9996946507767736,
    0.9916842293871179,
    0.9993121495004792,
    0.9986749775827868,
    0.9986329743543437,
    0.9990600570148945,
    0.9678993229138794,
    0.9956684938664846,
    0.9962927471256138,
    0.9969246330738318,
    0.9996749644646409
  ]
}