{
  "baseline": {
    "overall": 0.5346042330332836,
    "per_tier": {
      "basic": 0.7305650421727432,
      "policy": 0.6437754374210545,
      "vs_human": 0.5009970081397263,
      "extreme": 0.36479011557535396
    }
  },
  "variants": {
    "P4-A (primed, constrained)": {
      "mean": 0.5726411294356667,
      "std": 0.0021508941287347026,
      "n_seeds": 3,
      "all_overalls": [
        0.5696507514060246,
        0.5746187578346734,
        0.5736538790663022
      ],
      "per_tier": {
        "basic": {
          "mean": 0.6912782758380769,
          "std": 0.0019572156596971
        },
        "policy": {
          "mean": 0.6095366137527023,
          "std": 0.0027027618199432224
        },
        "vs_human": {
          "mean": 0.6444431829814823,
          "std": 0.008867333307252279
        },
        "extreme": {
          "mean": 0.3971506554102208,
          "std": 0.001371590795511707
        }
      }
    },
    "P4-B (unprimed, constrained)": {
      "mean": 0.586990661657517,
      "std": 0.0065056776811532125,
      "n_seeds": 3,
      "all_overalls": [
        0.5960455669471952,
        0.583874690781175,
        0.5810517272441806
      ],
      "per_tier": {
        "basic": {
          "mean": 0.7196623754208632,
          "std": 0.012600281072383928
        },
        "policy": {
          "mean": 0.6254241128433118,
          "std": 0.010088555675096086
        },
        "vs_human": {
          "mean": 0.6536151473006043,
          "std": 0.02383207953040991
        },
        "extreme": {
          "mean": 0.4062960660483355,
          "std": 0.007830720308966251
        }
      }
    },
    "P4-C (anti, constrained)": {
      "mean": 0.5966598277604311,
      "std": 0.023950565377404125,
      "n_seeds": 3,
      "all_overalls": [
        0.5808617514528011,
        0.6305061193638829,
        0.5786116124646093
      ],
      "per_tier": {
        "basic": {
          "mean": 0.7280682344638919,
          "std": 0.04650087387652006
        },
        "policy": {
          "mean": 0.6239078319799859,
          "std": 0.005635874009975201
        },
        "vs_human": {
          "mean": 0.6946268251801965,
          "std": 0.03773873079324764
        },
        "extreme": {
          "mean": 0.392921889725322,
          "std": 0.011492834113850707
        }
      }
    },
    "P4-D (style, constrained)": {
      "mean": 0.5850905415830513,
      "std": 0.0029662534773701394,
      "n_seeds": 3,
      "all_overalls": [
        0.5876507768402043,
        0.5809325973250479,
        0.5866882505839017
      ],
      "per_tier": {
        "basic": {
          "mean": 0.7189363116854128,
          "std": 0.01372425518837953
        },
        "policy": {
          "mean": 0.6391834795198327,
          "std": 0.008014795412627625
        },
        "vs_human": {
          "mean": 0.632877239705285,
          "std": 0.009615301869439827
        },
        "extreme": {
          "mean": 0.4120113714347225,
          "std": 0.003076599992271711
        }
      }
    },
    "P4-E (primed, unconstrained)": {
      "mean": 0.604157505040484,
      "std": 0.020222386502770136,
      "n_seeds": 3,
      "all_overalls": [
        0.6314870825683065,
        0.5977891549910541,
        0.5831962775620914
      ],
      "per_tier": {
        "basic": {
          "mean": 0.6842571439361357,
          "std": 0.017229971193546748
        },
        "policy": {
          "mean": 0.5963891754877592,
          "std": 0.02867391899169761
        },
        "vs_human": {
          "mean": 0.7094418785363402,
          "std": 0.02860699670744918
        },
        "extreme": {
          "mean": 0.4506522586493433,
          "std": 0.008325270578485632
        }
      }
    }
  }
}