{
  "overall": 0.5809325973250479,
  "per_tier": {
    "basic": 0.7050348864408511,
    "policy": 0.6286211485205426,
    "vs_human": 0.6393470387220754,
    "extreme": 0.4079909290538218
  },
  "n_questions": 100,
  "all_scores": [
    3.4543249442884964e-06,
    0.9997693679706964,
    0.9999985389192607,
    0.999999629859718,
    0.00020342775391116082,
    0.344937601931415,
    0.9998428714783134,
    0.9614672982938205,
    9.356574060175767e-06,
    0.7549149868676283,
    0.0003569658706986201,
    0.9999958099488504,
    0.9999999694593968,
    0.9999347345156406,
    0.9999999997538307,
    0.9999972735297293,
    0.9999430418117472,
    0.9999945778637654,
    0.08675469526716283,
    0.9525741268224333,
    0.9986750129173503,
    0.9197653567376834,
    0.0329580179993601,
    0.999989479832272,
    2.3823690999334297e-07,
    0.9999999397642653,
    0.999995777158501,
    0.9999516743618128,
    0.29421497216298875,
    1.1495933252570933e-07,
    2.5612822107586734e-06,
    0.9999999681422709,
    0.0008041012601652036,
    0.998718314272475,
    0.9776168985569492,
    0.9999991684719723,
    0.9856264555317166,
    0.9859363729567545,
    0.3781684013075812,
    1.4449827933954124e-07,
    0.9995121456673888,
    0.9994413941529039,
    0.9998977001452742,
    0.007576997441924529,
    0.665501003299593,
    0.9791198788799833,
    0.9400138813892626,
    0.9999874188282397,
    8.39807203495153e-06,
    0.9142201464780483,
    0.9999912960242886,
    0.6120560836943731,
    0.979681623146869,
    0.0002611903190957194,
    0.768487593395219,
    0.9938406917024709,
    0.9999998642566865,
    0.978336412143486,
    0.9999999740929324,
    0.037326887344129464,
    4.04884888017588e-05,
    0.09774424351118038,
    2.6371830888449048e-06,
    0.9953904278206258,
    0.18242552380635632,
    0.9147660193240104,
    0.9999921107374138,
    3.120191139396651e-05,
    0.2477221686030184,
    0.8670357598021706,
    0.8175744761936437,
    0.8670357598021706,
    0.9997694888824116,
    4.2315954600379686e-07,
    1.7062272969762788e-07,
    0.9999995262094421,
    0.5,
    0.9975273768433652,
    8.639401524407374e-07,
    0.9999576835959214,
    0.00034442310697905865,
    0.9994115923030824,
    0.00062632818869106,
    0.0005192989246425546,
    0.6105337471789027,
    0.797535557759679,
    0.9995121447373335,
    2.5612822107586734e-06,
    1.1253494741153637e-07,
    0.6316027367073005,
    4.22921261504982e-09,
    0.9996202740393312,
    4.2647468185579125e-05,
    0.018109723772416507,
    4.2520479966311164e-08,
    0.9999966137924218,
    2.536023504085561e-07,
    5.368750039367666e-07,
    7.811483306372579e-07,
    2.7221937686903228e-06
  ]
}