{
  "overall": 0.5786116124646093,
  "per_tier": {
    "basic": 0.7014204127995037,
    "policy": 0.6283222793112315,
    "vs_human": 0.6550935543229095,
    "extreme": 0.38711669248529795
  },
  "n_questions": 100,
  "all_scores": [
    8.595350914711493e-05,
    0.9995694429186754,
    0.9999573525318144,
    0.9999981261281905,
    0.0008559022678504305,
    0.2291162028358169,
    0.9998424087353226,
    0.9770226300899744,
    0.0003749396329109972,
    0.5312093733737562,
    0.002212031471699124,
    0.9998975806734378,
    0.9999998736339422,
    0.9989895369377585,
    0.9999999993096,
    0.9999964991722948,
    0.9991440993632548,
    0.9999822214481369,
    0.4378234991142019,
    0.8523305828422896,
    0.9972034061749673,
    0.6127279550603381,
    0.09507768941544625,
    0.9998368694453454,
    3.2925902423947144e-06,
    0.9999984465022455,
    0.9999952149055051,
    0.9999516743618128,
    0.24508501313237174,
    3.288749065460498e-06,
    2.4300240743279598e-05,
    0.9999994631249961,
    0.0019266466363569866,
    0.9982281230347732,
    0.9820137900379085,
    0.9999785550515791,
    0.9933071490757153,
    0.9619037968451192,
    0.679178699175393,
    2.212664707114516e-06,
    0.9959297695041576,
    0.998969631801036,
    0.9981757109937295,
    0.06735808722137153,
    0.803979126787543,
    0.9322919122028521,
    0.9491811310745956,
    0.9997546314552362,
    5.829126566113865e-05,
    0.9465966702001757,
    0.9998601779243527,
    0.6224593312018546,
    0.8807970779778824,
    0.0019011354303524106,
    0.9016001420344183,
    0.984350549050741,
    0.9999996709159643,
    0.9921882959825313,
    0.9999992661790195,
    0.029333077554292736,
    0.000519304864494927,
    0.02458883077766083,
    4.0063615816913e-05,
    0.9706852184587136,
    0.37265323134581496,
    0.8931979205745139,
    0.9999003935283228,
    0.00011592066963174604,
    0.34640870926855327,
    0.9399133498259924,
    0.5395537914041275,
    0.9669140216112958,
    0.9982993391161729,
    1.0129990980873921e-05,
    4.495181578513687e-06,
    0.9999766010056361,
    0.6702201283461529,
    0.9959299318676814,
    3.120191139396651e-05,
    0.9996430293649623,
    0.0019267346633274755,
    0.996071877648312,
    0.003631548119919002,
    0.002472477321638082,
    0.20099198067566415,
    0.8519528019683106,
    0.997199073032879,
    4.2647549525777727e-05,
    2.8536124195075383e-06,
    0.32195736688061727,
    1.1610718969034779e-07,
    0.9988304741384555,
    0.00027070025663721654,
    0.0675466911396291,
    1.209865683527418e-06,
    0.9999512961936178,
    8.286454724631496e-06,
    6.144174602214718e-06,
    1.473898197449493e-05,
    3.908597382916565e-05
  ]
}