{
  "overall": 0.5696507514060246,
  "per_tier": {
    "basic": 0.6917660626677258,
    "policy": 0.6099427816748173,
    "vs_human": 0.632780430386859,
    "extreme": 0.39824951140486115
  },
  "n_questions": 100,
  "all_scores": [
    9.610204893378267e-05,
    0.9968272869963065,
    0.9998977003403755,
    0.999983298578152,
    0.003172688874703976,
    0.22180962061670628,
    0.9989697181802613,
    0.8933094969468309,
    0.0002959568313500464,
    0.6750156697726171,
    0.0075338771105036085,
    0.9997090097100156,
    0.9999989950767407,
    0.9990302480322174,
    0.999999974890009,
    0.9999452402301955,
    0.9979836898957134,
    0.9998091655382287,
    0.24508501313237172,
    0.7968485005522817,
    0.9947798743064417,
    0.45639699263830735,
    0.033085978388704126,
    0.9992446044453378,
    8.023907195834368e-06,
    0.9999949062949968,
    0.9999516743618128,
    0.9995696784436287,
    0.29421497216298875,
    1.2219064367619983e-05,
    6.205043685074316e-05,
    0.9999986472627824,
    0.0024803175112333643,
    0.9959139546168411,
    0.9578983514658616,
    0.9999144829878959,
    0.9706877692486436,
    0.9324533088603709,
    0.5621765008857981,
    1.1326206286201992e-05,
    0.991564972336038,
    0.9941183793938662,
    0.9966225530935552,
    0.06806715436824433,
    0.7770636995094582,
    0.8662949750512048,
    0.8981411071693844,
    0.9995955185021579,
    0.000519304864494927,
    0.9188344270854063,
    0.9997031170753408,
    0.5926665999540697,
    0.7981867777396212,
    0.0015072268222585921,
    0.895301721950802,
    0.9578521742810572,
    0.9999934595877226,
    0.9796676466573412,
    0.9999974727595403,
    0.06770074383314717,
    0.0010987541001327107,
    0.05340332979982432,
    7.967300986103147e-05,
    0.9740420158751899,
    0.22270013882530884,
    0.8387966277170564,
    0.9996200183831873,
    0.00048788409525759213,
    0.26880831453665055,
    0.8209771232285911,
    0.7012082050047562,
    0.8219793434943833,
    0.9947798743064415,
    1.8925166294132194e-05,
    1.3007091253320263e-05,
    0.9999485577372011,
    0.5924888508283273,
    0.9840936082881853,
    6.205037767853533e-05,
    0.9987551436551738,
    0.004070137715896127,
    0.9924226726740674,
    0.007536815541950278,
    0.003381931178150004,
    0.4692846355745782,
    0.7772998611746911,
    0.9959507150790348,
    7.967300986103147e-05,
    8.39807203495153e-06,
    0.5,
    7.33820980525408e-07,
    0.9964173355112749,
    0.0008559479400570937,
    0.10669059394565118,
    2.5612822107586734e-06,
    0.9998911014285068,
    3.120191139396651e-05,
    2.282801896287599e-05,
    6.205049602300743e-05,
    0.00012858182081398938
  ]
}