{
  "overall": 0.5808617514528011,
  "per_tier": {
    "basic": 0.6893256771296425,
    "policy": 0.6159535129737398,
    "vs_human": 0.6833425657051319,
    "extreme": 0.3826771457352836
  },
  "n_questions": 100,
  "all_scores": [
    0.00018856304170703094,
    0.999704042886487,
    0.9999379493856323,
    0.9999984465022453,
    0.005911068856243796,
    0.06754669113962908,
    0.9998765741214957,
    0.9875491562395614,
    0.0005527881208337493,
    0.32859507470449534,
    0.006700945725822981,
    0.9997388081867473,
    0.9999998461823837,
    0.9987987656375312,
    0.9999999993060738,
    0.9999967214784327,
    0.9982112257253238,
    0.9999905070795281,
    0.7418610704636929,
    0.6513552978089822,
    0.998498817743263,
    0.26736706652038145,
    0.20181322226037882,
    0.9997040440151375,
    1.2219076020491005e-05,
    0.9999957722343957,
    0.9999938558253978,
    0.9999485578843709,
    0.13296424019782938,
    1.5689549727726036e-05,
    5.1442213742208984e-05,
    0.99999893229713,
    0.0075797516934105235,
    0.9989676548830021,
    0.9903403813006002,
    0.9999038977677835,
    0.9953904278206259,
    0.8932723162320999,
    0.8332424537259555,
    9.516233543549142e-06,
    0.9884505744950052,
    0.9993742398396585,
    0.9937585869788194,
    0.24523961383646897,
    0.9180167676068013,
    0.7057850278370112,
    0.9762216095242099,
    0.9996369374445062,
    0.0004878608430350776,
    0.9667064816600002,
    0.9996200147607599,
    0.93976581976122,
    0.5769717229817044,
    0.007575721068512201,
    0.9464926348396021,
    0.9700551311126598,
    0.9999996699819121,
    0.9933939639305779,
    0.9999988769754198,
    0.20181322226037882,
    0.0007022215887243519,
    0.005911068856243817,
    8.481104172358075e-05,
    0.9465966702001758,
    0.6523876308324047,
    0.9579122720843811,
    0.9996105144042112,
    0.0004878534025578099,
    0.5626078907219625,
    0.9446115602833072,
    0.2970659198547798,
    0.9740336232793287,
    0.997199041068413,
    3.321413159904037e-05,
    1.2549991173114458e-05,
    0.9999472711993975,
    0.7984521066136879,
    0.9859328815264471,
    8.368407755443926e-05,
    0.9961760831181122,
    0.009708696536020951,
    0.9878903309155461,
    0.013874526133244358,
    0.007577241267860811,
    0.13236005377375626,
    0.9255795292267942,
    0.99640639741858,
    0.0002034269780552065,
    7.411279871974134e-06,
    0.13296424019782938,
    1.8332854569183645e-07,
    0.9996646524271843,
    0.0015455554072755786,
    0.22356241289450615,
    1.808017071797484e-06,
    0.9998569041000037,
    1.3007153275305694e-05,
    2.5559297042476862e-05,
    3.120197090508939e-05,
    0.000104858874646972
  ]
}