{
  "overall": 0.6305061193638829,
  "per_tier": {
    "basic": 0.7934586134625293,
    "policy": 0.6274477036549866,
    "vs_human": 0.7454443555125478,
    "extreme": 0.40897183095538453
  },
  "n_questions": 100,
  "all_scores": [
    0.8545492622723452,
    0.7310585786300049,
    0.9998977001452742,
    0.9999989377227343,
    0.8933094060543487,
    0.3486451353339458,
    0.9996430293649623,
    0.9924227587321393,
    0.2211952329566328,
    0.05340332979982432,
    0.9972220831132632,
    0.999590644083263,
    0.9999992188501794,
    0.9942812609471742,
    0.9999999984441597,
    0.9999948730574373,
    0.9976769170501705,
    0.999983298578152,
    0.055242025484571425,
    0.7310585786300049,
    0.9522019671982253,
    0.3281046091580271,
    0.8928024410853368,
    0.9992903431270532,
    1.3311567382278125e-05,
    0.9999982038446642,
    0.9999877805976947,
    0.9998766054240137,
    0.13655418247663886,
    0.0002909886254138755,
    0.0002034269780552065,
    0.9999952149055051,
    0.06008309551613027,
    0.9986749775827868,
    0.3779177075824732,
    0.9998977001452742,
    0.9982992808269152,
    0.8399422923789401,
    0.9648069369507347,
    1.3007128466476033e-05,
    0.9883010597306391,
    0.8519528019683106,
    0.9919366813472588,
    0.9953423528765364,
    0.8933094060543487,
    0.8519528019683105,
    0.32082130082460697,
    0.9997610984408057,
    0.047425959345281335,
    0.9729271432955764,
    0.999704042886487,
    0.9153020865102834,
    0.3775406687981454,
    0.8805908570261706,
    0.9820137900379085,
    0.9792396045103804,
    0.9999952149237585,
    0.9947407345616572,
    0.9999987121047843,
    0.834715000729106,
    0.0008040859356292355,
    0.025957357197796904,
    0.002106137126173765,
    0.5670667950862001,
    0.9994472329543014,
    0.9875683491468141,
    0.9993333015031033,
    0.0011695102650555148,
    0.962393228395013,
    0.9399133498259924,
    0.4602088171801534,
    0.9875683491468141,
    0.9981363444771478,
    0.004458874539778082,
    7.484608476358251e-05,
    0.9994472224168341,
    0.46199087068023026,
    0.9047897958373122,
    0.00016865307561479852,
    0.9875565884642686,
    0.5417128578305775,
    0.9976766252699364,
    0.1480471980316895,
    0.005220125693558397,
    0.30412320743430943,
    0.8175744761936437,
    0.9579122720843811,
    0.009607555503345076,
    0.0001255004010402213,
    0.29421497216298875,
    5.203571051703427e-07,
    0.9997834538854172,
    0.01098580277620595,
    0.37754022056424097,
    1.3846004563753395e-05,
    0.9999756997592567,
    3.500854414401442e-06,
    0.00011591978533311642,
    6.605239680742169e-05,
    5.4759769804494653e-05
  ]
}