{
  "overall": 0.5736538790663022,
  "per_tier": {
    "basic": 0.6933939560530553,
    "policy": 0.6126249812795598,
    "vs_human": 0.6462833750672702,
    "extreme": 0.39521693026532684
  },
  "n_questions": 100,
  "all_scores": [
    0.0001795279693467774,
    0.998073280008113,
    0.999876604953358,
    0.9999756992494245,
    0.005198676613012143,
    0.2760695168111065,
    0.9993736658418905,
    0.9242505233155568,
    0.0006263520667056498,
    0.3585951816829095,
    0.009690814891328526,
    0.9998313459595045,
    0.999998629045408,
    0.9989012312459384,
    0.9999999677580721,
    0.9999379495039771,
    0.9982992128202607,
    0.9998415637808975,
    0.4996204376949805,
    0.7995389398493149,
    0.9964011894905068,
    0.5621765008857982,
    0.033084697023002936,
    0.9994472213630764,
    1.6701437775553823e-05,
    0.9999942280799698,
    0.9999599381416255,
    0.9996428360153063,
    0.26756139119771527,
    1.4739038198527707e-05,
    9.610278206656332e-05,
    0.9999982396567867,
    0.004330753528155762,
    0.9903587926555736,
    0.9706019011711685,
    0.9998511615174271,
    0.9746306693453958,
    0.9243590836322766,
    0.5299533329385157,
    2.01456908529364e-05,
    0.9878300587182953,
    0.9902920552966247,
    0.9966234004554969,
    0.14735616745018487,
    0.8670357598021706,
    0.9043193285088614,
    0.8846208839865144,
    0.9996200227300546,
    0.0008040568198148544,
    0.8670357598021706,
    0.9997694941571159,
    0.6946939994986695,
    0.7895216357579997,
    0.0010988148105374987,
    0.8677054259270344,
    0.9581755469715902,
    0.999995777158501,
    0.9841890452554916,
    0.9999966551253797,
    0.05355926114916844,
    0.0009667004117051912,
    0.060086650174007605,
    7.967270595741307e-05,
    0.9624903733116434,
    0.3713400918288096,
    0.8321159834615993,
    0.9997388101789547,
    0.001098691299791595,
    0.3825995461373706,
    0.7837415831265903,
    0.709348389211227,
    0.8933094060543487,
    0.9969789571545592,
    2.1810919608889553e-05,
    1.3846096994834657e-05,
    0.9999445801905726,
    0.4916375329391319,
    0.9744477545142721,
    0.00010229946452350465,
    0.9987879999218806,
    0.004070137715896127,
    0.9928772629622492,
    0.0038400951586709986,
    0.004331970922072316,
    0.4865816872104022,
    0.794584586688218,
    0.9940901750821958,
    0.00010230044003207052,
    8.39807203495153e-06,
    0.419607538708884,
    1.0677028700441467e-06,
    0.9947464491492171,
    0.0016779931921966959,
    0.0953494648991095,
    3.3236179002841033e-06,
    0.9998853629210023,
    1.7778551863194697e-05,
    1.9332944588331643e-05,
    3.803558112213367e-05,
    8.236997216158918e-05
  ]
}