{
  "overall": 0.6314870825683065,
  "per_tier": {
    "basic": 0.7081670585945934,
    "policy": 0.6354768305490285,
    "vs_human": 0.7476782902115013,
    "extreme": 0.4615160589204393
  },
  "n_questions": 100,
  "all_scores": [
    0.03707487255015314,
    0.9413340349693903,
    0.9997387822866699,
    0.9998976433549741,
    0.3757776010626101,
    0.30735639265297254,
    0.8253786962564822,
    0.8940804360017149,
    0.011681267041570718,
    0.6224593312018545,
    0.106773880100821,
    0.9998837204125431,
    0.9999451553590116,
    0.9770346163147239,
    0.9999996739747704,
    0.9933433043090376,
    0.997226438787718,
    0.9994637463574231,
    0.7064139835670645,
    0.3684775953303632,
    0.7892717642502416,
    0.7298568636118041,
    0.7549149868676283,
    0.9947780614470213,
    0.0014290348396697344,
    0.9999832985781519,
    0.9979025158560106,
    0.9821700095440319,
    0.6386922438765446,
    0.000686384322343063,
    0.02929931728975982,
    0.9999945561957815,
    0.28140560742914383,
    0.86303013904416,
    0.6940070667792337,
    0.9987001467231608,
    0.8740772351648677,
    0.9137096135659438,
    0.1650393646279442,
    0.0005884009671266035,
    0.9956405971283641,
    0.9867590731486264,
    0.9997301696548182,
    0.535310043718785,
    0.8134929113581205,
    0.9783765984011771,
    0.8429863850327464,
    0.9989677709300355,
    0.012430175686300443,
    0.8199403674794311,
    0.9913476621225741,
    0.9367268721998644,
    0.9670148586142812,
    0.37754066879814546,
    0.9940698360404127,
    0.9496693674025232,
    0.9996202841751226,
    0.9998687369754474,
    0.9996430239199257,
    0.1026434529989862,
    0.0376424081871773,
    0.26658507083267535,
    0.08035746882220708,
    0.9031159496926399,
    0.9856165623807908,
    0.9338384170318813,
    0.998589641503382,
    0.012401783187170706,
    0.9284089273289867,
    0.9820136215924414,
    0.9039458643678479,
    0.9820474143950878,
    0.9958936036680208,
    0.0672432692965555,
    0.00016417199196760927,
    0.9999296878891308,
    0.7185943925708561,
    0.9856395549787217,
    0.0049059922972254045,
    0.994090488827367,
    0.020332353342658753,
    0.9917388121026927,
    0.13682202243202027,
    0.17067504988165882,
    0.8186968777803278,
    0.6614626018097189,
    0.9867742910396015,
    0.0033049092780441437,
    0.002472449096500737,
    0.9830903509362675,
    0.0006263520667056498,
    0.9835495712345887,
    0.009160974982642529,
    0.42250277328522623,
    0.0002167911261787392,
    0.99998739305376,
    0.0007096906888143743,
    0.00048784968236170896,
    0.00011591912211357062,
    0.00030029438851373073
  ]
}