{
  "overall": 0.5831962775620914,
  "per_tier": {
    "basic": 0.6682346508953698,
    "policy": 0.567496184258051,
    "vs_human": 0.6788771445095786,
    "extreme": 0.44128989059511203
  },
  "n_questions": 100,
  "all_scores": [
    0.008478466071565272,
    0.7869373564506749,
    0.999920326990139,
    0.9999452381413506,
    0.10087862273005653,
    0.5257179072698932,
    0.5769922064682443,
    0.9191499365445298,
    0.0007377874002033601,
    0.5924114809508338,
    0.02366949601811419,
    0.9999546021312976,
    0.9999479527237708,
    0.9857868838549957,
    0.9999999317414974,
    0.959292599243698,
    0.9989169587283043,
    0.9994472213630764,
    0.26198056363910166,
    0.6245274794460501,
    0.5325723278621679,
    0.7635915506731246,
    0.41022410526775216,
    0.9978172295505044,
    0.000359594506177327,
    0.9999949062949968,
    0.9928785712542649,
    0.9149008064920429,
    0.7470548326447553,
    0.0001911061380509502,
    0.007501203292397932,
    0.9999975883704357,
    0.0601062581877761,
    0.860548695636975,
    0.30692695622246513,
    0.9997941119881375,
    0.7642598983688994,
    0.9579103496089768,
    0.03313562240821362,
    0.00015797039290705255,
    0.9956887767646474,
    0.9671860546403737,
    0.9998802375419558,
    0.2555137890817687,
    0.3865314010922594,
    0.993711504452779,
    0.6691492984854348,
    0.9995955123327095,
    0.00280092163974532,
    0.6317771341734681,
    0.9968272749317432,
    0.6331560079374098,
    0.9919393963815912,
    0.08460125944999096,
    0.9705034519297719,
    0.9770226300899744,
    0.9997213470003958,
    0.9998887324102546,
    0.9998549976241303,
    0.01822171379618429,
    0.012431112280162417,
    0.24508536602703912,
    0.03460354346438617,
    0.9820133857661858,
    0.859663290296629,
    0.9062687059588402,
    0.9993736706174298,
    0.004223550092449623,
    0.798186470494868,
    0.9508937985327787,
    0.9626903803625684,
    0.9783846672373524,
    0.9979468739685645,
    0.01169014442811276,
    4.326512110718006e-05,
    0.9999749348130889,
    0.5729286003648533,
    0.995094948077631,
    0.0008482007574630582,
    0.9957029099303429,
    0.00629152367889502,
    0.9960951006129638,
    0.025028487659714778,
    0.0899545573394144,
    0.9281759489790627,
    0.5147881280612414,
    0.9967936738767605,
    0.0007096676938492135,
    0.0005884076969176231,
    0.9933062867695419,
    0.00021654570164363903,
    0.9677970874835728,
    0.001096554041766817,
    0.20181322226037882,
    5.8328855021359643e-05,
    0.9999904936896585,
    0.00035131365054351876,
    0.00012460226413353213,
    6.402006410383949e-05,
    0.0001478424130925451
  ]
}