{
  "overall": 0.5810517272441806,
  "per_tier": {
    "basic": 0.7280580420116606,
    "policy": 0.6145425980597234,
    "vs_human": 0.645389858121798,
    "extreme": 0.3963821393112147
  },
  "n_questions": 100,
  "all_scores": [
    1.2219076020491005e-05,
    0.9989702245310789,
    0.9999928635938566,
    0.9999991684735583,
    0.0003799845147518645,
    0.3802050515473192,
    0.9998088953196891,
    0.9627780392104682,
    5.475987424484688e-05,
    0.7549149868676283,
    0.0011695124931126555,
    0.9999852610180255,
    0.9999998874646232,
    0.9997694945966691,
    0.9999999985833912,
    0.9999969104878738,
    0.9997775927678869,
    0.9999877809239794,
    0.5309049000286636,
    0.9324533088603709,
    0.9968147090547248,
    0.8175744761936437,
    0.0059271401400281575,
    0.9999653894199032,
    7.080304372681741e-07,
    0.9999993660635742,
    0.9999869925242055,
    0.9999296881573309,
    0.2677819834914624,
    7.33820980525408e-07,
    5.77192003016332e-06,
    0.9999998461826771,
    0.0007096690464736127,
    0.998498817743263,
    0.9399133498259924,
    0.9999910603036952,
    0.9823492870997174,
    0.9874030758443242,
    0.29399916251102376,
    7.33820980525408e-07,
    0.998498806307301,
    0.9980579687027696,
    0.9996200183831873,
    0.037469432955136134,
    0.816958637180636,
    0.9576506621925736,
    0.8510976999788435,
    0.9999516742696433,
    2.5829075411323822e-05,
    0.904027644954988,
    0.999962363552819,
    0.8670357598021706,
    0.957786442361671,
    9.572029852722976e-05,
    0.9149009549929797,
    0.9914207139872568,
    0.9999995549149481,
    0.9797205026489857,
    0.9999998555019962,
    0.008577485413711986,
    0.00021654281109196775,
    0.056891628758370394,
    1.13261846834432e-05,
    0.9924239060804192,
    0.0953494648991095,
    0.9355298965459856,
    0.9999684219313096,
    0.00010889691002655443,
    0.07585818002124356,
    0.9224797520361465,
    0.8495876927171129,
    0.6790352996800555,
    0.9991959155968083,
    2.222396989709146e-06,
    1.193785455744462e-06,
    0.999996452801349,
    0.5,
    0.9974741609853761,
    5.809594148933084e-06,
    0.9999038978594249,
    0.0009014785416088096,
    0.9978170883025769,
    0.0005884166700919792,
    0.0006263341581094201,
    0.6285561557036496,
    0.6513548646660542,
    0.9993376170276935,
    3.951203626673746e-06,
    1.0677028700441467e-06,
    0.5619112362565097,
    3.43212879853116e-08,
    0.9989658121212462,
    0.00024125326613758178,
    0.02595750187195334,
    2.238028685224453e-07,
    0.9999852610180255,
    1.209865683527418e-06,
    1.7603432133424858e-06,
    3.7266392841865614e-06,
    6.540437226933636e-06
  ]
}