{
  "overall": 0.5960455669471952,
  "per_tier": {
    "basic": 0.7018525910703534,
    "policy": 0.6388562975434897,
    "vs_human": 0.6860334536126989,
    "extreme": 0.4069791771353899
  },
  "n_questions": 100,
  "all_scores": [
    0.0008092961656724295,
    0.9948398285309719,
    0.9999695117298937,
    0.9999995818812769,
    0.3218474535330177,
    0.5366311613466472,
    0.7559035054054571,
    0.9769875353057234,
    0.0010461544918341419,
    0.4753803194442865,
    0.033185950320373706,
    0.9999452401257551,
    0.9999998642569454,
    0.9989567874564564,
    0.9999999991391479,
    0.9999985433935482,
    0.9994472160942575,
    0.999979854309147,
    0.017986209962091555,
    0.9241378085145637,
    0.9506921239664854,
    0.710022341011397,
    0.2429566376906126,
    0.9999485577862578,
    4.495181578513687e-06,
    0.9999986651922569,
    0.9999706884055346,
    0.9999485577862579,
    0.2018132222603788,
    3.3566304505461634e-05,
    6.494376279747725e-05,
    0.9999972735297293,
    0.0012500760664319605,
    0.9986585008501581,
    0.7549149868676283,
    0.9999785550515791,
    0.9963922529273814,
    0.9706448656574427,
    0.9498261243196868,
    9.516251694168764e-06,
    0.995390419069084,
    0.9615854145623521,
    0.9992445886083146,
    0.13237297776143153,
    0.9046505351008906,
    0.962305667405793,
    0.43822164412060566,
    0.9999423201930588,
    0.004064126975509672,
    0.9399133498259924,
    0.9999339478551453,
    0.7927348304129219,
    0.8246633445478362,
    0.023160875337538633,
    0.9902915235185259,
    0.9933071490757152,
    0.9999995818820745,
    0.9941066802119964,
    0.9999993524052018,
    0.08485952249443898,
    0.00011688434145448342,
    0.06568099480033429,
    0.00013135104556512975,
    0.9669140216112959,
    0.9578144270000628,
    0.991422514586288,
    0.9998511615174271,
    0.00043055708132461493,
    0.7058773027174511,
    0.8520165423153347,
    0.8519528019683105,
    0.965572392914282,
    0.9996023058835032,
    3.5356318176120825e-05,
    1.3661980721857623e-05,
    0.9999869928715335,
    0.20181322226037882,
    0.9740593232907137,
    1.7778551863194697e-05,
    0.9980731332886903,
    0.0029810327298548972,
    0.9984233068420091,
    0.012431440104476332,
    0.0013209047169263173,
    0.7981867777396212,
    0.8806973127328748,
    0.9972223367211089,
    0.0002780314940325593,
    4.785094494890118e-06,
    0.4064302945687952,
    2.8736855324366057e-07,
    0.9990917794692076,
    0.001926723659736646,
    0.11920292202211755,
    3.0894944480071384e-06,
    0.999992588720128,
    1.1174926199371777e-06,
    2.01456908529364e-05,
    1.5689519802782863e-05,
    1.7778551863194697e-05
  ]
}