{
  "overall": 0.583874690781175,
  "per_tier": {
    "basic": 0.7290764931805757,
    "policy": 0.6228734429267223,
    "vs_human": 0.6294221301673162,
    "extreme": 0.4155268816984021
  },
  "n_questions": 100,
  "all_scores": [
    4.7660574524570965e-06,
    0.9996646498695336,
    0.9999916019279651,
    0.9999987121047844,
    0.00026119330741807765,
    0.6154318972324533,
    0.9997041196249202,
    0.8902536079759504,
    2.420356643042532e-05,
    0.5367549455920131,
    0.0009110511944006454,
    0.999979854309147,
    0.9999998144605442,
    0.9995387031465798,
    0.9999999982357639,
    0.9999938557668024,
    0.9998766054240138,
    0.9999724525947206,
    0.5926665999540697,
    0.9465012312665501,
    0.9986765011616535,
    0.9463144249222437,
    0.03311460804725168,
    0.9999296881573309,
    1.4080856744608135e-06,
    0.9999997139297228,
    0.9999877810871187,
    0.9999516771268151,
    0.3486451353339458,
    2.1458894805299974e-06,
    1.0129990980873921e-05,
    0.9999996743687809,
    0.0005536433944343535,
    0.991422514586288,
    0.9875549945391537,
    0.9999916712699907,
    0.9861198098107631,
    0.9796500107076808,
    0.18554044777737635,
    2.8783477600798727e-06,
    0.9994193916499673,
    0.9995118777382279,
    0.999704042886487,
    0.014090019076093302,
    0.46879062662624377,
    0.977023186728469,
    0.9276355854765788,
    0.9999706884614404,
    3.120191139396651e-05,
    0.9046505351008906,
    0.9999667858684009,
    0.7240840776941091,
    0.8773865318423373,
    0.0008041027926348506,
    0.8174640742306583,
    0.9940889311437562,
    0.9999994968785677,
    0.9902915235185259,
    0.9999997463981333,
    0.03317059340610138,
    0.0001488384825728813,
    0.22363360356952233,
    1.7631757536523112e-05,
    0.991401776930086,
    0.22270013882530884,
    0.5801411405207476,
    0.99996557605934,
    0.0006263341581094201,
    0.2688784247744024,
    0.8670674205128397,
    0.7981867777396212,
    0.9398783313140625,
    0.9993332976907564,
    1.3709572068578445e-06,
    1.459376221076886e-06,
    0.9999963806171652,
    0.5102796372553204,
    0.9890127879321906,
    8.398088052883498e-06,
    0.9997546220972873,
    0.0007603325492672518,
    0.9985047298939344,
    0.0010354122932070072,
    0.0007096825728592994,
    0.7057850278370112,
    0.8344611689377301,
    0.9989677689632451,
    1.664945196230222e-05,
    7.811483306372579e-07,
    0.6292443513249617,
    1.275190428876251e-07,
    0.9994472213630764,
    0.0003353494910519745,
    0.06008665017400762,
    4.1540808013129943e-07,
    0.9999822214481368,
    3.2756650712178334e-06,
    3.7266392841865614e-06,
    4.000013765341502e-06,
    4.495190152361761e-06
  ]
}