{
  "overall": 0.5977891549910541,
  "per_tier": {
    "basic": 0.6763697223184439,
    "policy": 0.5861945116561977,
    "vs_human": 0.7017702008879411,
    "extreme": 0.44915082643247833
  },
  "n_questions": 100,
  "all_scores": [
    0.01589299172195544,
    0.7772998611746911,
    0.9998365284392713,
    0.999969997099001,
    0.23464667845489265,
    0.5618755519383837,
    0.3923363754388046,
    0.8740772351648677,
    0.0014233223836331705,
    0.7059267994503986,
    0.024433044626218786,
    0.999951582658549,
    0.999945350408119,
    0.9783905153023413,
    0.9999998201758521,
    0.9876638531010735,
    0.9990302480322174,
    0.9992686708944007,
    0.25683162733335196,
    0.7185943925708562,
    0.5158819158958203,
    0.8267117940706734,
    0.7126495120075416,
    0.9978172835546548,
    0.0004308863755497235,
    0.9999938558253978,
    0.997092387294607,
    0.9339319237639433,
    0.7662933015031148,
    0.000445121226396707,
    0.00801061451076427,
    0.9999975175152279,
    0.05901410385315262,
    0.7431680086124811,
    0.32187284842635966,
    0.9997388096809042,
    0.8354832749366806,
    0.96036116089903,
    0.0446808702726502,
    0.0003150428990046274,
    0.9959298622841039,
    0.9720777679023657,
    0.9998415637808975,
    0.13264067872929589,
    0.6432063036811813,
    0.9919390761157363,
    0.679178699175393,
    0.9995213782346414,
    0.0040824416717428645,
    0.6513548646660542,
    0.9968125220516064,
    0.9274196762577059,
    0.9867919530021912,
    0.06371499425196533,
    0.9820137900379085,
    0.9688561694652216,
    0.9997546305194572,
    0.999946375367619,
    0.9997746981821036,
    0.02594544838435484,
    0.006236824561286178,
    0.32130317388779983,
    0.031143830534778462,
    0.9859420579274625,
    0.9017371210630494,
    0.9316469945388298,
    0.9993332011040342,
    0.00433150202056399,
    0.8782137094656723,
    0.9724147177732099,
    0.904948892157342,
    0.9669140216112958,
    0.996406390588952,
    0.011689879992783528,
    7.031157447012601e-05,
    0.9999756997592567,
    0.6272705156805506,
    0.9959723108493669,
    0.002075151266839131,
    0.9978236839709311,
    0.005555504231494554,
    0.9953904278206258,
    0.0446808702726502,
    0.1824258082808101,
    0.8912231471795287,
    0.5163777867519536,
    0.9956682182898813,
    0.0015011822567369915,
    0.000487857122782266,
    0.9953289906848137,
    0.00016865275398914432,
    0.9688561694652216,
    0.0022286717336925848,
    0.3708437583436666,
    3.024195853395102e-05,
    0.9999938558136787,
    0.0002611903190957194,
    0.0001795279693467774,
    7.967300986103147e-05,
    9.640126419893949e-05
  ]
}