{
  "overall": 0.5746187578346734,
  "per_tier": {
    "basic": 0.6886748087934496,
    "policy": 0.6060420783037298,
    "vs_human": 0.6542657434903175,
    "extreme": 0.39798552456047437
  },
  "n_questions": 100,
  "all_scores": [
    9.648624175659476e-05,
    0.9988304897349445,
    0.9998766054240138,
    0.9999810610579917,
    0.0018104350595109014,
    0.25808743074558504,
    0.9993736634541073,
    0.9038583034300132,
    0.0005865666082844651,
    0.4075783870186782,
    0.008061991528271641,
    0.9997587490340668,
    0.9999971019915993,
    0.9989677217591548,
    0.9999999634651793,
    0.9999096129671079,
    0.998052886181718,
    0.9998764695653576,
    0.36228281403789336,
    0.8365094365637562,
    0.9978214047030793,
    0.5939980224135977,
    0.0675466911396291,
    0.998908419529982,
    1.3007128466476033e-05,
    0.999996439400269,
    0.9999451069068443,
    0.9995124088018131,
    0.2076678501067465,
    2.1444825714917332e-05,
    0.00013835497265104373,
    0.9999982396567867,
    0.002050743539917378,
    0.9876677218073214,
    0.9820122402811956,
    0.9998677902035851,
    0.9770245568594341,
    0.9520219495691066,
    0.3546176954384345,
    1.1478790020862606e-05,
    0.9961755163553628,
    0.995929862284104,
    0.9971992168684751,
    0.08484574819884523,
    0.7772998611746911,
    0.9043051345558072,
    0.9525741268224334,
    0.9996416012895388,
    0.0003357378398991077,
    0.8933094060543487,
    0.9997388081867473,
    0.8681077738123446,
    0.731225799097599,
    0.002322844247739138,
    0.8931418663269609,
    0.957913348633937,
    0.9999925887201281,
    0.9875683491468141,
    0.9999972735297293,
    0.0953494648991095,
    0.0010342213780821644,
    0.16451646289656308,
    8.551774604285738e-05,
    0.9740566242663252,
    0.2689264213343461,
    0.8519528019683106,
    0.9997388111750526,
    0.0012449025883602492,
    0.34864513533394575,
    0.8807970779778823,
    0.6512413726044748,
    0.8670357598021706,
    0.9964066979094077,
    2.4045283725998483e-05,
    1.473898197449493e-05,
    0.9999516746383201,
    0.5312093733737563,
    0.9669126791767736,
    0.00010261973494947128,
    0.9985385199444139,
    0.006692800203828541,
    0.9928785173087953,
    0.005220155407517232,
    0.00856542620099901,
    0.45611875828525006,
    0.852803842640416,
    0.9953907253632076,
    0.0001490309115722821,
    1.147874623333985e-05,
    0.493482958813487,
    1.011364886259958e-06,
    0.995893907863304,
    0.0020508450324210063,
    0.11878481521754827,
    5.051641844286778e-06,
    0.9999141673855224,
    2.753569111458347e-05,
    2.041712492860161e-05,
    5.475966536434161e-05,
    6.205049602300743e-05
  ]
}