{
  "overall": 0.5876507768402043,
  "per_tier": {
    "basic": 0.7141569112289103,
    "policy": 0.640903284162236,
    "vs_human": 0.6400002994829863,
    "extreme": 0.4154621597235971
  },
  "n_questions": 100,
  "all_scores": [
    7.806502348517154e-06,
    0.9997388096809043,
    0.9999987901320089,
    0.9999996310115038,
    0.00021654322402555896,
    0.5045341202464726,
    0.9997695679903064,
    0.8807970779778823,
    1.836028944005186e-05,
    0.9146285067812046,
    0.0008213944518169222,
    0.9999942280799698,
    0.9999999436388877,
    0.9999516742696433,
    0.9999999997030626,
    0.9999974466829844,
    0.999968449564087,
    0.999988521231873,
    0.020332353342658753,
    0.9623749997771259,
    0.9989717851945752,
    0.9046505351008904,
    0.03293006577488477,
    0.9999934519237302,
    3.6855802835572923e-07,
    0.9999999515993191,
    0.9999942280909788,
    0.9999251540579832,
    0.3790860729208221,
    2.8736855324366057e-07,
    2.9648261581282812e-06,
    0.9999999706435025,
    0.0019266466363569866,
    0.9971990730328789,
    0.9912781008219952,
    0.9999988634362893,
    0.987617195087335,
    0.9939297836896902,
    0.5305609742378089,
    2.1024294002903063e-07,
    0.9997751175421766,
    0.9991859378536596,
    0.9998633755558679,
    0.007577241267860811,
    0.7531192766007495,
    0.9820046917662426,
    0.9496441995134701,
    0.9999887138391156,
    2.5735987222359904e-05,
    0.8930684835064615,
    0.9999931302780142,
    0.7310585786300049,
    0.9669140216112959,
    0.0002034269780552065,
    0.679178699175393,
    0.9974604040868327,
    0.9999998642566865,
    0.9861898364980843,
    0.9999999687501115,
    0.02297736991002561,
    3.120191139396651e-05,
    0.06851350914914689,
    1.7603432133424858e-06,
    0.9947798743064415,
    0.29116230627996537,
    0.9291262948533678,
    0.9999911296862437,
    4.539795528814878e-05,
    0.20263080485256166,
    0.7454986315446376,
    0.8807970779778824,
    0.783501938152605,
    0.9998396542913301,
    1.1365637106678682e-06,
    4.0930255316856463e-07,
    0.9999995262103457,
    0.46879062662624377,
    0.9969307175049873,
    1.2662848451818292e-06,
    0.9999151892817768,
    0.0004707389171187747,
    0.9994322604900832,
    0.0007934179451634958,
    0.00035696859317028697,
    0.8525635338125161,
    0.82471822011829,
    0.9997388076886932,
    1.9947297215270572e-06,
    2.3823645559304003e-07,
    0.6455656230339484,
    3.293714099457528e-09,
    0.9993742267187661,
    8.183039660455311e-05,
    0.010989699489128759,
    7.265816444958577e-08,
    0.9999955048184215,
    2.2380244165285265e-07,
    3.6120825276328945e-07,
    9.422445939071363e-07,
    2.5813163856538216e-06
  ]
}