{
  "overall": 0.5866882505839017,
  "per_tier": {
    "basic": 0.7376171373864768,
    "policy": 0.6480260058767193,
    "vs_human": 0.6192843809107933,
    "extreme": 0.4125810255267485
  },
  "n_questions": 100,
  "all_scores": [
    4.50920448610956e-06,
    0.9997388096809043,
    0.9999987618140486,
    0.9999991684735583,
    7.031197676904496e-05,
    0.7516481568828648,
    0.9999544872602565,
    0.8555718451561801,
    1.670142184809518e-05,
    0.9046426376576453,
    0.0011696216731063992,
    0.9999977423126274,
    0.9999999468421502,
    0.9999673431085638,
    0.9999999996528444,
    0.9999974387324448,
    0.9999706884614404,
    0.999981074851754,
    0.2689414213699951,
    0.9706720811960478,
    0.9995126179063966,
    0.9316916788765232,
    0.017995982359506744,
    0.9999923187458878,
    3.3749258682489066e-07,
    0.9999999397643802,
    0.9999951958382395,
    0.9999152022207809,
    0.4073334000459303,
    6.825602910446288e-08,
    1.2878952156558145e-06,
    0.9999999623054395,
    0.0014989624699107325,
    0.9902915235185259,
    0.9975088948970546,
    0.999999325178215,
    0.9901103068800536,
    0.992424307611585,
    0.632248677753325,
    1.2751879966461596e-07,
    0.9998434505347175,
    0.9982992775885648,
    0.999893593357258,
    0.03295923383321059,
    0.6654559948542239,
    0.9840986532409448,
    0.9553783618097362,
    0.9999904837483058,
    5.422218970016178e-06,
    0.8807970779778823,
    0.9999930377437498,
    0.5621765008857981,
    0.9590439973632546,
    6.205037767853533e-05,
    0.6218369809954083,
    0.9959298622841039,
    0.9999998714190251,
    0.9626731126558706,
    0.9999999804443566,
    0.005892772269113835,
    3.321419494792514e-05,
    0.09549615660051458,
    2.5612822107586734e-06,
    0.9924227587321391,
    0.0953494648991095,
    0.8396625942836938,
    0.9999949062949968,
    4.2647549525777727e-05,
    0.13296424019782924,
    0.7982331676866569,
    0.8807970779778824,
    0.8385948435570145,
    0.9998511618012714,
    7.811483306372579e-07,
    2.1024334103591293e-07,
    0.9999998024950333,
    0.4378234991142019,
    0.9990889331804834,
    1.1365637106678682e-06,
    0.9999684219313096,
    0.0007617264254475176,
    0.998967753228788,
    0.000379988861701995,
    0.00029595824216788847,
    0.7556880590722155,
    0.7285997266146178,
    0.9995193079590212,
    1.2128138091397599e-06,
    2.1024334103591293e-07,
    0.7310585786300049,
    2.330817931486294e-09,
    0.9992903296008995,
    4.0063768641647224e-05,
    0.006700539485426733,
    5.315795110913036e-08,
    0.9999984465022455,
    2.3823690999334297e-07,
    2.1908223950847914e-07,
    1.209865683527418e-06,
    1.2736679480541324e-06
  ]
}