{
  "overall": 0.7141489876266046,
  "per_tier": {
    "basic": 0.7420263009759125,
    "policy": 0.8165685200594698,
    "vs_human": 0.6015675579658447,
    "extreme": 0.7398658534325823
  },
  "n_questions": 100,
  "all_scores": [
    0.994734094696226,
    0.13296424019782924,
    0.9999999998837179,
    0.9999999999610503,
    0.0009110511944006454,
    0.9940889311437562,
    0.9993332976907565,
    0.9980732653366725,
    3.679945237422544e-12,
    0.8519528019683106,
    0.999999999968703,
    0.9999999999483999,
    0.9999999999065647,
    0.999704042886487,
    0.0015011822567370103,
    0.8670357598021706,
    0.9999822214481369,
    0.0002453694805426224,
    0.9999997617630899,
    0.9999999999810174,
    0.9465966702001758,
    0.9990889488055994,
    0.9046505351008904,
    0.9999999998597371,
    0.9999998257021421,
    2.873680051323236e-07,
    0.3775406687981454,
    0.9999999987101655,
    0.9968273171575148,
    0.9999898700090192,
    0.9999952149055051,
    0.9999999999983151,
    0.10669059394565128,
    0.9999904837483059,
    0.9999999999996061,
    8.152005099284245e-09,
    0.9999999918479795,
    0.9999999918479795,
    0.9999999950555495,
    0.9999999999771025,
    1.012999098082279e-05,
    0.9999999913222358,
    0.9999999999932316,
    0.9999999997687454,
    2.406102339591598e-06,
    0.9999999999272324,
    0.000487857122782266,
    0.9999999990263782,
    0.999999999445248,
    0.9991959140643708,
    0.9999998257021421,
    0.9999999999969011,
    0.2018132222603788,
    0.02595735719779685,
    1.3440409674103648e-08,
    0.13296424019782924,
    0.9999999999634102,
    0.9999999940358657,
    2.2603286091244004e-06,
    0.9999999999981783,
    9.5162516940972e-06,
    0.9999999559306784,
    0.9999999923418853,
    6.286162701485409e-10,
    0.005220125693558397,
    0.99999998813888,
    0.9999992661790194,
    0.5621765008857982,
    0.9999852610180255,
    0.11920292202211755,
    0.9999998802067159,
    1.147874623333985e-05,
    0.999999607214549,
    2.3588653585981945e-08,
    0.9999964991455856,
    0.9999999999396736,
    2.2603242979035742e-06,
    0.0002611903190957194,
    0.9706877692486436,
    0.9999988634362894,
    0.9875683491468141,
    0.9999999997614042,
    0.9999667858050522,
    5.422208628020178e-06,
    0.9999999995254956,
    0.9999995818820745,
    0.999966785805052,
    8.85158618716305e-07,
    0.9399133498259924,
    0.9990889488055994,
    0.9999999434136558,
    0.4687906266262437,
    0.9999999123575255,
    0.8807970779778823,
    0.9998601779243527,
    0.9999999999585383,
    0.9525741268224334,
    7.967300986103147e-05,
    0.9999999873739275,
    0.9964063974185798
  ]
}