{
  "overall": 0.7117656162926189,
  "per_tier": {
    "basic": 0.798533730746565,
    "policy": 0.7223042075894417,
    "vs_human": 0.6731379142494717,
    "extreme": 0.6855221811685871
  },
  "n_questions": 100,
  "all_scores": [
    0.17665592617624326,
    0.46879062662624377,
    0.9998988303230185,
    0.9999998344333109,
    0.7981867777396212,
    0.9796676466573412,
    0.998589642846507,
    0.9999097196098496,
    2.510999097538047e-08,
    0.9866326822656774,
    0.9999987121047844,
    0.9999997991236508,
    0.9999987121047844,
    0.9998977001452741,
    0.0036140123853175554,
    0.9982986945851761,
    0.9984823202017257,
    0.5621765008857981,
    0.9998766054240137,
    0.9999998461829706,
    0.03732685307520189,
    0.9999546050751137,
    0.49036908075233665,
    0.9999998888053961,
    0.9999793500880915,
    0.34864513533394575,
    0.08509911925745928,
    0.9999996940971897,
    0.4073310977551291,
    0.9999646438166926,
    0.999620015485248,
    0.9999999850397621,
    0.0758609880257336,
    0.9990889401250125,
    0.9999999726948671,
    0.003172936205517885,
    0.9999706884614404,
    0.9999971742161989,
    0.9997040400648418,
    0.9999999434136558,
    0.0004583120268740748,
    0.9999981382763911,
    0.999999853887628,
    0.9999995262094421,
    0.00015843621910249794,
    0.9999998219468347,
    0.1650787936952688,
    0.9999989322971299,
    0.9999992188516693,
    0.9968273171575148,
    0.9981897889737974,
    0.9999999821943161,
    0.00789022239911552,
    0.7210109848883977,
    1.892514824597402e-05,
    0.9941186024360468,
    0.9999987901354704,
    0.9999993892109873,
    0.03641303756891092,
    0.99999998885753,
    0.00043046022968717956,
    0.9999038975845005,
    0.9999877806559604,
    5.715004469664109e-07,
    0.7057850278370112,
    0.997949389173486,
    0.9998601776577002,
    0.07585844744613202,
    0.7364565055056917,
    0.7577471075128595,
    0.9999980052702785,
    0.08250280035838611,
    0.9999251537724895,
    1.012999098082279e-05,
    0.9996430293649623,
    0.9999994690568251,
    0.22397554344499346,
    0.14763581122987107,
    0.042087266534013956,
    0.9999861539954363,
    0.3486451353339458,
    0.9999995262103458,
    0.9994115945463546,
    0.02595735719779685,
    0.9999997463981333,
    0.9999546021312976,
    0.9933071490757152,
    0.012437623532845131,
    0.25119502932948146,
    0.9970811292564257,
    0.9999987121047844,
    0.07120310548826903,
    0.9999796286581393,
    0.9770226300899744,
    0.4999985694885254,
    0.9999999006882562,
    0.995929862284104,
    0.9046505351008906,
    0.9999978137016137,
    0.9931324214224773
  ]
}