{
  "overall": 0.7281676641200105,
  "per_tier": {
    "basic": 0.8043790091149559,
    "policy": 0.7365436313604903,
    "vs_human": 0.7014375295108497,
    "extreme": 0.6985062572388882
  },
  "n_questions": 100,
  "all_scores": [
    0.1329558846680451,
    0.3434501045157283,
    0.9996849613059187,
    0.9999995262094421,
    0.9371897428836139,
    0.995929862284104,
    0.9992445670118392,
    0.9999151845909005,
    4.8941518837608555e-08,
    0.9971895689247409,
    0.999997739675702,
    0.9999991148430695,
    0.999997739675702,
    0.9997965571163064,
    0.011028679459869628,
    0.993307161755865,
    0.9990300983439051,
    0.6791795303782617,
    0.9996849607052187,
    0.9999991490093642,
    0.060086650174007605,
    0.9998977058030621,
    0.183157190407489,
    0.9999996310115038,
    0.9999268650032849,
    0.7310585786300049,
    0.11238111340907853,
    0.9999965408554452,
    0.5852020898066965,
    0.9999296881573309,
    0.9994805139373838,
    0.999999931743971,
    0.048196321369910144,
    0.9971990730328789,
    0.9999998724807138,
    0.01495624356623088,
    0.9999646437492582,
    0.9999928491646922,
    0.999447218201791,
    0.999999906705072,
    0.0011713721698047852,
    0.9999962733251758,
    0.9999998024946565,
    0.9999981956243341,
    0.00036998427789125543,
    0.999999607214549,
    0.41263647180193447,
    0.9999957771665553,
    0.9999988722574277,
    0.9991440455351432,
    0.9933071490757152,
    0.9999999384664655,
    0.012431650853185872,
    0.7549149868676283,
    4.006453277405342e-05,
    0.999541687099365,
    0.9999983263704302,
    0.9999970976880148,
    0.1955601754172286,
    0.9999999607203371,
    0.0010322310367547605,
    0.999937951160779,
    0.9999379384969547,
    4.737905578977575e-07,
    0.8354835371034369,
    0.9947799040202322,
    0.9998415547162813,
    0.16451593856405722,
    0.9241418199787564,
    0.7543530974990633,
    0.9999955048184215,
    0.22683949437196405,
    0.9999599363841832,
    4.264746818560816e-05,
    0.9992903296008995,
    0.9999983463104141,
    0.5873981987299947,
    0.14568583510535155,
    0.01427736987564765,
    0.9999724642563667,
    0.4687906266262437,
    0.9999987121072409,
    0.9995164955634872,
    0.032848648992627204,
    0.9999986290375632,
    0.9998923032666677,
    0.9706877692486436,
    0.044168986303335434,
    0.26378641365797906,
    0.9973591686494723,
    0.9999902787564232,
    0.06600008435638915,
    0.9999339493668419,
    0.9380685220664673,
    0.22269980865430472,
    0.9999996310107999,
    0.9964109362584611,
    0.983338773102477,
    0.9999866076531351,
    0.9982512455666556
  ]
}