{
  "overall": 0.8599275021410461,
  "per_tier": {
    "basic": 0.8757507657449711,
    "policy": 0.897750157804381,
    "vs_human": 0.8229283900331621,
    "extreme": 0.8611626680707567
  },
  "n_questions": 100,
  "all_scores": [
    0.20126013492282668,
    0.9994351772491419,
    0.9999378936201846,
    0.999999428498463,
    0.9770046821496274,
    0.9999919407311285,
    0.9999691279285436,
    0.999979854309147,
    1.0348531402915029e-06,
    0.9929965529024547,
    0.9999998310644004,
    0.9999978766215375,
    0.9999986712201216,
    0.9999947445742214,
    0.3486438359059123,
    0.995929862284104,
    0.9999810750322339,
    0.9998977001452741,
    0.9999968331297557,
    0.9999990577572032,
    0.920644318633688,
    0.9999989869767244,
    0.002323162522631206,
    0.9999996640321399,
    0.9999950630110505,
    0.9844733293818181,
    0.983963600991359,
    0.9999977619917586,
    0.9976768153733301,
    0.9999910601161326,
    0.9999764482349596,
    0.9999998724812003,
    0.6924478553986517,
    0.9999594894967928,
    0.9999997962251652,
    0.375064708125913,
    0.999999142076462,
    0.9999942279918972,
    0.9984987662807491,
    0.999999086745198,
    0.6373301952673671,
    0.9999203269901391,
    0.9999997126314468,
    0.9999994796428949,
    0.009370198197880542,
    0.9999972858370155,
    0.994785447648537,
    0.9999706843800413,
    0.9999251503464791,
    0.9999930376773528,
    0.998589641503382,
    0.9999995111697226,
    0.8796752959572381,
    0.9681240203316581,
    0.004609572179374077,
    0.9999847933626581,
    0.9999831212629262,
    0.999967484006206,
    0.9883127420043056,
    0.9999995947469783,
    0.20153346746845446,
    0.9999983626528243,
    0.9999991148278747,
    1.8738718094990503e-06,
    0.986777875066823,
    0.9989677689632451,
    0.9999944054275351,
    0.03119411279002071,
    0.9890058839664746,
    0.9998415408161963,
    0.9999972735141284,
    0.9877768386359189,
    0.9999968124347834,
    0.012228090521735457,
    0.999993252038505,
    0.9999961143028945,
    0.6278540684671807,
    0.904226373442908,
    0.22094561692315273,
    0.9998670825858955,
    0.9976573803302997,
    0.9999991148413813,
    0.9999546006593178,
    0.1824394634598734,
    0.9999927449052903,
    0.9999918601986987,
    0.9755778188421663,
    0.9611427085839767,
    0.9399373668667753,
    0.9999093158068761,
    0.9999923879353928,
    0.9059693492823809,
    0.9999993048995368,
    0.9970180033985979,
    0.12273992213521356,
    0.9999994796428949,
    0.999704042886487,
    0.9999873933182581,
    0.9999977396800133,
    0.9999885215821677
  ]
}