{
  "overall": 0.7399331332867716,
  "per_tier": {
    "basic": 0.8349893687506207,
    "policy": 0.7295782137094626,
    "vs_human": 0.7135672959582535,
    "extreme": 0.7098314266909297
  },
  "n_questions": 100,
  "all_scores": [
    0.10188960739217479,
    0.8354835371034369,
    0.9994472213630764,
    0.9999997300422225,
    0.9465967184097406,
    0.9968384091213203,
    0.9998585469751694,
    0.9999838849965484,
    4.691163790759845e-08,
    0.9986749775827868,
    0.9999986843566696,
    0.9999997328746747,
    0.9999987121072409,
    0.9998766054240137,
    0.005754072510613661,
    0.9986773101661184,
    0.9992445943672705,
    0.8175744761936437,
    0.9998909809046131,
    0.9999995262094421,
    0.03369200165422315,
    0.9999667844746977,
    0.03484539656066232,
    0.9999998802071729,
    0.9999379495039771,
    0.9820137900379085,
    0.07185476478761421,
    0.9999975939022496,
    0.22270013882530892,
    0.9999623619735571,
    0.9995955185021579,
    0.999999979183126,
    0.08509904500702026,
    0.9988304897349445,
    0.9999999006878774,
    0.1639080934415875,
    0.999968797374465,
    0.9999959653138357,
    0.9991958956748925,
    0.9999999273419742,
    0.0004044398565251628,
    0.9999945777810301,
    0.9999998724812003,
    0.9999991049538801,
    0.0002781513349997544,
    0.9999996743681597,
    0.6600431425578195,
    0.9999979841154386,
    0.9999993106402694,
    0.9992577429421343,
    0.9890130573694068,
    0.9999999611088859,
    0.010494398051151599,
    0.8512296303376412,
    3.655305867145131e-05,
    0.9995694429186754,
    0.999998629042793,
    0.9999989268417672,
    0.24508501313237172,
    0.999999974890009,
    0.0009100031871783765,
    0.9999787801730539,
    0.9999843104502723,
    2.38237364391658e-07,
    0.8933094060543487,
    0.9856063107621038,
    0.9998311606001234,
    0.027807325082904066,
    0.7772998611746912,
    0.9668918952427368,
    0.9999987901343165,
    0.2720944324911145,
    0.999974404163681,
    2.144494842082345e-05,
    0.9995121428772178,
    0.9999989969878249,
    0.851864730832976,
    0.27179383350192876,
    0.006959335371355291,
    0.999983298578152,
    0.26894104636265825,
    0.9999996118928051,
    0.9997693952363274,
    0.13296424019782924,
    0.9999990577554062,
    0.99995167288708,
    0.9755717740623688,
    0.1486955070882959,
    0.2450839544504283,
    0.9971990730328789,
    0.9999940717872913,
    0.03732688734412937,
    0.9999703599210856,
    0.9855805824393995,
    0.10669059394565128,
    0.9999998724809571,
    0.9986159364899174,
    0.9971990730328789,
    0.9999921107524613,
    0.9991965696810545
  ]
}