{
  "overall": 0.7438692394707078,
  "per_tier": {
    "basic": 0.8128981905830406,
    "policy": 0.7623954194903451,
    "vs_human": 0.7039979827646144,
    "extreme": 0.7253704087554881
  },
  "n_questions": 100,
  "all_scores": [
    0.21434688956914882,
    0.37754066879814546,
    0.9994115911814431,
    0.9999996072130506,
    0.9326316073981912,
    0.9953904278206259,
    0.9997218990469181,
    0.9999452446165104,
    5.315784978865423e-08,
    0.9949439586874483,
    0.9999977396713909,
    0.9999991542795263,
    0.9999974692286043,
    0.9997219690361224,
    0.010542159491988667,
    0.9947798743064417,
    0.9979492564600826,
    0.741281338981356,
    0.9997637342424087,
    0.9999991684735583,
    0.10647772912884601,
    0.9999320011035455,
    0.07955475841780213,
    0.9999996072130506,
    0.9998977001452741,
    0.9343887315335517,
    0.24870093708766705,
    0.9999973628219413,
    0.6784659409522491,
    0.9999339476031925,
    0.999244977239393,
    0.9999999446072205,
    0.1447926752950549,
    0.9978172835546547,
    0.999999836262626,
    0.059613038796250135,
    0.9999339511304439,
    0.9999931846482526,
    0.9991649797712289,
    0.9999998024946565,
    0.006692850924284732,
    0.9999930376507938,
    0.9999998165105349,
    0.9999984465022453,
    0.0005621427455650974,
    0.9999994956535537,
    0.44919536639938296,
    0.9999949062949967,
    0.9999980052702785,
    0.9987218446825471,
    0.9964062676534369,
    0.9999999500628214,
    0.01798620996209155,
    0.7256858390424773,
    0.00014281318778164298,
    0.9982992775885648,
    0.9999978766215375,
    0.9999967112509346,
    0.09558614820247462,
    0.9999999597921448,
    0.0018117246505627849,
    0.999884073140089,
    0.9999485577862579,
    8.851552421029751e-07,
    0.8183347793415705,
    0.9922343730715629,
    0.999722099423564,
    0.1704432657768924,
    0.9241418199787564,
    0.9241609386154883,
    0.9999961724355588,
    0.33057459844450426,
    0.9999443037345649,
    7.484622751052772e-05,
    0.9990889488055994,
    0.9999982396567868,
    0.6711292423455312,
    0.20256363138046235,
    0.01590642156829225,
    0.9999646457047993,
    0.5926712045316027,
    0.9999985406237789,
    0.9995667577303613,
    0.11144257322645504,
    0.9999988389486565,
    0.9998686482029348,
    0.9902915235185259,
    0.08510112404152397,
    0.5497034109125642,
    0.9966233876182606,
    0.9999898700090192,
    0.12502030816783516,
    0.9999452402301955,
    0.9706877692486436,
    0.13322964934403625,
    0.9999996688103019,
    0.9971990730328789,
    0.9930144239840788,
    0.9999918233360151,
    0.9975273768433653
  ]
}