{
  "overall": 0.7165049520313118,
  "per_tier": {
    "basic": 0.7859688099573032,
    "policy": 0.733759746361024,
    "vs_human": 0.6744954894665011,
    "extreme": 0.7007019797589872
  },
  "n_questions": 100,
  "all_scores": [
    0.405718658435548,
    0.09540541773064308,
    0.9999724643088854,
    0.9999998144608981,
    0.7773001913456953,
    0.9859363729567544,
    0.998402175805292,
    0.9998204720306533,
    2.104948548797836e-08,
    0.9924227587321393,
    0.9999990577554062,
    0.9999993348669299,
    0.9999991783774178,
    0.9998511396597866,
    0.005485753606177202,
    0.9928706774185856,
    0.9974925469817522,
    0.46879062662624377,
    0.999909722536873,
    0.9999998144608981,
    0.12061855623734652,
    0.9999379495039771,
    0.3160908807122613,
    0.999999836262626,
    0.9999667858050522,
    0.11696460555088668,
    0.29421497216298875,
    0.999999463124996,
    0.7294569213696639,
    0.999967660337749,
    0.9997064019149063,
    0.9999999873739035,
    0.09745480115761984,
    0.9993736658418905,
    0.999999980444282,
    0.0015979124365497934,
    0.9999212136745618,
    0.9999964043351316,
    0.9999269799868882,
    0.9999999489871995,
    0.0011690157413017932,
    0.9999957420086096,
    0.9999998802067159,
    0.9999994956525918,
    0.0005193048644950293,
    0.9999998555019962,
    0.08911742776586527,
    0.999996033014085,
    0.9999989405858444,
    0.9967211056550838,
    0.9988304897349445,
    0.99999998885753,
    0.01798620996209155,
    0.583680357114512,
    5.2059884682154056e-05,
    0.9928205489796683,
    0.999998629042793,
    0.9999993524039666,
    0.05456044959168595,
    0.9999999869464451,
    0.0009110511944006028,
    0.9998313472460109,
    0.9999885212209261,
    4.4508505192553116e-07,
    0.7068014937811258,
    0.9992445943672704,
    0.9998601779243528,
    0.2689414213699951,
    0.9311732374201114,
    0.5926675208708785,
    0.9999963954153338,
    0.10669059394565118,
    0.999943752579253,
    2.9312936235093012e-05,
    0.9997526523035372,
    0.9999994571279306,
    0.17975908243192168,
    0.1645164628965632,
    0.0635460072070535,
    0.9999573525318144,
    0.5312093733737562,
    0.9999993909304131,
    0.9996646498695336,
    0.015333084116251942,
    0.999999428499553,
    0.9999251537724895,
    0.9950945942942779,
    0.008576625800379224,
    0.5736396889035589,
    0.9982992775885648,
    0.9999972735297293,
    0.0866252762844163,
    0.9999741325689185,
    0.9596043514645058,
    0.4728850565600494,
    0.9999998624279669,
    0.9979276393841054,
    0.8840277450002535,
    0.9999921107374138,
    0.9840936082881853
  ]
}