{
  "overall": 0.663694620202682,
  "per_tier": {
    "basic": 0.9999999977010539,
    "policy": 0.7521886510900365,
    "vs_human": 0.5109814784145995,
    "extreme": 0.5332081564002801
  },
  "n_questions": 100,
  "all_scores": [
    0.9999999999987634,
    0.9999999999598138,
    0.9999999999998539,
    0.9999999989635888,
    0.9999999999986033,
    0.9999999999863274,
    0.9999999998837175,
    0.9999999999893517,
    0.99999999999886,
    0.9999999999868512,
    0.9999999999997791,
    0.9999999997379542,
    0.9999999999969966,
    0.9999999959008987,
    0.9999999999994085,
    0.9999999715466528,
    0.999999999989184,
    0.9999999999499875,
    0.9999999999956299,
    0.9999999881388574,
    0.9999999999225393,
    0.9999999999964333,
    0.999999999652845,
    0.9999999993713836,
    0.9770226300899744,
    0.99999999996616,
    0.9998766054240137,
    0.9999996533680401,
    0.0675466911396291,
    0.9999999998597364,
    0.9991959140643708,
    0.9999999999911723,
    1.72577947734655e-08,
    0.999999999976742,
    8.764230734865249e-08,
    0.999999999997768,
    0.00013135179706526775,
    0.9999999997338276,
    7.265816444958577e-08,
    0.9999999998907628,
    0.9988304897349445,
    0.9999999998021974,
    1.275190428876251e-07,
    0.999999999462317,
    0.18242552380635632,
    0.9999999999859758,
    0.5926665999540697,
    0.9999999999943888,
    1.2219076020491005e-05,
    0.9999999988967461,
    0.5312093733737563,
    0.9999999999955611,
    2.4097327145752005e-09,
    0.9999980052664739,
    1.2501528648238603e-09,
    0.9999999999294712,
    0.0015011822567369915,
    0.9999955048184215,
    9.436630913020602e-10,
    0.9999999997296355,
    8.50739702121947e-11,
    2.2637343111142627e-09,
    0.0024726231566347748,
    0.9999999500627261,
    1.997738588237797e-09,
    0.9999999913222357,
    0.020332353342658753,
    9.237467124556531e-09,
    3.927869494476864e-07,
    0.9999999999771026,
    4.0525456762928026e-07,
    0.999999999768745,
    1.780561597574121e-08,
    0.9999999999975866,
    8.592166611791576e-10,
    0.9999999697115696,
    3.1923771703810644e-09,
    0.9999991684735583,
    8.05462624762062e-11,
    0.9999999996066219,
    3.541083011787588e-08,
    0.9999987121047843,
    1.0364131273371489e-09,
    0.9999999816291031,
    2.1024374204356016e-07,
    0.9998766054240138,
    4.099093422706265e-09,
    0.9999485577862578,
    6.092746845472989e-10,
    0.9999999999691882,
    1.024642366674489e-07,
    0.9999999997538308,
    2.4300240743279598e-05,
    0.999999998710163,
    1.4761402311078024e-08,
    0.9999999611088858,
    0.9964063974185798,
    0.9999898700090192,
    4.73790557938118e-07,
    0.9999999006878774
  ]
}