{
  "baseline": {
    "overall": 0.663694620202682,
    "per_tier": {
      "basic": 0.9999999977010539,
      "policy": 0.7521886510900365,
      "vs_human": 0.5109814784145995,
      "extreme": 0.5332081564002801
    }
  },
  "variants": {
    "P4-A (primed, constrained)": {
      "mean": 0.7275899157958827,
      "std": 0.0026596110781995554,
      "n_seeds": 3,
      "all_overalls": [
        0.7280139234680317,
        0.7241413304682663,
        0.7306144934513502
      ],
      "per_tier": {
        "basic": {
          "mean": 0.9998496353035699,
          "std": 6.936405336743415e-05
        },
        "policy": {
          "mean": 0.8792616293647653,
          "std": 0.009045806643393777
        },
        "vs_human": {
          "mean": 0.6487600836988546,
          "std": 0.005349251846885893
        },
        "extreme": {
          "mean": 0.5237987925085311,
          "std": 0.00558064498465942
        }
      }
    },
    "P4-B (unprimed, constrained)": {
      "mean": 0.7126171546160466,
      "std": 0.002054280583996403,
      "n_seeds": 3,
      "all_overalls": [
        0.7100618268945934,
        0.7150918265192092,
        0.7126978104343373
      ],
      "per_tier": {
        "basic": {
          "mean": 0.9998796030166485,
          "std": 0.00013184212233163998
        },
        "policy": {
          "mean": 0.8623127702438292,
          "std": 0.01533586441734589
        },
        "vs_human": {
          "mean": 0.6239047942456123,
          "std": 0.0023842785275589003
        },
        "extreme": {
          "mean": 0.510024138967558,
          "std": 0.006217202739624871
        }
      }
    },
    "P4-C (anti, constrained)": {
      "mean": 0.7226951299697605,
      "std": 0.0020964180979396417,
      "n_seeds": 3,
      "all_overalls": [
        0.7246119131854789,
        0.7236955415271038,
        0.7197779351966984
      ],
      "per_tier": {
        "basic": {
          "mean": 0.9999480245650346,
          "std": 2.6939198643581585e-05
        },
        "policy": {
          "mean": 0.8707640098776263,
          "std": 0.0067581091342002195
        },
        "vs_human": {
          "mean": 0.6455303436833789,
          "std": 0.0021071229268935375
        },
        "extreme": {
          "mean": 0.5163120665873818,
          "std": 0.005388367406007497
        }
      }
    },
    "P4-D (style, constrained)": {
      "mean": 0.7168070070252345,
      "std": 0.0026091917678913,
      "n_seeds": 3,
      "all_overalls": [
        0.7201780484459153,
        0.7138219162600342,
        0.7164210563697541
      ],
      "per_tier": {
        "basic": {
          "mean": 0.9999433984121393,
          "std": 4.494292654000355e-05
        },
        "policy": {
          "mean": 0.8569412680992635,
          "std": 0.0069849916329437906
        },
        "vs_human": {
          "mean": 0.6312373921786433,
          "std": 0.003562912604704385
        },
        "extreme": {
          "mean": 0.5201961868978698,
          "std": 0.004863642626750641
        }
      }
    },
    "P4-E (primed, unconstrained)": {
      "mean": 0.8352261892956877,
      "std": 0.01781092029150187,
      "n_seeds": 3,
      "all_overalls": [
        0.8589999081572282,
        0.8305470369250496,
        0.8161316228047855
      ],
      "per_tier": {
        "basic": {
          "mean": 0.9996964926142061,
          "std": 0.0002576626497247943
        },
        "policy": {
          "mean": 0.9964631448386232,
          "std": 0.004024136780397817
        },
        "vs_human": {
          "mean": 0.8195131365337766,
          "std": 0.036941560717140595
        },
        "extreme": {
          "mean": 0.6338010694832962,
          "std": 0.02233285560739196
        }
      }
    }
  }
}