{
  "overall": 0.7148352604328949,
  "per_tier": {
    "basic": 0.9999632509315717,
    "policy": 0.8769501832055676,
    "vs_human": 0.6212584128088382,
    "extreme": 0.5102501658760519
  },
  "n_questions": 100,
  "all_scores": [
    0.9999989969859118,
    0.999996711254071,
    0.9999999468422517,
    0.9999898700090192,
    0.9999996073441354,
    0.9999994956521108,
    0.9999981261246162,
    0.9999964991455856,
    0.9999989322971299,
    0.9999997174536512,
    0.9999998725064929,
    0.9999904837483058,
    0.9999984465022453,
    0.9994807010753575,
    0.9999994633533011,
    0.9998601779243527,
    0.999999463124996,
    0.9999992188516693,
    0.9999993521284606,
    0.9999599363077708,
    0.9999934623690037,
    0.9999996064669073,
    0.9999798652954378,
    0.9999980004096487,
    0.9991974052766056,
    0.9999984447041114,
    0.9998601779243528,
    0.9978194094274332,
    0.987567951056293,
    0.9999921107449374,
    0.9998766204840506,
    0.9999997480427025,
    0.6373526791003147,
    0.9999999451547391,
    0.004640119067636928,
    0.9999999656786466,
    0.8968251257471516,
    0.9999995262094421,
    0.01590639171181471,
    0.9999971092401218,
    0.9999097196098496,
    0.9999921107374138,
    0.04742544234122544,
    0.999989216687777,
    0.997819787051815,
    0.9999999598743111,
    0.037472666192573986,
    0.9999998909271806,
    0.9706877692486436,
    0.9999706883496288,
    0.9978225570669186,
    0.999996499142247,
    0.0031726828424851893,
    0.9947764660091313,
    0.008577485413711986,
    0.9999964882178143,
    0.005881196833179934,
    0.9902847545816467,
    0.00035697063503765833,
    0.9999960206313094,
    7.484622751061124e-05,
    4.0063692229086456e-05,
    0.6025202961422997,
    0.9998911030899734,
    0.0002034269780552065,
    0.9998978940872405,
    0.9770226300899744,
    0.0019267346633274895,
    0.002050743539917378,
    0.9999962733607158,
    0.0006666870599866287,
    0.9999417087343389,
    0.00027803308450375443,
    0.9999986247647097,
    8.481055647345358e-05,
    0.9998601771243939,
    4.264730550564732e-05,
    0.9986744600760336,
    1.2219076020491005e-05,
    0.4221481922280834,
    0.0007096703991005882,
    0.9998204720306533,
    2.58674310813544e-05,
    0.999796570694368,
    0.06013751410187078,
    0.9669138385551403,
    0.00010249475144937027,
    0.4073334000459303,
    1.670142184809518e-05,
    0.9999968947229622,
    0.0004248321462029405,
    0.9999573525318144,
    0.4503740188215921,
    0.9999925887059922,
    3.1043302313849804e-05,
    0.999328934857764,
    0.9993332976907565,
    0.9999860636213876,
    0.002182562748521726,
    0.9993332976907564
  ]
}