{
  "overall": 0.7164210563697541,
  "per_tier": {
    "basic": 0.9999923412692343,
    "policy": 0.8504942322246732,
    "vs_human": 0.6281674205544664,
    "extreme": 0.5262450516821087
  },
  "n_questions": 100,
  "all_scores": [
    0.9999998144608981,
    0.9999994956525918,
    0.9999999947366598,
    0.9999980052702785,
    0.9999998802069444,
    0.9999998945397756,
    0.9999991687478929,
    0.9999989979611161,
    0.9999997617630899,
    0.999999933843988,
    0.9999999778405106,
    0.9999975938976603,
    0.9999997126319948,
    0.9999151891200267,
    0.9999998024942799,
    0.9999516308382762,
    0.9999998257024747,
    0.9999999006878774,
    0.9999997300417076,
    0.9999885149466433,
    0.9999975938838923,
    0.9999999006880668,
    0.999982231177441,
    0.9999991684719723,
    0.9978172835546547,
    0.9999996940977731,
    0.9998313472460109,
    0.9980743837141806,
    0.9648516608419293,
    0.9999985360711797,
    0.9996648333314857,
    0.9999999613610151,
    0.2689414213699951,
    0.9999999920988057,
    0.001501093630980962,
    0.999999992529067,
    0.7772995310033377,
    0.9999998920061125,
    0.0019267750103637957,
    0.9999993524052018,
    0.9998910530271679,
    0.9999983470167944,
    0.006692850924284856,
    0.9999938558253978,
    0.995929862284104,
    0.9999999881389026,
    0.13140969051312856,
    0.9999999687501115,
    0.8547241352537575,
    0.9999892225889808,
    0.9953904278206259,
    0.9999993524052018,
    0.0005527828519747004,
    0.9947820825730341,
    0.0007104986902486954,
    0.999998346310414,
    0.0031601064620249033,
    0.9940882025905079,
    0.00014847673708541138,
    0.9999988634341215,
    8.952954726630139e-06,
    2.282799719277584e-05,
    0.8933159501387833,
    0.9999296881573309,
    5.4759769804494653e-05,
    0.999904079961309,
    0.9684758222531555,
    0.005186567635117267,
    0.0006673151093328445,
    0.9999985384593687,
    0.00031503989548226785,
    0.9999852547196005,
    9.028039015031105e-05,
    0.9999996928759036,
    8.985355638109048e-06,
    0.9998511615174271,
    1.9082710574411517e-05,
    0.9980724435580205,
    1.7458081430039636e-06,
    0.9523670685730357,
    0.00024460660376789513,
    0.9994115911814431,
    8.939696304799167e-06,
    0.9997965710822994,
    0.014058946693226408,
    0.9627144874805392,
    5.475966536434161e-05,
    0.679178699175393,
    4.020420857994103e-06,
    0.9999991148430696,
    0.0001795279693467774,
    0.9999877809239796,
    0.1824232480231328,
    0.9999952149055051,
    2.144494842091395e-05,
    0.9996200154852481,
    0.9986475428213524,
    0.9998911030899734,
    0.0008614955719869389,
    0.9995416844780719
  ]
}