{
  "overall": 0.8161316228047855,
  "per_tier": {
    "basic": 0.9998376969927166,
    "policy": 0.990796211965216,
    "vs_human": 0.7743699710642254,
    "extreme": 0.6189794989797709
  },
  "n_questions": 100,
  "all_scores": [
    0.9999999197451428,
    0.9999970055590186,
    0.9999999806375764,
    0.9999954982374738,
    0.9999999309210786,
    0.9999975938334097,
    0.9999997690933078,
    0.9999985662851477,
    0.9999999189438064,
    0.9999991420764619,
    0.9999999476660867,
    0.9999947445942691,
    0.9999999261976361,
    0.9968258208170456,
    0.9999999559305103,
    0.9999657336009046,
    0.9999998747392368,
    0.9999954811439423,
    0.9999998687018058,
    0.9999852611304729,
    0.9999997617626356,
    0.9999992423592307,
    0.9999966068551871,
    0.999999127571625,
    0.9999949064212957,
    0.9999951091049356,
    0.9999989322950935,
    0.9986839299139906,
    0.9999953622859278,
    0.9999635013496788,
    0.999995777158501,
    0.9999995442583732,
    0.9937100978631075,
    0.9999995728613614,
    0.972570439660422,
    0.9999999333238483,
    0.9667244023354137,
    0.999997478037089,
    0.8843033760952699,
    0.9999971377913345,
    0.9999976679477144,
    0.9999928363461598,
    0.9991959615685777,
    0.9999966594608456,
    0.9997965730219448,
    0.9999998673940949,
    0.9999657324898393,
    0.9999997283231736,
    0.9924218981077725,
    0.9999452405435154,
    0.9999777751916519,
    0.9999827319402234,
    0.2336056051247504,
    0.9933096846308995,
    0.9978172835546547,
    0.9999804205247138,
    0.7310585786300049,
    0.9975272498187963,
    0.1484773756868449,
    0.9999811731741094,
    0.004331970922072316,
    3.6046121668631415e-06,
    0.9947798644018073,
    0.9970189786079615,
    0.06385805595236228,
    0.9988304919629973,
    0.9830850550163274,
    6.338332146438308e-05,
    0.09610250485725245,
    0.9999951787920676,
    0.9980732763402633,
    0.9997388086848006,
    0.031140377592114736,
    0.99999020002682,
    0.0020555817116839144,
    0.997199073032879,
    9.223470110117275e-06,
    0.9919395183843115,
    0.013228223329143845,
    0.2880904368983126,
    0.007099883063624537,
    0.9945047897891734,
    0.00021653579134136734,
    0.9991923555585313,
    0.5000014305114746,
    0.8151833558261865,
    0.0029640573383873776,
    0.04994159807413179,
    8.138155784630895e-06,
    0.9999956359009164,
    0.984093727713544,
    0.9996407817053321,
    0.9990104919129041,
    0.9999397591814289,
    0.01590639171181471,
    0.9144579744853564,
    0.9999938558253978,
    0.9999573532638693,
    0.9658996371110935,
    0.9999124970023934
  ]
}