{
  "overall": 0.7151218539129921,
  "per_tier": {
    "basic": 0.9999926583321083,
    "policy": 0.8484823407290973,
    "vs_human": 0.6274421654687214,
    "extreme": 0.5239806815337821
  },
  "n_questions": 100,
  "all_scores": [
    0.9999998144608981,
    0.9999993931186147,
    0.9999999953534529,
    0.9999987124388199,
    0.9999998942662606,
    0.9999999064777365,
    0.9999993106389544,
    0.9999989979611161,
    0.9999998024946565,
    0.9999999367317378,
    0.9999999791830863,
    0.9999969140685944,
    0.9999997615489711,
    0.9999251539152364,
    0.999999855479119,
    0.9999485578843709,
    0.9999998026727607,
    0.9999999226556394,
    0.9999996743681597,
    0.9999877809239796,
    0.999996911530716,
    0.9999999123575255,
    0.999981074851754,
    0.9999992188516693,
    0.9978172835546547,
    0.9999997124740956,
    0.9998204720306533,
    0.9982992775885647,
    0.9466843436632257,
    0.9999981261246164,
    0.9997388096809043,
    0.9999999468421503,
    0.2689414213699951,
    0.9999999911207005,
    0.0015089242260414712,
    0.999999992529067,
    0.7549382771569426,
    0.9999999123575255,
    0.0019238538659432914,
    0.9999993524052018,
    0.9998602421727586,
    0.9999982389045275,
    0.006692850924284856,
    0.9999949159623714,
    0.995929862284104,
    0.9999999915892225,
    0.07599293797378001,
    0.9999999697115696,
    0.8696806440528702,
    0.9999904837483058,
    0.9953904715780868,
    0.9999994631249961,
    0.0005514388274476581,
    0.9953904278206258,
    0.0007096609307658618,
    0.9999984465022455,
    0.003183050970687585,
    0.9947798743064415,
    0.00013948224108943145,
    0.9999986290427931,
    8.414024994877563e-06,
    2.0157259822073392e-05,
    0.9148742210376528,
    0.9999204781907876,
    4.8325638187255363e-05,
    0.9999251537724894,
    0.9652074214599969,
    0.004070137715896038,
    0.0009110338334746762,
    0.9999985384593687,
    0.000295957113513077,
    0.9999843104502723,
    9.028039015031105e-05,
    0.9999996533673788,
    1.1478768127080351e-05,
    0.9998313472460109,
    1.4861721016914773e-05,
    0.9980740867656502,
    1.5406705947578374e-06,
    0.9240615536901746,
    0.0002440121548132286,
    0.9993736658418906,
    8.39807203495153e-06,
    0.999704044579461,
    0.012449905698694481,
    0.9740060635009825,
    5.4759769804494653e-05,
    0.6792202579268155,
    4.222833444659923e-06,
    0.9999988708045704,
    0.00016865275398914432,
    0.9999885042078088,
    0.13355508845640005,
    0.9999949062949968,
    2.4300240743279598e-05,
    0.9996224786968827,
    0.9982992775885648,
    0.9999147556579083,
    0.0009110650833794041,
    0.9995121456673888
  ]
}