{
  "overall": 0.7280139234680317,
  "per_tier": {
    "basic": 0.9997539092665187,
    "policy": 0.8666287978367382,
    "vs_human": 0.652025092603798,
    "extreme": 0.5304328475541366
  },
  "n_questions": 100,
  "all_scores": [
    0.9999995271086561,
    0.9999957771665553,
    0.9999999778405106,
    0.9999861744998706,
    0.9999998144605442,
    0.9999985406237789,
    0.9999991148430695,
    0.9999967112509346,
    0.999999836072635,
    0.9999994091496415,
    0.9999999468195354,
    0.999989216687777,
    0.999999653367379,
    0.9953910228866725,
    0.9999998024942799,
    0.9997834559501049,
    0.9999996072137998,
    0.9999990655354812,
    0.9999995262094421,
    0.9999420051497079,
    0.999996033014085,
    0.9999993524052018,
    0.9999810391551129,
    0.999995777158501,
    0.9997694928384511,
    0.9999981225631929,
    0.9998977001452741,
    0.9978140451049541,
    0.9959296999178155,
    0.9999810748517539,
    0.999897684145698,
    0.9999996743690914,
    0.43779908716244315,
    0.9999999108617355,
    0.0033415821308300383,
    0.9999999176675142,
    0.893273225432079,
    0.9999991684719723,
    0.004906271651044787,
    0.9999970976880148,
    0.9999296881573309,
    0.9999904837483058,
    0.0675466911396291,
    0.9999921107374138,
    0.9980649544349065,
    0.9999998909271806,
    0.6872463984929894,
    0.9999997705898273,
    0.9399133498259924,
    0.999966785805052,
    0.9987569931743404,
    0.9999938707606741,
    0.001410358496618023,
    0.9964055982643379,
    0.005220125693558397,
    0.9999938558253978,
    0.029311253910090422,
    0.9944450752963089,
    0.000404484582554557,
    0.9999916019279651,
    4.5397868702434395e-05,
    1.4756027672868655e-05,
    0.8519528019683106,
    0.9998415637808975,
    0.0003799845147518645,
    0.9998313472460109,
    0.9840890993356243,
    0.0014103531241254075,
    0.004609554676340178,
    0.99999457778103,
    0.0009697593592562606,
    0.9999452401257551,
    0.00029595542053892777,
    0.9999964991455856,
    3.763644718097441e-05,
    0.9997839809796898,
    2.2827953652974206e-05,
    0.9979493072044547,
    1.7542262419049228e-05,
    0.8662684619052136,
    0.0016896381213161965,
    0.9997829255052947,
    2.482378490210116e-05,
    0.9997219690361225,
    0.022933692450140174,
    0.9626731126558705,
    0.0003799845147518645,
    0.4073334000459303,
    1.8380471369956485e-05,
    0.999997255733627,
    0.0009110494582931746,
    0.999951766167381,
    0.6513150144468974,
    0.9999877809239796,
    7.089719732326309e-05,
    0.9989538315550158,
    0.9995955185021579,
    0.9999832985781519,
    0.0027538640845358167,
    0.9996200125872869
  ]
}