{
  "overall": 0.8305470369250496,
  "per_tier": {
    "basic": 0.9993349762551139,
    "policy": 0.9988439313693809,
    "vs_human": 0.8193121629590636,
    "extreme": 0.617058688374772
  },
  "n_questions": 100,
  "all_scores": [
    0.9999999442912644,
    0.9999962733607158,
    0.9999999861045632,
    0.9999932519484099,
    0.9999999572864673,
    0.9999959157372933,
    0.9999998938965576,
    0.9999984942954027,
    0.9999999508371193,
    0.9999987120261752,
    0.9999999704138209,
    0.9999931113051201,
    0.9999999434138717,
    0.9867783727725905,
    0.9999999706434466,
    0.999967807665503,
    0.999999897535177,
    0.9999911548423464,
    0.9999999238548978,
    0.9999869928715335,
    0.9999998724809571,
    0.9999991420764619,
    0.9999986290192588,
    0.9999988810549225,
    0.9999984761398009,
    0.9999947445942691,
    0.9999996743687808,
    0.9986749775827869,
    0.9999991420780983,
    0.9999599363077708,
    0.9999988273579266,
    0.9999996310115038,
    0.9998089354031807,
    0.9999995129621716,
    0.9919741538767046,
    0.9999999187280038,
    0.9961974209388583,
    0.9999961537960185,
    0.990286552749491,
    0.9999940448606514,
    0.9999993723247979,
    0.9999901817479232,
    0.9998765976579642,
    0.9999952047731718,
    0.9999546021312976,
    0.9999998397627681,
    0.9999516742696432,
    0.9999997369307817,
    0.9997694932780068,
    0.9999008493489198,
    0.999996910505552,
    0.999965922869323,
    0.8251066496132905,
    0.9890107151197597,
    0.9995124404055893,
    0.9999797116372253,
    0.7774315716732707,
    0.9961755163553628,
    0.6513535652357699,
    0.999974928406152,
    0.020293447650319662,
    2.5612773254524157e-06,
    0.9990885772025513,
    0.9987551566979116,
    0.21214817390327895,
    0.9985414994043927,
    0.9929212895661358,
    2.3552618543032366e-05,
    0.11964901878443175,
    0.999996127620451,
    0.9997987714681296,
    0.9996849679135419,
    0.22269881814338774,
    0.9999847931596293,
    0.004905415016153153,
    0.9966233876182605,
    1.8342893327886848e-05,
    0.9908788112449042,
    0.020337254938103348,
    0.004321642132119274,
    0.00956102477680692,
    0.9883127420043055,
    0.0005038011738595829,
    0.9993736658418906,
    0.870215813003446,
    0.7968481917886644,
    0.015246187372432775,
    0.01788173638411783,
    1.8592448997320912e-05,
    0.999996676733911,
    0.9919380084717284,
    0.999619999546188,
    0.9997887412145553,
    0.9999741319768687,
    0.02770124992678964,
    0.5602855472613457,
    0.9999968126293303,
    0.999974928406152,
    0.9953895700909157,
    0.9998810256632964
  ]
}