{
  "overall": 0.7130874689476927,
  "per_tier": {
    "basic": 0.9999627870986976,
    "policy": 0.8521763193936838,
    "vs_human": 0.6287612096974229,
    "extreme": 0.5134376157999653
  },
  "n_questions": 100,
  "all_scores": [
    0.9999993106389544,
    0.9999986290441006,
    0.9999999611088859,
    0.9999962733607158,
    0.9999996310122075,
    0.9999997761971314,
    0.9999981261246162,
    0.9999986290427931,
    0.9999993106389544,
    0.9999998802069444,
    0.9999998942829981,
    0.9999949062949968,
    0.9999981261246162,
    0.9993736503211368,
    0.9999992188516693,
    0.9999296881573309,
    0.9999993524052017,
    0.9999996940977731,
    0.9999992197540398,
    0.9999724643088854,
    0.9999921107374138,
    0.9999998024946566,
    0.9999706884614404,
    0.9999971165090132,
    0.9989677689632452,
    0.9999993508284203,
    0.9998599705820668,
    0.9975302261273477,
    0.9641168630813384,
    0.9999861539954362,
    0.9997965730219448,
    0.9999997941908871,
    0.20181322226037882,
    0.9999999677581645,
    0.0038244836446372104,
    0.9999999827421723,
    0.867965649437005,
    0.9999997400543899,
    0.009708476481474066,
    0.9999984465022455,
    0.9998686143809787,
    0.9999965043300256,
    0.008595394500074119,
    0.9999945326374429,
    0.9975273768433653,
    0.9999999568092197,
    0.0675466911396291,
    0.9999999556429878,
    0.9706802519416682,
    0.9999572893651495,
    0.9959299550619439,
    0.9999967384059383,
    0.004609572179374208,
    0.9890250510646516,
    0.0229776696439,
    0.9999972735297293,
    0.005220125693558397,
    0.9902890109354192,
    0.0009648104720977969,
    0.9999957771665553,
    4.8325638187255363e-05,
    8.471307753499246e-05,
    0.8283180208623564,
    0.9998836174704038,
    0.0005884032103817295,
    0.9998322047634858,
    0.9689521381221634,
    0.009908349709189967,
    0.002050692795545212,
    0.9999972735297293,
    0.000519306844460808,
    0.999966834990729,
    0.00026118932299586237,
    0.9999986290441006,
    2.282799719288797e-05,
    0.999704044579461,
    1.473898197449493e-05,
    0.9980732690045431,
    5.675069930280475e-06,
    0.37816257048069757,
    0.0005527786369235996,
    0.9995955185021579,
    1.5689549727726036e-05,
    0.99982047134593,
    0.033085978388704126,
    0.932785317107018,
    0.00020342620220221064,
    0.5312093733737562,
    7.41129400777738e-06,
    0.9999984671496525,
    0.0003569692737914468,
    0.999951674453982,
    0.5312093733737563,
    0.9999928314256151,
    3.535625074174431e-05,
    0.9987681829896602,
    0.997816980283302,
    0.9999877809239796,
    0.001410288655807921,
    0.9995955185021579
  ]
}