{
  "overall": 0.7246119131854789,
  "per_tier": {
    "basic": 0.9999855342352253,
    "policy": 0.8704296062171316,
    "vs_human": 0.6457261997602863,
    "extreme": 0.5227034172230719
  },
  "n_questions": 100,
  "all_scores": [
    0.999999391842831,
    0.9999967112509346,
    0.9999999764113464,
    0.9999930395495082,
    0.9999997300422225,
    0.9999996533673788,
    0.9999989969859118,
    0.999998346310414,
    0.9999993916409633,
    0.999999893162134,
    0.9999999358793944,
    0.999987791919345,
    0.9999991692202334,
    0.9998511615174271,
    0.9999996742849226,
    0.999920326990139,
    0.9999995818820745,
    0.99999976176309,
    0.9999993525361186,
    0.999968798148117,
    0.9999972723594073,
    0.99999976176309,
    0.999988521231873,
    0.9999978766215376,
    0.9985010318205616,
    0.9999978766235625,
    0.9998415637808975,
    0.9980732653366725,
    0.9740426428022031,
    0.9999925887130602,
    0.9997694932780068,
    0.9999998461826771,
    0.5312772948426373,
    0.9999999668155606,
    0.004070137715896127,
    0.999999984286554,
    0.8933257656027,
    0.9999997126314467,
    0.009719650486862847,
    0.9999978714474255,
    0.9998911313310297,
    0.9999945788771718,
    0.037326887344129464,
    0.9999904837483058,
    0.9980782435476222,
    0.9999999706434746,
    0.4378234991142019,
    0.9999999177415236,
    0.9525142043716784,
    0.9999706884614404,
    0.9971833078547521,
    0.9999978766235625,
    0.0031726828424851893,
    0.9933071490757152,
    0.020332353342658753,
    0.9999970943314382,
    0.047340295997284954,
    0.9933071490757152,
    0.0007083082578034996,
    0.9999970976880148,
    5.1442213742208984e-05,
    0.00010229985472587355,
    0.8933094060543487,
    0.9997388096809042,
    0.0002453680768757092,
    0.9998764942994638,
    0.9902746199672454,
    0.003188772074210977,
    0.004070648031666931,
    0.9999952122853966,
    0.0005527796906833634,
    0.9998977001452742,
    0.0002611903190957194,
    0.9999986306265009,
    2.58674310813544e-05,
    0.9995694429186753,
    4.2647468185579125e-05,
    0.9940889311437562,
    3.966985914946731e-06,
    0.7311384477294476,
    0.00045831290063503817,
    0.9984029940926127,
    1.473898197449493e-05,
    0.9994806951355051,
    0.037412791648283636,
    0.9579120413917654,
    0.0002611913151993742,
    0.4687906266262437,
    1.3007153275305694e-05,
    0.9999985406237789,
    0.00043055708132461493,
    0.9999724643088854,
    0.49330465285001907,
    0.999970688517346,
    9.610223221645354e-05,
    0.9989677689632451,
    0.9991959132981508,
    0.9999822214481368,
    0.0014103907320029497,
    0.999447212932942
  ]
}