{
  "overall": 0.7100618268945934,
  "per_tier": {
    "basic": 0.999979293462167,
    "policy": 0.840692576850987,
    "vs_human": 0.6240711679927123,
    "extreme": 0.5156870081138294
  },
  "n_questions": 100,
  "all_scores": [
    0.999999428500643,
    0.9999984502785093,
    0.9999999764113464,
    0.999996033014085,
    0.9999997300417076,
    0.9999998257023084,
    0.9999981267499841,
    0.9999988629527625,
    0.9999996072137998,
    0.9999998461826771,
    0.9999999468421502,
    0.9999942280799698,
    0.9999993916409633,
    0.9997388081867473,
    0.9999996742843014,
    0.9998840806568137,
    0.9999996076675404,
    0.9999996743687809,
    0.9999994956525918,
    0.9999810748156578,
    0.999996033014085,
    0.9999997466268236,
    0.9999832981958888,
    0.9999983463072598,
    0.998832651178898,
    0.9999993912138039,
    0.9997388769091217,
    0.9978172835546548,
    0.9284094344210714,
    0.9999941985999014,
    0.999704042886487,
    0.9999998802068302,
    0.10669059394565118,
    0.999999954762775,
    0.002323308413163691,
    0.9999999790767234,
    0.7786654198542405,
    0.9999997463981333,
    0.001700722411435288,
    0.9999986290427931,
    0.9998601779243528,
    0.9999967112477981,
    0.01590639171181471,
    0.9999915814642117,
    0.9978192268164139,
    0.999999970142448,
    0.20527660059313574,
    0.9999999500628214,
    0.9047676118142604,
    0.9999810644532006,
    0.9980685831282284,
    0.9999987901343165,
    0.001695361673087805,
    0.9940889311437562,
    0.0013228863689725755,
    0.9999978817830724,
    0.01244015399239952,
    0.9890264381000503,
    0.00023050826044195276,
    0.9999962733607158,
    3.120191139396651e-05,
    2.0154107484460226e-05,
    0.6419363476482096,
    0.9999204780391237,
    0.0003540181087660499,
    0.9998604435240068,
    0.9559297120582887,
    0.0019192703362856944,
    0.001700722411435288,
    0.9999975974608781,
    0.000384560167270512,
    0.999962363552819,
    0.0001230094764252484,
    0.9999992164148352,
    2.7715469295812556e-05,
    0.9998204720306533,
    1.6878511723632977e-05,
    0.9989677689632451,
    5.422218970016178e-06,
    0.9148964998626337,
    0.0005192999146132344,
    0.9997694932780069,
    1.670142184809518e-05,
    0.9997219690361225,
    0.008577485413711986,
    0.9706878777881212,
    9.028056233110801e-05,
    0.4583188680741841,
    1.3007128466476033e-05,
    0.9999979950783382,
    0.00035697063503765833,
    0.9999822214481368,
    0.11924558386766067,
    0.9999916019279651,
    3.321425829693071e-05,
    0.9994154102645022,
    0.9991441140430618,
    0.9999599364605952,
    0.0009697852298573554,
    0.9995945209161523
  ]
}