{
  "overall": 0.724391569392819,
  "per_tier": {
    "basic": 0.9999144383067101,
    "policy": 0.882009550261988,
    "vs_human": 0.6432832678894752,
    "extreme": 0.5167393043741229
  },
  "n_questions": 100,
  "all_scores": [
    0.9999992658654304,
    0.9999951999690511,
    0.9999999634651793,
    0.999991056483463,
    0.9999994956535537,
    0.9999989280323932,
    0.999997595214419,
    0.9999957733631755,
    0.9999987121047844,
    0.9999995818812769,
    0.9999998642564276,
    0.999982195081083,
    0.9999986270121363,
    0.9984998409096523,
    0.9999993106389544,
    0.9998840806568137,
    0.9999991161539081,
    0.9999992661790195,
    0.9999992188516693,
    0.9999516743618128,
    0.9999952149055051,
    0.9999994956521108,
    0.9999822314485649,
    0.9999949062949968,
    0.9988304897349445,
    0.999996499142247,
    0.9998313472460109,
    0.9933071490757152,
    0.9840936082881853,
    0.9999832985781519,
    0.9998415637808975,
    0.9999996515969439,
    0.7188920550603161,
    0.9999999292960017,
    0.007609768405636238,
    0.9999999416175238,
    0.9149009549929797,
    0.99999893229713,
    0.02294185708848419,
    0.9999921107374138,
    0.9998840806568136,
    0.9999852610180255,
    0.11900260808808427,
    0.9999771719592672,
    0.9980710633573475,
    0.99999990535872,
    0.2689414213699951,
    0.9999997463978915,
    0.9740405690642944,
    0.9999097196098496,
    0.995929862284104,
    0.9999930377437498,
    0.009708513156888907,
    0.9840936082881853,
    0.05330699271975646,
    0.9999822214481368,
    0.029311905134093118,
    0.9796567399808354,
    0.002794057732082188,
    0.999989216687777,
    0.00013135179706526775,
    0.000203468102497939,
    0.8807970779778823,
    0.9995694429186753,
    0.0007554056327295276,
    0.9995955161886257,
    0.9902915235185259,
    0.005911124895632502,
    0.006686868545146317,
    0.9999785550515791,
    0.0006263341581094201,
    0.9998313472460109,
    0.0013250224172131609,
    0.9999942280799698,
    6.205049602300743e-05,
    0.998831558713085,
    0.00017804519769780685,
    0.9902915235185259,
    1.8925148246037342e-05,
    0.4997344017278621,
    0.0015978454940173438,
    0.9968273171575148,
    5.1987750012746816e-05,
    0.9984051852829863,
    0.06736995051913985,
    0.8675448532480778,
    0.0005193018945602527,
    0.41565886958520515,
    2.931153855960119e-05,
    0.999994251042981,
    0.0006667023092435894,
    0.9998840806568137,
    0.6656360105616019,
    0.9999643493937891,
    0.00013948197508553123,
    0.9984021088636507,
    0.9988283600078571,
    0.9998977001452742,
    0.002050743539917378,
    0.9978172835546548
  ]
}