{
  "overall": 0.7099243816705335,
  "per_tier": {
    "basic": 0.9999759060341178,
    "policy": 0.8422412475774779,
    "vs_human": 0.6255680076572164,
    "extreme": 0.5127018288368316
  },
  "n_questions": 100,
  "all_scores": [
    0.9999993526818249,
    0.9999987089665214,
    0.999999974890009,
    0.9999952149055051,
    0.9999997463976497,
    0.9999998032806039,
    0.9999984465022453,
    0.9999986290427931,
    0.9999995818812769,
    0.9999998855443147,
    0.999999931743971,
    0.99999457778103,
    0.9999993106389544,
    0.9996643479297983,
    0.9999995818812769,
    0.9998912284575406,
    0.9999996529664911,
    0.9999996072137998,
    0.999999463124996,
    0.9999810748517539,
    0.999996033014085,
    0.9999998257021421,
    0.9999832981958888,
    0.999997879762024,
    0.9990872632238005,
    0.9999993106396119,
    0.9997694932780068,
    0.9980732653366725,
    0.9399133498259924,
    0.9999942280799698,
    0.999704042886487,
    0.9999998802068302,
    0.10669168466075545,
    0.9999999645892037,
    0.002800926967120973,
    0.9999999791830664,
    0.7968895629977526,
    0.9999997463981333,
    0.001926675978234481,
    0.9999985406237789,
    0.9998766054240137,
    0.9999955067299813,
    0.012455183203885134,
    0.9999885491343452,
    0.9978192268164139,
    0.999999966734667,
    0.19882447033972908,
    0.9999999500628214,
    0.9149009549929797,
    0.9999771720028071,
    0.9978157626203846,
    0.9999986290427931,
    0.001325019893284568,
    0.9940877429956275,
    0.0010322310367548194,
    0.9999975938976603,
    0.01104002315537532,
    0.994083638696595,
    0.0003132925113246544,
    0.9999962733607158,
    3.126124074902238e-05,
    1.56898489803714e-05,
    0.679178699175393,
    0.9999097196098496,
    0.00026119480159207453,
    0.9998601771243939,
    0.9608344494674397,
    0.0019239124652427053,
    0.0014994535686686154,
    0.999997879762024,
    0.0003309765183514513,
    0.9999706884614404,
    9.028073451223331e-05,
    0.9999990606856471,
    3.763644718097441e-05,
    0.9998202027332054,
    1.7778551863194697e-05,
    0.9986755882335183,
    6.144174602214718e-06,
    0.9049923600214191,
    0.0005527839057424948,
    0.9997834559501049,
    1.670142184809518e-05,
    0.9997219690361225,
    0.008581103213179373,
    0.9740426428022031,
    7.031184266914957e-05,
    0.3874870515750558,
    1.2788852136485986e-05,
    0.9999978766215376,
    0.0003150410968877766,
    0.9999822214481368,
    0.10735336948558628,
    0.9999905835938451,
    4.2647468185579125e-05,
    0.9994472266318452,
    0.9990992787272055,
    0.9999669179408197,
    0.0011694768447071673,
    0.9994807000853868
  ]
}