{
  "overall": 0.7197779351966984,
  "per_tier": {
    "basic": 0.9999350445993729,
    "policy": 0.8626593201921121,
    "vs_human": 0.648007523573035,
    "extreme": 0.509522683888303
  },
  "n_questions": 100,
  "all_scores": [
    0.9999997616612826,
    0.9999952297863826,
    0.9999999901667861,
    0.9999910579844632,
    0.9999998555019962,
    0.999999263247207,
    0.9999991684719722,
    0.9999955048184215,
    0.9999996312127327,
    0.9999996072141744,
    0.9999999656829014,
    0.9999756997129088,
    0.999999653367379,
    0.9989677689632451,
    0.9999998461826772,
    0.9998313472460109,
    0.9999997617626356,
    0.9999994284995529,
    0.9999997463318568,
    0.9999486041728706,
    0.9999985398219005,
    0.9999994284995529,
    0.9999898700090192,
    0.9999942280799698,
    0.998498817743263,
    0.9999982386928967,
    0.9998841622040463,
    0.9953923702535934,
    0.9652689875748359,
    0.9999904837483058,
    0.9998204720306533,
    0.9999997617628628,
    0.37754066879814546,
    0.9999999643581391,
    0.0035936025814200896,
    0.9999999623053676,
    0.904646257391768,
    0.9999995262094421,
    0.008576155482064257,
    0.9999949062949968,
    0.9999296881573309,
    0.9999904837483058,
    0.0534036190580755,
    0.9999757753276433,
    0.9980686051887238,
    0.9999999623054395,
    0.5770932234263922,
    0.9999998461826771,
    0.9369194580076488,
    0.9999452402301955,
    0.9971848503305113,
    0.9999962642798954,
    0.0035936025814200896,
    0.9902915235185259,
    0.006700539485426733,
    0.9999910603036952,
    0.033085551261478385,
    0.9740673223643436,
    0.0006263341581094201,
    0.9999892428997604,
    6.605214485464791e-05,
    6.60521448545559e-05,
    0.8808050881200268,
    0.9996205779954623,
    0.000714299233929871,
    0.9997037007071315,
    0.9820137900379085,
    0.0035936025814201633,
    0.0028011347426529533,
    0.9999892166672096,
    0.0005083578062108292,
    0.9998911030899734,
    0.0003799845147518645,
    0.9999972735297293,
    5.4759769804494653e-05,
    0.9990889488055994,
    7.484608476358251e-05,
    0.9964048604263315,
    5.449923345732085e-06,
    0.5470926312047966,
    0.000404484582554557,
    0.9973683260251154,
    2.4557901055103793e-05,
    0.9987527949255963,
    0.033034578346010465,
    0.9466713457462798,
    0.0002611903190957194,
    0.5,
    1.473898197449493e-05,
    0.9999957771665553,
    0.0003799859637297181,
    0.9999296881573309,
    0.26900930314201305,
    0.9999554493330841,
    0.00013135179706526775,
    0.9988956633253608,
    0.9980732653366725,
    0.9999482950573281,
    0.0010322310367548194,
    0.998299274350208
  ]
}