{
  "overall": 0.7126978104343373,
  "per_tier": {
    "basic": 0.999693303115935,
    "policy": 0.871636753087647,
    "vs_human": 0.6267381834430185,
    "extreme": 0.5013678138690516
  },
  "n_questions": 100,
  "all_scores": [
    0.9999996072137998,
    0.99999893229713,
    0.9999999865596159,
    0.9999942280799698,
    0.999999789756659,
    0.9999996310118557,
    0.9999990577572032,
    0.9999980052702785,
    0.9999996743681597,
    0.999999772967618,
    0.9999999559395033,
    0.99999457778103,
    0.9999991148430695,
    0.9940889423515705,
    0.9999997761971314,
    0.9998204696341105,
    0.9999995555740796,
    0.9999995549149481,
    0.9999997300417076,
    0.9999756997592567,
    0.999996910505552,
    0.9999997761971314,
    0.9999832981958888,
    0.9999975939022495,
    0.9995413645678611,
    0.9999990577554061,
    0.9998511618012714,
    0.9964060559213379,
    0.9875687706407054,
    0.9999938558253978,
    0.9998977001452741,
    0.9999999062283869,
    0.5924750351150052,
    0.9999999827421558,
    0.0015135896835496022,
    0.9999999791830664,
    0.8519118999920304,
    0.9999997371604895,
    0.0036005960558631945,
    0.9999987901343165,
    0.999948578680123,
    0.9999949041279969,
    0.03308622246379557,
    0.9999930207919654,
    0.9982967725012081,
    0.999999970219798,
    0.2056586588153433,
    0.9999999545991025,
    0.9323908130534011,
    0.9999599363077708,
    0.9968301209009541,
    0.999996910505552,
    0.0015011822567369915,
    0.994445486197778,
    0.0015013252125142284,
    0.9999964991455856,
    0.005195442176337722,
    0.9933131441237457,
    0.0003353482122266236,
    0.9999962824194626,
    2.287144782676546e-05,
    1.300712846652452e-05,
    0.6627495734418299,
    0.9998843006365253,
    0.00020129224208327112,
    0.9997694932780069,
    0.9740426428022031,
    0.0017007224114351516,
    0.0013234332931174894,
    0.9999975938976603,
    0.000487857122782266,
    0.9999452402301955,
    7.967300986103147e-05,
    0.9999985406237789,
    6.562358451229118e-05,
    0.9996651463273545,
    2.58674310813544e-05,
    0.9984995037418194,
    7.411279871974134e-06,
    0.2573569442043112,
    0.0003569726769167051,
    0.999850987418945,
    1.1633384922983595e-05,
    0.9997388096809042,
    0.02590912805053113,
    0.9707032321951796,
    6.205049602300743e-05,
    0.4687906266262437,
    9.516251694168764e-06,
    0.9999969262108583,
    0.00037998234129544005,
    0.9999251537724894,
    0.32082130082460697,
    0.9999934595502983,
    3.763644718097441e-05,
    0.9990889505417069,
    0.9992903471848492,
    0.9999043864363111,
    0.0007850878056579571,
    0.9992464206193638
  ]
}