{
  "overall": 0.7201780484459153,
  "per_tier": {
    "basic": 0.9998838093594765,
    "policy": 0.86664644928701,
    "vs_human": 0.6362325766863565,
    "extreme": 0.5200074123690365
  },
  "n_questions": 100,
  "all_scores": [
    0.9999998257018097,
    0.9999977486682096,
    0.9999999895325983,
    0.9999938558253978,
    0.9999998641986783,
    0.9999996940977731,
    0.9999991148430695,
    0.9999978766215376,
    0.9999996074295043,
    0.9999998231869942,
    0.9999999677581336,
    0.9999898700090192,
    0.9999995812611616,
    0.9978186871947087,
    0.9999998024946565,
    0.9999096152080722,
    0.9999997761975584,
    0.9999993916409633,
    0.9999996310107999,
    0.9999724643088854,
    0.9999969105114447,
    0.9999997300422225,
    0.999988521231873,
    0.9999967112509346,
    0.9993729455129697,
    0.99999893229713,
    0.9998766054240137,
    0.9953927376492508,
    0.9844225766065279,
    0.9999869928715335,
    0.999704042886487,
    0.9999997761971314,
    0.4755187445206113,
    0.9999999706434746,
    0.004070137715896127,
    0.999999976411324,
    0.8670441153319549,
    0.9999997826386336,
    0.007561780918448867,
    0.9999979950783382,
    0.9999379105563911,
    0.9999938558253978,
    0.01800973993735703,
    0.9999916019279651,
    0.998671755665098,
    0.9999999495643481,
    0.16453219349579942,
    0.9999999273419742,
    0.9739922970952998,
    0.999970688517346,
    0.9986708571904548,
    0.9999982363094562,
    0.007558961603956876,
    0.9902934671192076,
    0.010983274789308571,
    0.9999965100326961,
    0.015966274946979213,
    0.9859363729567545,
    0.0009138906723076142,
    0.9999962849499794,
    4.823401660797432e-05,
    2.4300240743180268e-05,
    0.9319519596876611,
    0.9998092579511206,
    0.00021834903789782895,
    0.9998204720306533,
    0.9840936082881853,
    0.002800926967121087,
    0.002800926967120973,
    0.9999952149055051,
    0.001005048099467048,
    0.9999573666826473,
    0.0001681283566153415,
    0.9999987901343165,
    3.321419494792514e-05,
    0.9995955208156768,
    1.5855910608560178e-05,
    0.9953904278206258,
    5.7345011571439056e-06,
    0.6513548646660543,
    0.0008040935978607418,
    0.9992454735328256,
    1.7778551863194697e-05,
    0.9995431082504814,
    0.029312230751356316,
    0.9626983949017375,
    0.00015843621910252594,
    0.33928182641564797,
    9.721280660187042e-06,
    0.9999990577554061,
    0.0004644905757035661,
    0.9999623200270977,
    0.6224593312018546,
    0.9999898700090192,
    6.578925325205987e-05,
    0.9985968624285366,
    0.9992445943672705,
    0.9999706884055347,
    0.0015012165648839123,
    0.999372135798884
  ]
}