{
  "overall": 0.7198944911703994,
  "per_tier": {
    "basic": 0.9998686001306651,
    "policy": 0.8647944476516631,
    "vs_human": 0.6380581057141383,
    "extreme": 0.5184814996656407
  },
  "n_questions": 100,
  "all_scores": [
    0.9999997761967047,
    0.9999981261246164,
    0.9999999895291237,
    0.9999949035156281,
    0.9999998724809571,
    0.9999997126314467,
    0.9999988642337675,
    0.999998003469873,
    0.9999996743694021,
    0.9999998742949032,
    0.9999999764113464,
    0.9999910603036952,
    0.9999995818812769,
    0.9975273768433652,
    0.9999998144608981,
    0.9998977003403755,
    0.9999997130570142,
    0.999999553526481,
    0.9999996308538212,
    0.9999687980886061,
    0.9999974387226745,
    0.9999997300422225,
    0.9999870047990972,
    0.9999962849499794,
    0.9992895134974997,
    0.9999991678889084,
    0.9998686482029348,
    0.9953929475765345,
    0.9890124148544885,
    0.9999869928715335,
    0.9997385869572795,
    0.9999998144607212,
    0.46879062662624377,
    0.9999999637668805,
    0.0024890347696477745,
    0.9999999762149314,
    0.8354310970752722,
    0.9999996940980648,
    0.005912010388069748,
    0.9999980052702785,
    0.9999097196098496,
    0.9999921107374138,
    0.01591176676608303,
    0.999989216687777,
    0.9978205006251782,
    0.999999966734667,
    0.22006111042514692,
    0.9999999226559344,
    0.9706800619494033,
    0.9999741325689186,
    0.9980732653366725,
    0.9999982396567867,
    0.006707995350460462,
    0.9914224983663475,
    0.009708476481474066,
    0.9999975938976603,
    0.017986344718341308,
    0.9796901639197515,
    0.000804104325107416,
    0.9999967112446617,
    4.8325638187255363e-05,
    2.282878092563223e-05,
    0.9412121526987651,
    0.9997965726340172,
    0.00028097769006164787,
    0.9997838676679791,
    0.9858875743327049,
    0.0031946917138145903,
    0.002797700429029267,
    0.99999457778103,
    0.0008040859356292355,
    0.9999599363077708,
    0.00016865275398914432,
    0.9999989969859118,
    3.763644718097441e-05,
    0.9995127126709457,
    2.01456908529364e-05,
    0.9953904278206258,
    5.77192003016332e-06,
    0.6513548646660543,
    0.0011658663927416135,
    0.9994122749846717,
    2.1085077615016677e-05,
    0.9995121428772177,
    0.02598017718580449,
    0.9626983949017375,
    0.00014883905026320967,
    0.3775406687981454,
    9.887182250814877e-06,
    0.9999987839525825,
    0.00043635663483681516,
    0.9999417087343389,
    0.5416309380131178,
    0.9999897335598051,
    7.00318648284761e-05,
    0.9989012689270753,
    0.9988516104925568,
    0.9999706884614404,
    0.001501147949372955,
    0.9994101537298289
  ]
}