{
  "overall": 0.7244293149127659,
  "per_tier": {
    "basic": 0.9998786223801159,
    "policy": 0.883618929243948,
    "vs_human": 0.6416093441816901,
    "extreme": 0.5174900044448202
  },
  "n_questions": 100,
  "all_scores": [
    0.9999972735349296,
    0.9999916019199561,
    0.9999998724809571,
    0.9999810748517539,
    0.9999991684719722,
    0.999996910505552,
    0.9999964982373515,
    0.999987791919345,
    0.9999985406237789,
    0.9999989760027886,
    0.9999996533667177,
    0.999966834990729,
    0.9999978766215375,
    0.9978172835546548,
    0.9999992188516693,
    0.9998840309047228,
    0.9999974387226745,
    0.9999978766195126,
    0.9999977396800133,
    0.9999667857417031,
    0.9999869963443028,
    0.9999980052702785,
    0.9999417087343389,
    0.9999885212318729,
    0.9993332976907565,
    0.9999930359508058,
    0.9997966575725103,
    0.9971988599295672,
    0.9902915235185259,
    0.999937949503977,
    0.9998205079749553,
    0.9999987901331626,
    0.7208016441932414,
    0.9999997046889573,
    0.00382561015232483,
    0.9999998599477319,
    0.924150377118285,
    0.999998346311991,
    0.03732668173101781,
    0.9999905068803585,
    0.9998977161423486,
    0.9999869912836731,
    0.07585884858508739,
    0.9999706884614404,
    0.9968367135124178,
    0.999999738347948,
    0.35825964615564887,
    0.9999997214731108,
    0.9502109427353389,
    0.9998686133787138,
    0.9973764737050657,
    0.9999898700090192,
    0.004331510246470721,
    0.9840955189880678,
    0.02595735719779685,
    0.9999934595627731,
    0.020361932462646632,
    0.9924201048287736,
    0.0043318557485988295,
    0.9999843104502723,
    0.00021654115936547546,
    6.60521448545559e-05,
    0.8355034607952123,
    0.9998603402212636,
    0.0008060437053902614,
    0.9998909767462387,
    0.9902997719997938,
    0.00669288896487763,
    0.005220125693558397,
    0.9999921107449374,
    0.0006847574489578545,
    0.9999038843872045,
    0.000970903868350603,
    0.9999938558195383,
    9.028039015031105e-05,
    0.9996647796456926,
    4.539778211688514e-05,
    0.9975274756357521,
    3.535618330749642e-05,
    0.4562725409056372,
    0.0018101593301384335,
    0.999411583329908,
    5.858897245272563e-05,
    0.9996430293649623,
    0.0675466911396291,
    0.9625854910766188,
    0.00040448149784208087,
    0.26149848636413275,
    2.931153855960119e-05,
    0.9999952265325893,
    0.0005963538096276288,
    0.9999724643088854,
    0.7772998611746911,
    0.9999771720028071,
    0.00012339410533226104,
    0.9990302480322174,
    0.9985896415033819,
    0.9999898182509198,
    0.0017043175336419526,
    0.999244581409558
  ]
}