{
  "overall": 0.7138219162600342,
  "per_tier": {
    "basic": 0.9999540446077072,
    "policy": 0.8536831227861071,
    "vs_human": 0.6293121792951067,
    "extreme": 0.5143360966424645
  },
  "n_questions": 100,
  "all_scores": [
    0.9999992188516693,
    0.9999986290441006,
    0.9999999611088859,
    0.9999967074537179,
    0.9999996743694021,
    0.9999997761971314,
    0.9999981261246162,
    0.9999986316447511,
    0.9999991148430695,
    0.9999998802069444,
    0.9999999006880668,
    0.9999942280799698,
    0.9999974387226745,
    0.9991959278562036,
    0.999999115641276,
    0.9999339478551453,
    0.9999993524052017,
    0.9999996533673788,
    0.9999990577554062,
    0.9999725499385325,
    0.9999916143966568,
    0.9999998724809571,
    0.9999667858050522,
    0.9999970787441691,
    0.9986781841419534,
    0.9999993931191935,
    0.9998683648318876,
    0.9978146399419371,
    0.9740426428022031,
    0.9999869928715335,
    0.9997694937175617,
    0.9999997761971314,
    0.22270013882530884,
    0.9999999656787447,
    0.004070129984329011,
    0.9999999827421723,
    0.8670709379755362,
    0.9999996533670483,
    0.009708439806196418,
    0.9999983682925723,
    0.9998206930596794,
    0.9999957771665553,
    0.01098694263059318,
    0.99999457778103,
    0.9978172835546547,
    0.9999999545317246,
    0.060313260933777146,
    0.9999999416174682,
    0.9681932852254979,
    0.9999485576881445,
    0.9954199832986537,
    0.9999975938953657,
    0.004609572179374208,
    0.9932981147495616,
    0.02595735719779685,
    0.9999972508352288,
    0.005220125693558397,
    0.9859363729567545,
    0.000755412831431281,
    0.9999970787441691,
    5.1442213742208984e-05,
    8.481120347425541e-05,
    0.8519528019683106,
    0.9998766054240138,
    0.000552772314407178,
    0.9998840806568137,
    0.9669140216112958,
    0.009870325668103752,
    0.0019221076922906794,
    0.9999972735297293,
    0.000666688330744729,
    0.9999707318679866,
    0.00029595824216788847,
    0.9999982581249781,
    2.282799719288797e-05,
    0.9997973821766655,
    1.473898197449493e-05,
    0.998299274350208,
    5.331236657951757e-06,
    0.43782349911420193,
    0.000519304864494927,
    0.9995694437395435,
    1.5689549727726036e-05,
    0.9998313472460109,
    0.029312285021241242,
    0.9399125957823474,
    0.00016865243236410335,
    0.5263537098272713,
    9.798253686860701e-06,
    0.9999987121047843,
    0.0003799837902650089,
    0.9999597762872113,
    0.4999561309815579,
    0.99999457778103,
    4.006369222920725e-05,
    0.9988427440732475,
    0.9975273768433653,
    0.9999869928715335,
    0.0013249567966301245,
    0.9994840669126166
  ]
}