{
  "overall": 0.7271951117563433,
  "per_tier": {
    "basic": 0.9997534465573287,
    "policy": 0.866606686690701,
    "vs_human": 0.6503443007943607,
    "extreme": 0.5293993162280975
  },
  "n_questions": 100,
  "all_scores": [
    0.9999996936435026,
    0.999996033014085,
    0.9999999764113464,
    0.999989216687777,
    0.9999998144605442,
    0.9999985406237789,
    0.9999991148430695,
    0.9999967112509346,
    0.9999997617626356,
    0.9999994091496415,
    0.9999999434379349,
    0.9999843902063944,
    0.9999996310115038,
    0.9953904278206258,
    0.9999998024942799,
    0.9997694932780069,
    0.9999996733523334,
    0.9999989234077529,
    0.9999995549149481,
    0.9999488193754772,
    0.9999974387080187,
    0.9999993524052018,
    0.9999785960371864,
    0.999995755590314,
    0.9996858311173356,
    0.9999981261264034,
    0.9999203268381867,
    0.9972032944703375,
    0.9963920472293679,
    0.999979854309147,
    0.9998911030899734,
    0.9999996940980648,
    0.43779908716244315,
    0.999999906616591,
    0.003376901232417625,
    0.9999999138281331,
    0.8933094060543487,
    0.9999993916415435,
    0.004610289860730332,
    0.999997417398272,
    0.9999452102476383,
    0.9999898700090192,
    0.0675466911396291,
    0.999992979765026,
    0.9980732653366725,
    0.9999998863407523,
    0.6428424748856187,
    0.9999998144607212,
    0.939913242106014,
    0.9999668242356122,
    0.9987569931743404,
    0.9999952149055051,
    0.0013250224172131609,
    0.9953901302589256,
    0.005232213331390761,
    0.9999938558253978,
    0.026085410563764868,
    0.9947794384848493,
    0.00048785247250612634,
    0.999990532123435,
    4.5397868702434395e-05,
    1.4739122535134541e-05,
    0.8519528019683106,
    0.99982047134593,
    0.0003799845147518645,
    0.9998601776577003,
    0.9824734707384356,
    0.0014103584966180804,
    0.004070122252776521,
    0.99999457778103,
    0.0010322310367548194,
    0.9999339941981034,
    0.0002611903190957194,
    0.9999972735297293,
    4.006369222920725e-05,
    0.9997965730219448,
    2.0579727850625457e-05,
    0.9984021088636507,
    1.7542262419049228e-05,
    0.8185626439563163,
    0.001252979914373506,
    0.9995965082498418,
    2.931148265397023e-05,
    0.9996430293649623,
    0.02439556513083332,
    0.9579122720843811,
    0.0004305546187250226,
    0.4277832566129639,
    1.8380471369956485e-05,
    0.9999967112509346,
    0.0009110511944006454,
    0.9999599363077708,
    0.6513947127684908,
    0.9999877809239796,
    7.967300986103147e-05,
    0.9988304897349445,
    0.9996646498695336,
    0.9999832985781519,
    0.002323162522631283,
    0.9997219621440281
  ]
}