{
  "overall": 0.8589999081572282,
  "per_tier": {
    "basic": 0.9999168045947877,
    "policy": 0.999749291181273,
    "vs_human": 0.8648572755780406,
    "extreme": 0.6653650210953459
  },
  "n_questions": 100,
  "all_scores": [
    0.9999999788552272,
    0.999997672853169,
    0.999999995207665,
    0.9999923840143206,
    0.9999999819954207,
    0.9999961551309431,
    0.9999999467331453,
    0.9999986220169469,
    0.9999999811534473,
    0.9999989651468598,
    0.9999999889439884,
    0.9999971869825159,
    0.9999999701141882,
    0.9984024313748968,
    0.9999999877623676,
    0.9999696384074228,
    0.9999999656787776,
    0.999996288052294,
    0.9999999586006244,
    0.9999869928715335,
    0.9999999506576907,
    0.9999991420764619,
    0.9999991684703864,
    0.9999989323174946,
    0.9999994460827635,
    0.9999947446042929,
    0.9999998898378893,
    0.9995694297845731,
    0.9999997035093924,
    0.999948582504841,
    0.9999995314451572,
    0.9999993000555059,
    0.9999741326675923,
    0.9999994994428527,
    0.999751692975392,
    0.9999999147351935,
    0.9978186996490189,
    0.9999949062852813,
    0.9979440935126299,
    0.9999950630110506,
    0.9999997300422225,
    0.99999534170067,
    0.9999724641513287,
    0.9999944129879771,
    0.9999877804811622,
    0.9999998059360938,
    0.999990483820908,
    0.9999997494449346,
    0.9999039071147541,
    0.9999752265406262,
    0.9999986843792539,
    0.9999815852808169,
    0.954231808033721,
    0.9875814790750657,
    0.9999623626914117,
    0.9999811692596602,
    0.9274644710113996,
    0.9973682709551306,
    0.8267117940706734,
    0.999983298546297,
    0.10085786455727064,
    1.6046891555543397e-06,
    0.9995955138750803,
    0.9992445929275356,
    0.5776884870733576,
    0.9985513605315326,
    0.9991785241434195,
    2.282799719277584e-05,
    0.5774990882415345,
    0.99999457778103,
    0.9999838105968446,
    0.9995417002056053,
    0.8175756140880124,
    0.9999907765298899,
    0.016922780859818288,
    0.9964064042481949,
    2.507154602895748e-05,
    0.9919499428467153,
    0.3630750574463288,
    0.009215533070247472,
    0.0960160519046859,
    0.9937101217062148,
    0.0013268838589109737,
    0.9995445823046112,
    0.9367857445828301,
    0.8312771158469487,
    0.01913853248121685,
    0.015532852679655873,
    4.395630925729195e-05,
    0.999993268056267,
    0.9997965361655196,
    0.9997278282597707,
    0.9999417080672834,
    0.9999756014423911,
    0.15521672668449157,
    0.7186414452537917,
    0.9999989322991665,
    0.9999318520577265,
    0.9997388096809043,
    0.9999253917810491
  ]
}