{
  "overall": 0.7118148657908399,
  "per_tier": {
    "basic": 0.9997282381304663,
    "policy": 0.8647507165372712,
    "vs_human": 0.6290535260451217,
    "extreme": 0.5006767234791857
  },
  "n_questions": 100,
  "all_scores": [
    0.9999996531239908,
    0.9999987901343165,
    0.999999981629173,
    0.9999925918858686,
    0.9999998641986783,
    0.9999995818816756,
    0.9999991148430695,
    0.9999980052702785,
    0.9999996741904786,
    0.99999979274735,
    0.9999999656717723,
    0.999996033014085,
    0.9999991684719722,
    0.994777040819022,
    0.9999997617630899,
    0.9998310958694938,
    0.9999997614093038,
    0.9999995549149481,
    0.9999996310115038,
    0.9999756997592567,
    0.9999972735297293,
    0.9999997761971314,
    0.9999822339223787,
    0.9999978766215376,
    0.9993736658418905,
    0.9999988634362893,
    0.9998766054240137,
    0.9964067388834899,
    0.9890130573694068,
    0.9999934928106781,
    0.9998977001452741,
    0.9999999176675142,
    0.4526602068605991,
    0.9999999791830863,
    0.0017952260648608268,
    0.9999999816291205,
    0.8519528019683106,
    0.9999998024946566,
    0.004070137715896127,
    0.9999989929795619,
    0.9999546205702917,
    0.9999942305344549,
    0.04208772791561884,
    0.9999905068803585,
    0.9980769041019028,
    0.999999966734667,
    0.2056586588153433,
    0.9999999598148387,
    0.9149319865313585,
    0.9999379497406657,
    0.9975273768433653,
    0.9999964991455856,
    0.0013250249411465552,
    0.9944450752963089,
    0.0031688667411458593,
    0.9999955157453391,
    0.005939098231690893,
    0.9914302156215572,
    0.0002039233535532328,
    0.9999962733607158,
    3.535625074174431e-05,
    1.078337392501627e-05,
    0.7429571645526453,
    0.9999038975845005,
    0.00015041702184391434,
    0.9998088942263851,
    0.9707443738852504,
    0.0019267163240441754,
    0.001410358496618023,
    0.9999974387177892,
    0.0004878589829051273,
    0.9999546020447119,
    9.610241549947395e-05,
    0.9999986290427931,
    4.5397868702434395e-05,
    0.999704042886487,
    2.4300240743279598e-05,
    0.9989677689632451,
    7.889262586245034e-06,
    0.21859052483849095,
    0.00031503989548226785,
    0.9998413793650811,
    1.1326206286201992e-05,
    0.9997829275750192,
    0.020332353342658753,
    0.9626927780477876,
    7.967285790907736e-05,
    0.5,
    8.39807203495153e-06,
    0.9999974256310937,
    0.0003509829042294936,
    0.9999296881573309,
    0.32082130082460697,
    0.999989216687777,
    3.763644718097441e-05,
    0.9990889140827558,
    0.9992903296008995,
    0.9999335170034329,
    0.0005884110618419804,
    0.9993332900659972
  ]
}