{
  "overall": 0.7241413304682663,
  "per_tier": {
    "basic": 0.9998789388980143,
    "policy": 0.8838320203772744,
    "vs_human": 0.6412177120211318,
    "extreme": 0.5167794166895636
  },
  "n_questions": 100,
  "all_scores": [
    0.9999984464992824,
    0.9999904837392305,
    0.9999998801671811,
    0.9999832985781519,
    0.9999991684719722,
    0.999996910505552,
    0.9999957771746096,
    0.999989216687777,
    0.9999985406237789,
    0.9999990075097325,
    0.9999996533667177,
    0.9999756997592567,
    0.9999983463104141,
    0.9978172835546548,
    0.9999993106389544,
    0.9998910559360101,
    0.9999983463072599,
    0.9999982396551078,
    0.9999983463072599,
    0.999951766167381,
    0.9999898700090192,
    0.9999980052702785,
    0.9999485577862579,
    0.9999877809239796,
    0.9994115911814431,
    0.9999925887271959,
    0.9998205466498319,
    0.9968270818925105,
    0.9902915235185259,
    0.9999417085675757,
    0.9998415637808975,
    0.9999986290414857,
    0.7057925530302271,
    0.9999997681705519,
    0.007575018437148316,
    0.9999998724809571,
    0.9399050548587073,
    0.999998346311991,
    0.037326887344129464,
    0.9999934595627731,
    0.9998977001452741,
    0.9999861523051704,
    0.0953494648991095,
    0.9999706884614404,
    0.9975200316773681,
    0.9999997463978915,
    0.3299970174919219,
    0.9999997470143518,
    0.9427326507792433,
    0.9998601779243527,
    0.9973683260251155,
    0.9999885315610781,
    0.0046152554090436,
    0.9902893410925654,
    0.025991666931012746,
    0.9999934595627731,
    0.02030285423915012,
    0.9902930270924205,
    0.004331140096065617,
    0.9999885212318729,
    0.00017952899643257228,
    6.60540345237548e-05,
    0.8354785558776959,
    0.9999038975845005,
    0.0007554056327295276,
    0.9998686482029348,
    0.9890130573694068,
    0.007577241267860746,
    0.005222979000961223,
    0.9999904923296856,
    0.0006263317703352532,
    0.9999039105967265,
    0.0010987310729246428,
    0.9999938558195383,
    0.00010229985472581484,
    0.9997388056964669,
    5.1987452552771166e-05,
    0.9978172835546548,
    2.4300240743279598e-05,
    0.43782349911420193,
    0.0013276069125742074,
    0.9993332989615411,
    7.92678753707127e-05,
    0.9996430293649623,
    0.0675466911396291,
    0.9526918650526264,
    0.0003569740381758892,
    0.2689856745563808,
    2.931153855960119e-05,
    0.9999955048141346,
    0.0007096703991005882,
    0.9999688262246473,
    0.7773091058307875,
    0.9999785550106769,
    0.00014883791488471787,
    0.9989012689270753,
    0.9986749498192554,
    0.9999898182509198,
    0.001700722411435288,
    0.9988305164712995
  ]
}