{
  "overall": 0.7306144934513502,
  "per_tier": {
    "basic": 0.9999160577461763,
    "policy": 0.887324069880283,
    "vs_human": 0.6530374464716342,
    "extreme": 0.5241841132818933
  },
  "n_questions": 100,
  "all_scores": [
    0.9999987113995867,
    0.9999910603036952,
    0.9999999273418356,
    0.9999861539954362,
    0.9999994956516297,
    0.9999955048141346,
    0.9999975938976604,
    0.999994571510151,
    0.9999990577554062,
    0.9999986145072441,
    0.9999998256808642,
    0.9999822214481368,
    0.9999988634362894,
    0.9985895233033736,
    0.9999993524052017,
    0.9998204723730139,
    0.9999989969859118,
    0.9999984465022455,
    0.999998629042793,
    0.9999741325689186,
    0.9999934595378234,
    0.9999985406237789,
    0.9999599363077709,
    0.9999962733607158,
    0.9993736658418905,
    0.999995503660804,
    0.9998977001452741,
    0.997527461522795,
    0.9973644884036411,
    0.999982165953922,
    0.9998976794624219,
    0.9999994603823792,
    0.8386782139021955,
    0.9999998724809571,
    0.0038244836446372104,
    0.9999998983816133,
    0.8896462163279228,
    0.9999991148430696,
    0.020349989292319286,
    0.9999972735297293,
    0.9999379495039771,
    0.9999885200057568,
    0.11920292202211755,
    0.9999833505480377,
    0.9971990836876201,
    0.999999864256816,
    0.6224593312018546,
    0.9999996940977731,
    0.9324533088603709,
    0.9999516868952237,
    0.9964063974185798,
    0.999992588720128,
    0.0014103611828719996,
    0.9947798743064415,
    0.01098694263059318,
    0.9999892371533766,
    0.007581387500288998,
    0.9968273171575148,
    0.002631568844468587,
    0.9999910820342727,
    9.610241549947395e-05,
    5.829126566114784e-05,
    0.9046452702037434,
    0.9998088960485547,
    0.0003353443757798211,
    0.9998088967774178,
    0.9924227587321393,
    0.007577241267860746,
    0.00460509356121536,
    0.999993031473071,
    0.0019266319655854873,
    0.9998840806568137,
    0.0010322310367548194,
    0.9999964991455856,
    5.511717675698525e-05,
    0.9997546305194573,
    3.803550857784856e-05,
    0.9973689267139335,
    1.6786723385387237e-05,
    0.5312093733737562,
    0.0014103235757812582,
    0.999541687099365,
    3.321419494792514e-05,
    0.9995959909565147,
    0.06757636996384686,
    0.9626681776145694,
    0.00027803255434567873,
    0.3456671781339462,
    1.0783312222985274e-05,
    0.9999945645685591,
    0.0006667137464150562,
    0.9999252064276641,
    0.8175835791942018,
    0.9999756998056046,
    0.00014883791488471787,
    0.9989012479932697,
    0.9990889488055994,
    0.9999930377437498,
    0.0017007968951972697,
    0.9994806951355051
  ]
}