{
  "overall": 0.7236955415271038,
  "per_tier": {
    "basic": 0.9999234948605056,
    "policy": 0.879203103223635,
    "vs_human": 0.6428573077168153,
    "extreme": 0.5167100986507704
  },
  "n_questions": 100,
  "all_scores": [
    0.9999992658654304,
    0.9999967112509346,
    0.9999999468648569,
    0.9999892212733128,
    0.9999994956535537,
    0.9999985464311736,
    0.9999978766255876,
    0.9999960294411385,
    0.9999987901343165,
    0.999999463125508,
    0.9999998642564276,
    0.999982195081083,
    0.9999987901343165,
    0.9986740156165165,
    0.9999993524052017,
    0.999891103297655,
    0.9999992188516693,
    0.9999991175957765,
    0.9999992188516693,
    0.999951674453982,
    0.9999949041182774,
    0.9999993524052018,
    0.9999843104502723,
    0.9999952149055051,
    0.9986730226213342,
    0.999996499142247,
    0.9998511314268561,
    0.9933100015082041,
    0.9840936082881853,
    0.999979854309147,
    0.9998601779243528,
    0.9999994314042149,
    0.6650822236222363,
    0.9999999037436652,
    0.012427530185077789,
    0.9999999598743111,
    0.9149009549929797,
    0.9999989969849552,
    0.015924464958047363,
    0.9999905216076279,
    0.9999296536852436,
    0.9999843104353098,
    0.08509904500702024,
    0.9999770807789774,
    0.9978147896656577,
    0.999999862297756,
    0.29388911537563184,
    0.9999997463978915,
    0.970690102761516,
    0.9999339254275847,
    0.994813491412253,
    0.9999921107374138,
    0.008577517853623253,
    0.9840988323227537,
    0.05992871202223043,
    0.9999811107694155,
    0.02297736991002561,
    0.9820040850541838,
    0.0020507942855426324,
    0.9999910385201668,
    0.00016865243236410335,
    0.00029563111252051133,
    0.8807970779778823,
    0.999448044788864,
    0.0007603311001520322,
    0.9995955161886257,
    0.9902915235185259,
    0.005959605210921093,
    0.006686855876254249,
    0.9999832985781519,
    0.0005883998455022458,
    0.9998313472460109,
    0.0013249971781432858,
    0.9999942140153777,
    7.967300986103147e-05,
    0.9990293440072952,
    0.00012339457598623172,
    0.9902915235185259,
    2.144494842091395e-05,
    0.4380850075367295,
    0.0013250224172131609,
    0.996179118959855,
    7.40609835835511e-05,
    0.9989012689270753,
    0.06008665017400762,
    0.8812595003026285,
    0.00043055954393828624,
    0.4689882229198511,
    2.7246840792316934e-05,
    0.9999945561230987,
    0.0006667023092435894,
    0.9998766051886862,
    0.6680399154341249,
    0.9999602670992092,
    0.00013982207564732912,
    0.9975434374752289,
    0.9986749296272313,
    0.9998977001452742,
    0.002050743539917378,
    0.9978172835546548
  ]
}