{
  "overall": 0.7150918265192092,
  "per_tier": {
    "basic": 0.9999662124718436,
    "policy": 0.8746089807928537,
    "vs_human": 0.620905031301106,
    "extreme": 0.5130175949197933
  },
  "n_questions": 100,
  "all_scores": [
    0.9999991148430695,
    0.9999972843767537,
    0.999999958583012,
    0.999989216687777,
    0.9999996073441354,
    0.9999993106389545,
    0.9999984465022453,
    0.9999972710740753,
    0.9999989969859118,
    0.9999997084846699,
    0.9999998724807138,
    0.9999930377437498,
    0.9999985406265625,
    0.9995121428772177,
    0.9999994958670645,
    0.9998840799935929,
    0.9999995255067595,
    0.9999993503843754,
    0.9999993521284606,
    0.9999599363077708,
    0.9999957753539306,
    0.9999994963994857,
    0.999979854309147,
    0.9999974387177892,
    0.9992916458395587,
    0.9999980052721807,
    0.9999038858536603,
    0.997817445559107,
    0.9875683491468141,
    0.9999910603036952,
    0.9998911030899734,
    0.9999998245644696,
    0.6224960856865749,
    0.9999999416175238,
    0.004609572179374208,
    0.9999999706433905,
    0.8626570169879231,
    0.9999994956525918,
    0.017986209962091555,
    0.9999974387177892,
    0.9999038975845005,
    0.9999930377437498,
    0.03736906102746621,
    0.9999885212318729,
    0.9980732653366725,
    0.9999999463115794,
    0.04742587317756679,
    0.999999897535568,
    0.9706877692486436,
    0.999962363552819,
    0.9978225570669186,
    0.9999969105026056,
    0.002973966282593359,
    0.994777040819022,
    0.008582125556103416,
    0.9999957639851661,
    0.004609572179374208,
    0.9875683491468141,
    0.00035697063503765833,
    0.9999942280799698,
    7.967300986103147e-05,
    3.1223819153436416e-05,
    0.5926665999540697,
    0.9998767886079952,
    0.00019110431587777675,
    0.9999201753497833,
    0.9801915975361724,
    0.001931391134551319,
    0.002185235287584862,
    0.999996033014085,
    0.0005884088185569387,
    0.9999452402301955,
    0.0002780309638775155,
    0.9999981261264034,
    6.562395998988616e-05,
    0.9998511609497368,
    3.120191139396651e-05,
    0.9986744146267775,
    1.1478768127080351e-05,
    0.4687906266262437,
    0.0007096703991005882,
    0.9998204730577331,
    2.4300240743279598e-05,
    0.9997694945966691,
    0.0675466911396291,
    0.9626731126558705,
    0.00013135104556512975,
    0.42256746270715184,
    1.670142184809518e-05,
    0.9999974256335488,
    0.00033986898958667455,
    0.9999517302762589,
    0.4688077259195876,
    0.9999898700090192,
    3.321425829693071e-05,
    0.9992445943672704,
    0.9993332976907565,
    0.9999822214820461,
    0.0019427375403718759,
    0.9994115911814431
  ]
}