{
  "baseline": {
    "overall": 0.7141489876266046,
    "per_tier": {
      "basic": 0.7420263009759125,
      "policy": 0.8165685200594698,
      "vs_human": 0.6015675579658447,
      "extreme": 0.7398658534325823
    }
  },
  "variants": {
    "P3-A (primed)": {
      "mean": 0.8222547182795968,
      "std": 0.006962072619660939,
      "n_seeds": 3,
      "all_overalls": [
        0.8306475109172706,
        0.8136000199804198,
        0.8225166239411001
      ],
      "per_tier": {
        "basic": {
          "mean": 0.7637385655509249,
          "std": 0.004528319395261392
        },
        "policy": {
          "mean": 0.8853558072051616,
          "std": 0.006819542272081731
        },
        "vs_human": {
          "mean": 0.8251548984645378,
          "std": 0.015239823587118725
        },
        "extreme": {
          "mean": 0.8162979139633939,
          "std": 0.003209015697921803
        }
      }
    },
    "P3-B (unprimed)": {
      "mean": 0.7295046346069354,
      "std": 0.001245123503323514,
      "n_seeds": 3,
      "all_overalls": [
        0.7277562477868698,
        0.7301975645254464,
        0.7305600915084899
      ],
      "per_tier": {
        "basic": {
          "mean": 0.708169196248145,
          "std": 0.004585521053700221
        },
        "policy": {
          "mean": 0.869419751306617,
          "std": 0.008782114363023265
        },
        "vs_human": {
          "mean": 0.6490998044403437,
          "std": 0.00358231210118204
        },
        "extreme": {
          "mean": 0.7308563458795997,
          "std": 0.0019072435045980989
        }
      }
    },
    "P3-C (anti)": {
      "mean": 0.5435665622912945,
      "std": 0.0092277937984245,
      "n_seeds": 3,
      "all_overalls": [
        0.5519025161919844,
        0.5307030593647051,
        0.548094111317194
      ],
      "per_tier": {
        "basic": {
          "mean": 0.4494337362428294,
          "std": 0.007307429519421165
        },
        "policy": {
          "mean": 0.603232250014987,
          "std": 0.012525822692204425
        },
        "vs_human": {
          "mean": 0.5813490634793239,
          "std": 0.010503406609456815
        },
        "extreme": {
          "mean": 0.5287621533197798,
          "std": 0.01151120664739697
        }
      }
    },
    "P3-D (style)": {
      "mean": 0.7637833593848686,
      "std": 0.0013308092103025576,
      "n_seeds": 3,
      "all_overalls": [
        0.7620094696626438,
        0.7641257253523593,
        0.7652148831396026
      ],
      "per_tier": {
        "basic": {
          "mean": 0.7604750774412379,
          "std": 0.0013436215642624767
        },
        "policy": {
          "mean": 0.8642751822873963,
          "std": 0.011894576450597898
        },
        "vs_human": {
          "mean": 0.7184089359210487,
          "std": 0.006946796977111901
        },
        "extreme": {
          "mean": 0.7443687555427574,
          "std": 0.004389050432143459
        }
      }
    }
  },
  "statistical_tests": {
    "p3a_vs_p3b": {
      "statistic": 1686.0,
      "p_value": 0.0039171894476237945,
      "significant_005": true,
      "significant_001": true,
      "n_nonzero_diffs": 100
    }
  }
}