{
  "overall": 0.5307030593647051,
  "per_tier": {
    "basic": 0.439099487240207,
    "policy": 0.5955619466869277,
    "vs_human": 0.5665019756561789,
    "extreme": 0.5127339329414147
  },
  "n_questions": 100,
  "all_scores": [
    0.03308619195431406,
    3.852819421538935e-06,
    0.9996477714959907,
    0.9997546066558917,
    0.00021654404989510323,
    0.09630582697292185,
    0.0009667206744923458,
    0.9579122720843811,
    3.966985914982679e-06,
    0.006948166367405337,
    0.9998700960754447,
    0.9999667827641634,
    0.9996960973830631,
    0.5,
    0.14804719803168942,
    0.0019267346633274755,
    0.06004174669441645,
    1.3846004563753395e-05,
    0.9777691884240628,
    0.9998121347027793,
    0.920523420057346,
    0.0850993420091289,
    0.8519528019683105,
    0.9924227587321393,
    0.9579123105330329,
    0.00033535013046647816,
    0.01033483201153429,
    0.9964088313569994,
    0.038208192236184546,
    0.10669059394565118,
    0.9399133498259924,
    0.9999955048184215,
    0.017890011977754083,
    0.37754066879814546,
    0.9999706888527775,
    4.2647468185579125e-05,
    0.6177121850241699,
    0.9987850478653545,
    0.9999097192654878,
    0.9995906768614741,
    0.6291695921587792,
    0.9840936082881853,
    0.9925489758022755,
    0.9993738067050023,
    0.00014883848257296606,
    0.9841987477478733,
    0.0015012680285722416,
    0.9948164675172312,
    0.9999339478551454,
    0.34864513533394575,
    0.9999374328024065,
    0.999941711180144,
    0.8175770364482193,
    0.029296333871364752,
    0.00023329573153918481,
    0.6253764418157041,
    0.9796677036458324,
    0.9889489864087609,
    0.00012339598795891365,
    0.9999981656288376,
    0.00019110431587765486,
    0.042087651018348896,
    0.9986216978429202,
    4.006346299267882e-05,
    0.029312230751356316,
    0.9997040434508128,
    0.9648551535992067,
    0.04279159766042373,
    0.5414988198104171,
    0.0004260163326608145,
    0.5621765008857981,
    0.0002453694805426224,
    0.5621765008857981,
    0.0008040859356291952,
    0.2629342378819912,
    0.7259485049102699,
    0.0012448931023672472,
    0.008577485413711986,
    0.24508501313237174,
    0.995929862284104,
    0.5,
    0.9999305235584067,
    0.32082130082460697,
    0.0003150471039840222,
    0.9972670714655125,
    0.9940263785965651,
    0.9241418199787564,
    0.00035271843043728664,
    0.00026119007007041617,
    0.9647857208792043,
    0.9875683491468141,
    0.10059128677436402,
    0.9770226300899744,
    0.015917382619505004,
    0.9955120669996678,
    0.9999485578353142,
    0.45411089959511264,
    0.0017006576455935467,
    0.9525741268224334,
    0.8300478058935326
  ]
}