{
  "overall": 0.7305600915084899,
  "per_tier": {
    "basic": 0.7017359840745141,
    "policy": 0.8813490545120292,
    "vs_human": 0.6498645338594835,
    "extreme": 0.729945745444454
  },
  "n_questions": 100,
  "all_scores": [
    0.9994044334565516,
    0.001325363191652514,
    0.9999999758591879,
    0.99999974005439,
    0.0009110494582931746,
    0.9669140521205599,
    0.9888583927680338,
    0.9740426669144862,
    2.3588653585981945e-08,
    0.34864513533394575,
    0.9999995818812769,
    0.9999991148430695,
    0.9999995865002025,
    0.991422514586288,
    0.05340337800943007,
    0.7310585786300049,
    0.9788440017402114,
    7.039409389476824e-05,
    0.9998218413618953,
    0.9999998570982551,
    0.9150383660211135,
    0.9997575654515914,
    0.9948234608175245,
    0.999999906705072,
    0.9998765869494275,
    9.610296535063227e-05,
    0.8894138992023988,
    0.9999989969859118,
    0.9995249960956869,
    0.9999151890391516,
    0.9980732653366725,
    0.9999999963825592,
    0.8315575542444664,
    0.9989677689632452,
    0.9999999888575407,
    1.0036498330107055e-07,
    0.9999417089011016,
    0.9999958662533543,
    0.9999998530359958,
    0.9999999176674356,
    0.054969458941142135,
    0.9999930376906323,
    0.9999999496723112,
    0.9999994285000979,
    0.004608224639299774,
    0.9999995549149481,
    0.0004305628274450822,
    0.9999952149100686,
    0.9999991476724753,
    0.931045875246478,
    0.99999893229713,
    0.9999999979388463,
    0.8519528019683105,
    0.12955386551283907,
    0.00011605593615027221,
    0.13484210065160276,
    0.9999994962400105,
    0.9999970976880148,
    8.939696304799167e-06,
    0.9999999913222027,
    0.025957381310101835,
    0.998673502788035,
    0.999998533168587,
    7.811490756459705e-07,
    0.07585818002124356,
    0.9999996533673788,
    0.9989275552971781,
    0.9303112465162784,
    0.9991187915280884,
    0.3595806563722282,
    0.999981074851754,
    4.5397868702434395e-05,
    0.9990889488055994,
    1.657227430873487e-05,
    0.9964063974185798,
    0.9999995549149481,
    3.535584613818609e-05,
    3.120203041632575e-05,
    0.9269468210076129,
    0.999859591664053,
    0.9986303497846041,
    0.9999991148430695,
    0.9975369554542648,
    1.913658077145447e-05,
    0.9999986651935298,
    0.999089823384928,
    0.9999527797237007,
    4.5397868702434395e-05,
    0.9963099914846953,
    0.9324532487939936,
    0.9999804341879049,
    0.9876582279796554,
    0.9997327063421262,
    0.14692676518030073,
    0.9989677689632451,
    0.999999906704983,
    0.9439861987794698,
    0.009708476481474066,
    0.9998911031938144,
    0.9650743957262755
  ]
}