{
  "overall": 0.7301975645254464,
  "per_tier": {
    "basic": 0.7106781012344404,
    "policy": 0.8604622594470921,
    "vs_human": 0.6530545852980839,
    "extreme": 0.7335103893323826
  },
  "n_questions": 100,
  "all_scores": [
    0.9986749902023818,
    0.02052529564410019,
    0.9999999620579532,
    0.9999995377718804,
    0.005253999416807629,
    0.9828518283867623,
    0.9859363729567544,
    0.9820369701960724,
    2.2159468260340986e-08,
    0.433866211452395,
    0.9999994956530728,
    0.9999994956525918,
    0.999999428499553,
    0.9966664248505905,
    0.022818111397027163,
    0.7931701036530661,
    0.9916360625511775,
    0.00030735252048283337,
    0.9998204722018335,
    0.9999998874648379,
    0.7004155588828703,
    0.9998204718594726,
    0.9816111259465493,
    0.9999998920059067,
    0.9998636003598496,
    0.0003799845147518645,
    0.8519528019683105,
    0.9999982396551079,
    0.9987909505725059,
    0.9999546021312976,
    0.9981156844510336,
    0.9999999959009065,
    0.679178699175393,
    0.9991959140643708,
    0.9999999895325783,
    1.9750534345450816e-07,
    0.9999703357436772,
    0.9999974387226745,
    0.9999998334682869,
    0.9999998724809571,
    0.01230103562037188,
    0.9999970828532921,
    0.9999999500628214,
    0.9999994794761278,
    0.0015558574373755185,
    0.9999997761971314,
    0.0013936329851041577,
    0.9999957771665553,
    0.9999991684719722,
    0.9585070157724176,
    0.999996910505552,
    0.9999999973534264,
    0.7070117310785784,
    0.1645164628965632,
    4.540107248385272e-05,
    0.17133480083704528,
    0.9999997463981333,
    0.999998629042793,
    1.3846004563753395e-05,
    0.9999999928058532,
    0.014495784776835996,
    0.9992997378286894,
    0.9999978874176617,
    1.0677028701167046e-06,
    0.1067393221299866,
    0.9999995262094421,
    0.9989677689632452,
    0.8354835371034368,
    0.9975273015703323,
    0.6224593312018546,
    0.9999827331917325,
    0.00012057350419988052,
    0.999620015485248,
    1.440174711675457e-05,
    0.9983121818820088,
    0.9999996743687808,
    6.612865665243322e-05,
    9.610241549947395e-05,
    0.8716196362333859,
    0.99994152679058,
    0.9947798743064415,
    0.9999993524064369,
    0.9992903309535263,
    4.0063615816913e-05,
    0.9999987121047844,
    0.9993736658418905,
    0.9999599363841831,
    0.00021414751519636358,
    0.989014611687304,
    0.9741170458007555,
    0.9999869928715335,
    0.9770226300899744,
    0.9997695359109325,
    0.24508501313237172,
    0.9943072199481785,
    0.9999999305791146,
    0.9740426428022031,
    0.01872561808000878,
    0.9998513607847843,
    0.9699600208808346
  ]
}