{
  "baseline": {
    "overall": 0.663694620202682,
    "per_tier": {
      "basic": 0.9999999977010539,
      "policy": 0.7521886510900365,
      "vs_human": 0.5109814784145995,
      "extreme": 0.5332081564002801
    }
  },
  "variants": {
    "P4-A (primed, constrained)": {
      "mean": 0.7274456388810769,
      "std": 0.002571205306606483,
      "n_seeds": 3,
      "all_overalls": [
        0.7271951117563433,
        0.7244293149127659,
        0.7307124899741219
      ],
      "per_tier": {
        "basic": {
          "mean": 0.9998443103687791,
          "std": 6.488875724235069e-05
        },
        "policy": {
          "mean": 0.8789848847246904,
          "std": 0.008844321508456793
        },
        "vs_human": {
          "mean": 0.6486642646603008,
          "std": 0.005211647407124595
        },
        "extreme": {
          "mean": 0.5236017348809763,
          "std": 0.004867028116173382
        }
      }
    },
    "P4-B (unprimed, constrained)": {
      "mean": 0.7121915026314228,
      "std": 0.002022469453731629,
      "n_seeds": 3,
      "all_overalls": [
        0.7099243816705335,
        0.7148352604328949,
        0.7118148657908399
      ],
      "per_tier": {
        "basic": {
          "mean": 0.9998891316987186,
          "std": 0.00011388618041369035
        },
        "policy": {
          "mean": 0.8613140491067722,
          "std": 0.014376730397407441
        },
        "vs_human": {
          "mean": 0.6252933155037255,
          "std": 0.0031882638353825667
        },
        "extreme": {
          "mean": 0.5078762393973564,
          "std": 0.005188283910909894
        }
      }
    },
    "P4-C (anti, constrained)": {
      "mean": 0.7228895711207829,
      "std": 0.001403654772461812,
      "n_seeds": 3,
      "all_overalls": [
        0.7232625697487672,
        0.724391569392819,
        0.7210145742207623
      ],
      "per_tier": {
        "basic": {
          "mean": 0.9999402499071222,
          "std": 3.279279432095888e-05
        },
        "policy": {
          "mean": 0.8722773638475383,
          "std": 0.007829086196525274
        },
        "vs_human": {
          "mean": 0.6458087798184958,
          "std": 0.0033027308887859106
        },
        "extreme": {
          "mean": 0.5156780480810069,
          "std": 0.003413955917187982
        }
      }
    },
    "P4-D (style, constrained)": {
      "mean": 0.7160346046770281,
      "std": 0.002852919364795978,
      "n_seeds": 3,
      "all_overalls": [
        0.7198944911703994,
        0.7130874689476927,
        0.7151218539129921
      ],
      "per_tier": {
        "basic": {
          "mean": 0.9999413485204903,
          "std": 5.286661714785423e-05
        },
        "policy": {
          "mean": 0.8551510359248148,
          "std": 0.006983691091571499
        },
        "vs_human": {
          "mean": 0.6314204936267609,
          "std": 0.0047242911345648534
        },
        "extreme": {
          "mean": 0.5186332656664626,
          "std": 0.004305526174282662
        }
      }
    },
    "P4-E (primed, unconstrained)": {
      "mean": 0.8359114041204765,
      "std": 0.018247770072156676,
      "n_seeds": 3,
      "all_overalls": [
        0.8603207371856659,
        0.8309600136334994,
        0.8164534615422641
      ],
      "per_tier": {
        "basic": {
          "mean": 0.9997820736386013,
          "std": 0.00011521621072558308
        },
        "policy": {
          "mean": 0.9968829700803269,
          "std": 0.0035415669839511193
        },
        "vs_human": {
          "mean": 0.8199652968756669,
          "std": 0.038134503854922945
        },
        "extreme": {
          "mean": 0.6352960210466359,
          "std": 0.022284122049108623
        }
      }
    }
  }
}