{
  "overall": 0.8164534615422641,
  "per_tier": {
    "basic": 0.9997659911399122,
    "policy": 0.9918927717279477,
    "vs_human": 0.7744871202827138,
    "extreme": 0.6192519096129262
  },
  "n_questions": 100,
  "all_scores": [
    0.999999923855043,
    0.9999972735349296,
    0.9999999806376135,
    0.9999945779464996,
    0.9999999123578599,
    0.9999974420961492,
    0.9999997918343693,
    0.9999986890483664,
    0.9999999189439609,
    0.9999991427520116,
    0.9999999468422517,
    0.9999942280579518,
    0.9999999328020542,
    0.9953936997377865,
    0.9999999598744259,
    0.999970688517346,
    0.999999874738759,
    0.9999938714737546,
    0.9999998642566865,
    0.9999811034904246,
    0.9999997617626356,
    0.999999193492562,
    0.9999962657331727,
    0.9999990136580785,
    0.9999944056302756,
    0.9999965749093562,
    0.9999990867486819,
    0.9989013066069214,
    0.9999953622859278,
    0.9999586542731949,
    0.9999961548669287,
    0.9999994714494752,
    0.9937100978631075,
    0.9999995986852646,
    0.9724126711651423,
    0.9999999317874398,
    0.9637984493903526,
    0.9999969589082551,
    0.9091057674677291,
    0.9999967078744519,
    0.9999973574141792,
    0.9999926090054461,
    0.9990889488055994,
    0.9999970492831685,
    0.9997911023744424,
    0.9999998734733181,
    0.9999702943843508,
    0.9999997654566101,
    0.9947344044090018,
    0.9999452384546824,
    0.9999832984507318,
    0.9999798543475711,
    0.2463842165386038,
    0.9938758983041114,
    0.9982952215875434,
    0.999980474189275,
    0.7016759480358139,
    0.9973687164884038,
    0.14912796484405966,
    0.9999869600329089,
    0.0040857853755056255,
    3.0958592454055633e-06,
    0.9947760100806795,
    0.9971994725580151,
    0.07599280404366036,
    0.9986749725349152,
    0.9830850867332734,
    5.954050979517511e-05,
    0.10056816570050857,
    0.9999934792059955,
    0.9978172835546547,
    0.9998236349877244,
    0.03290268267432664,
    0.9999878037422855,
    0.0028011986766779454,
    0.9971736912737044,
    9.080388161757502e-06,
    0.9919363914866505,
    0.011713504139142744,
    0.28140599312665326,
    0.006692850924284856,
    0.9943835758886816,
    0.00023766700361520316,
    0.9991959186616747,
    0.5363736187547092,
    0.8151942752605428,
    0.0033761181832485626,
    0.04188480367250813,
    9.22252017965168e-06,
    0.999993959198247,
    0.9840994590934592,
    0.9996200154852481,
    0.9991780324125542,
    0.9999398585969268,
    0.01590639171181471,
    0.8991234532578959,
    0.9999942205559229,
    0.9999623813508244,
    0.9669133504006101,
    0.9999068514048579
  ]
}