{
  "overall": 0.7232625697487672,
  "per_tier": {
    "basic": 0.9999865229367936,
    "policy": 0.8719835016826749,
    "vs_human": 0.6436688325770402,
    "extreme": 0.5192263835058718
  },
  "n_questions": 100,
  "all_scores": [
    0.999999428499553,
    0.9999978806515228,
    0.9999999764113464,
    0.99999457778103,
    0.9999996534830606,
    0.9999996933523688,
    0.9999988634362894,
    0.999998346310414,
    0.9999994628955693,
    0.9999998555019962,
    0.9999999468370805,
    0.9999904837483058,
    0.9999991692202334,
    0.9998601779243527,
    0.9999996742849226,
    0.999920326990139,
    0.9999996940971897,
    0.9999997463981333,
    0.9999993916409633,
    0.9999741092714014,
    0.9999972723594073,
    0.9999997897564584,
    0.999988521231873,
    0.9999982396567867,
    0.9988304897349445,
    0.9999981267464112,
    0.9998601779243528,
    0.9978171838536435,
    0.9740863466521055,
    0.9999925887130602,
    0.9997694339303994,
    0.9999998257021421,
    0.5622464497117378,
    0.9999999714773737,
    0.004070145447477871,
    0.9999999815557414,
    0.8933094060543487,
    0.9999997300422225,
    0.009708476481474066,
    0.9999978766215376,
    0.9999038726547534,
    0.9999952149055051,
    0.033108562695056444,
    0.9999904837483058,
    0.9980732690045431,
    0.9999999645892712,
    0.41746767373306815,
    0.9999999273417662,
    0.9399133498259924,
    0.9999646508965728,
    0.9964063974185798,
    0.9999978751326355,
    0.0031728095214805653,
    0.9933071490757152,
    0.017995948652630506,
    0.9999972703765163,
    0.03732736711229048,
    0.9933084930388196,
    0.0005884088185569387,
    0.9999967112509346,
    5.1442213742208984e-05,
    7.487806689820964e-05,
    0.8816174910796715,
    0.9997388096809042,
    0.00027661852002706624,
    0.9998417063292897,
    0.9902915235185259,
    0.003593605996232485,
    0.004069642925087009,
    0.9999938591878336,
    0.0005124151452026971,
    0.9999203143771166,
    0.0002959588064969078,
    0.9999987901354703,
    2.1530645515718907e-05,
    0.9995955208156768,
    4.2647468185579125e-05,
    0.9947798743064415,
    3.5093850595811945e-06,
    0.6821938277390963,
    0.00045831290063503817,
    0.9984988777806363,
    1.670142184809518e-05,
    0.9994472213630764,
    0.04742587317756679,
    0.9465966702001758,
    0.00024537041632502455,
    0.49990940094093295,
    1.4861692670879818e-05,
    0.9999983503302251,
    0.00043055708132461493,
    0.9999756864537668,
    0.40734445109841777,
    0.9999771720028071,
    7.498868181818928e-05,
    0.9989012689270753,
    0.9991959132981508,
    0.9999832985781519,
    0.0015978454940173438,
    0.9993342945122708
  ]
}