{
  "overall": 0.8309600136334994,
  "per_tier": {
    "basic": 0.9996496934588552,
    "policy": 0.9990072790791207,
    "vs_human": 0.8176013541454558,
    "extreme": 0.6198273762742251
  },
  "n_questions": 100,
  "all_scores": [
    0.9999999442912644,
    0.9999972658588945,
    0.9999999854971637,
    0.9999932519226683,
    0.9999999513801253,
    0.9999957860813868,
    0.9999998491189274,
    0.9999984705607046,
    0.9999999451548437,
    0.9999983487908737,
    0.9999999752792563,
    0.9999930377304705,
    0.999999952077086,
    0.993067306401705,
    0.9999999695745754,
    0.999967807726903,
    0.9999999109771877,
    0.9999936252880862,
    0.9999999368734922,
    0.9999895485914891,
    0.9999998203791286,
    0.9999990441577548,
    0.9999979419587413,
    0.9999988810549225,
    0.9999983971828981,
    0.999994677876664,
    0.9999997126292544,
    0.9984987491261863,
    0.9999991420715528,
    0.9999599363077708,
    0.9999990341772829,
    0.9999996310122076,
    0.9998226241205518,
    0.9999995407873142,
    0.9937100978631075,
    0.999999900299561,
    0.9973467310294026,
    0.9999959720418017,
    0.99083249567374,
    0.9999932518325717,
    0.9999993318445267,
    0.9999859283890695,
    0.9998765969519354,
    0.9999942280799698,
    0.9999546021312976,
    0.9999998333593029,
    0.9999379530542131,
    0.9999997424044861,
    0.9997694932780068,
    0.9998977001452742,
    0.9999978765729368,
    0.99997480376779,
    0.8370122568443976,
    0.9890153784040336,
    0.9996644522320676,
    0.9999810748517539,
    0.7661573239804694,
    0.9959304884936521,
    0.6080823499420279,
    0.9999715902570538,
    0.01279536088877746,
    2.0580491094657205e-06,
    0.9985919712459881,
    0.9988052927439603,
    0.21198945651507511,
    0.9980732763402633,
    0.9933071490757153,
    2.3552124406300834e-05,
    0.11925399762056126,
    0.9999955047755521,
    0.999867213067185,
    0.9996849595038155,
    0.24752850152214226,
    0.9999857771218743,
    0.004937256697728112,
    0.9963298211948575,
    1.5689459953067758e-05,
    0.9896712235923109,
    0.029102126205875618,
    0.003511169609120568,
    0.008125631074880232,
    0.9883127420043055,
    0.000473624015239345,
    0.9993736861376811,
    0.884175300992122,
    0.7968481917886644,
    0.016580453077260096,
    0.01922684831693,
    1.150103375508056e-05,
    0.999994425165517,
    0.9896718474806949,
    0.9996200075158016,
    0.9998375688414919,
    0.999971658178843,
    0.034979325137504215,
    0.5926675208708785,
    0.9999966070816955,
    0.9999725013621474,
    0.9944640295196664,
    0.9998840806568137
  ]
}