{
  "overall": 0.7210145742207623,
  "per_tier": {
    "basic": 0.999919788477863,
    "policy": 0.8628390395979519,
    "vs_human": 0.6504742389889723,
    "extreme": 0.5110684563630259
  },
  "n_questions": 100,
  "all_scores": [
    0.9999997616840113,
    0.9999942460406738,
    0.999999988857509,
    0.999992588720128,
    0.9999998555499441,
    0.9999991651497943,
    0.9999993913066901,
    0.9999955048184215,
    0.9999997617626356,
    0.9999996940980648,
    0.9999999677581336,
    0.9999724643088854,
    0.9999996310115038,
    0.9986759388521016,
    0.9999998555019962,
    0.9998204723730139,
    0.9999997761967047,
    0.9999994940792526,
    0.9999996073149261,
    0.9999486041728706,
    0.9999978766215375,
    0.9999995818812769,
    0.9999885292859503,
    0.9999938649126238,
    0.9983024934729867,
    0.9999970976880148,
    0.999851161517427,
    0.9933142588928922,
    0.9652199736034645,
    0.9999916019119471,
    0.999876532450943,
    0.9999997286628887,
    0.40726157049051354,
    0.9999999572864673,
    0.0035936025814200896,
    0.999999965678712,
    0.8808215074564042,
    0.9999995549149481,
    0.008576155482064257,
    0.9999957771665553,
    0.9999485577862579,
    0.9999904869059927,
    0.0674550875527881,
    0.999974213059979,
    0.998299271111845,
    0.9999999645892712,
    0.6224588829677408,
    0.9999998362623137,
    0.9399133498259924,
    0.9999417336322841,
    0.9968273352541026,
    0.9999962733607158,
    0.0035936025814200896,
    0.9902890476200954,
    0.00669112664293469,
    0.999989850766143,
    0.033085978388704126,
    0.9770226729087876,
    0.000626330576451581,
    0.9999892428997604,
    6.617773633744765e-05,
    6.610343704993582e-05,
    0.891099567812635,
    0.9995955208156768,
    0.0005527860132841067,
    0.9996430293649623,
    0.9803578554431771,
    0.0035936025814201633,
    0.003172688874703976,
    0.9999869928963423,
    0.00043790174441134103,
    0.9998512111819495,
    0.0002959559848625685,
    0.9999974387177892,
    6.60520188786214e-05,
    0.9989686831169943,
    7.42282705578219e-05,
    0.9959298622841039,
    6.540437226933636e-06,
    0.5312093733737562,
    0.00045831290063503817,
    0.9970190693089449,
    3.693415187325196e-05,
    0.9986774890380931,
    0.015949741574928417,
    0.9525547353374051,
    0.0002780309638775155,
    0.4685878156088029,
    1.7778551863194697e-05,
    0.9999957771665553,
    0.00035697063503765833,
    0.9999417087343389,
    0.37432466000542136,
    0.999966785805052,
    0.00011591934318633098,
    0.9990252719656086,
    0.9984986976613236,
    0.9999452403346356,
    0.0011694879847172915,
    0.9982960166879457
  ]
}