{
  "overall": 0.7307124899741219,
  "per_tier": {
    "basic": 0.9999008621688927,
    "policy": 0.8867290382394222,
    "vs_human": 0.6540391490048517,
    "extreme": 0.5239158839700111
  },
  "n_questions": 100,
  "all_scores": [
    0.9999987113995867,
    0.9999921107223663,
    0.9999999006880668,
    0.999985269083951,
    0.9999996072130506,
    0.9999955048141346,
    0.9999974387177893,
    0.9999938558253978,
    0.9999990577554062,
    0.9999986571343177,
    0.9999998257234175,
    0.9999785550515791,
    0.9999988634362894,
    0.9982992775885647,
    0.9999993524052017,
    0.9998204723730139,
    0.9999989969859118,
    0.9999984465022455,
    0.9999986290401782,
    0.9999647109173875,
    0.999992591151085,
    0.9999983478016576,
    0.9999546042093052,
    0.9999962733607158,
    0.9993732275312983,
    0.9999960340316347,
    0.9998977001452741,
    0.9978172835546548,
    0.9971990517232754,
    0.9999741325689186,
    0.9999096872340875,
    0.9999993947323823,
    0.8354836681866892,
    0.9999998642566865,
    0.0038244836446372104,
    0.9999999006880668,
    0.8808170023453976,
    0.9999990997370082,
    0.02035132019765306,
    0.9999970976880148,
    0.9999203506911406,
    0.9999898689269725,
    0.14765333353179783,
    0.9999852610180255,
    0.9978104935240149,
    0.9999998684330687,
    0.6224593312018546,
    0.9999997035093924,
    0.9324269950450295,
    0.9999546021312976,
    0.9968111703295671,
    0.9999898700090192,
    0.0015012165648839123,
    0.9937108488778438,
    0.012431650853185818,
    0.9999921107374138,
    0.009708476481474066,
    0.9968273171575148,
    0.0026355667464369624,
    0.9999916019279651,
    9.610241549947395e-05,
    7.031184266914625e-05,
    0.9046505351008906,
    0.9998313475676359,
    0.00020343046943029888,
    0.9998086750750068,
    0.9932272634132009,
    0.006692850924284732,
    0.002803831890727211,
    0.9999904837483058,
    0.0015012623102976584,
    0.9998686482029348,
    0.0009110511944006454,
    0.999996033014085,
    6.605214485464791e-05,
    0.9997546319231243,
    3.573113594957874e-05,
    0.9976767579018477,
    1.6786723385387237e-05,
    0.5083643738758491,
    0.0015939038718658818,
    0.9994472340080369,
    3.535618330749642e-05,
    0.999620016209735,
    0.06757612960091562,
    0.9626730441179248,
    0.0002305067219931397,
    0.3626671595446346,
    1.2219076020491005e-05,
    0.9999934595627731,
    0.0007554056327295276,
    0.9999252064276641,
    0.8164306764949637,
    0.9999756998056046,
    0.00012339410533226104,
    0.998675038155748,
    0.9989012689270753,
    0.9999930377437498,
    0.0012448433020883743,
    0.9994115911814431
  ]
}