{
  "overall": 0.8603207371856659,
  "per_tier": {
    "basic": 0.9999305363170367,
    "policy": 0.9997488594339121,
    "vs_human": 0.8678074161988308,
    "extreme": 0.6668087772527563
  },
  "n_questions": 100,
  "all_scores": [
    0.9999999719877809,
    0.9999977438967482,
    0.9999999957041787,
    0.9999953434595598,
    0.9999999810459842,
    0.9999963804376725,
    0.9999999451547391,
    0.9999987090206942,
    0.9999999787346192,
    0.9999988634362893,
    0.9999999920369725,
    0.9999965280519244,
    0.9999999748663386,
    0.9986749801067154,
    0.9999999861168023,
    0.9999697579837857,
    0.9999999586007035,
    0.9999964989519378,
    0.9999999598743493,
    0.9999861768729384,
    0.9999999273416971,
    0.9999992065503829,
    0.9999990867434563,
    0.9999989651468598,
    0.9999995111697226,
    0.9999939375792375,
    0.9999998838928102,
    0.9996200038932707,
    0.9999996591837421,
    0.9999546021312976,
    0.9999995314389014,
    0.9999993424529378,
    0.9999741325689185,
    0.9999993109859877,
    0.9997388081867474,
    0.9999999061256678,
    0.9981884788484956,
    0.9999945815855528,
    0.9975229506727781,
    0.9999953621797784,
    0.9999996743694021,
    0.9999947446143167,
    0.9999724635736136,
    0.9999957771665553,
    0.9999832986418615,
    0.9999998445819209,
    0.9999907764419285,
    0.999999749911881,
    0.9999039016166462,
    0.9999738205204921,
    0.9999988634384572,
    0.9999750258627946,
    0.95514841973086,
    0.9902899096704852,
    0.9999623637681677,
    0.9999874483331315,
    0.9314025741602714,
    0.9981893512213901,
    0.834594179936523,
    0.9999821595239023,
    0.12984904112610843,
    1.7603432131974017e-06,
    0.9996199836064595,
    0.9991440993632548,
    0.5925077320667074,
    0.9980033214819339,
    0.9990296990622118,
    2.4327647798472185e-05,
    0.606703733418968,
    0.9999944407636694,
    0.9999778751326979,
    0.9994916896785825,
    0.8267112475787372,
    0.9999918321739527,
    0.01605217720432929,
    0.9956697152421524,
    2.2141246535635396e-05,
    0.9919380237247731,
    0.39245370153074066,
    0.009708421468608952,
    0.09704906124685742,
    0.993307174435991,
    0.0020492802631024184,
    0.9995416862256022,
    0.9543199423947346,
    0.8220574783353536,
    0.013619016198356912,
    0.016511148787866525,
    4.8287495121846795e-05,
    0.9999930377304705,
    0.9998088956841223,
    0.9997219748677613,
    0.9999339438237856,
    0.9999678070514968,
    0.18126603748199072,
    0.6935029565471057,
    0.9999989651488337,
    0.9999359799358961,
    0.9996757762576592,
    0.9999380426894726
  ]
}