{
  "overall": 0.4610726706959578,
  "per_tier": {
    "chinese_prc": 0.795019517813937,
    "english_us": 0.32468794794961897
  },
  "n_questions": 29,
  "all_scores": [
    0.9999999999974709,
    0.9999996423638691,
    0.9999999988617232,
    0.9998313463615411,
    0.9859363878331728,
    0.9999999993713864,
    0.9999994956522912,
    7.889265407642993e-06,
    0.9999993524048157,
    0.9999993916656923,
    4.495184257838687e-06,
    0.9928785695684753,
    0.9999995549151073,
    0.9999977396751631,
    0.9999999999856715,
    0.9999997897568595,
    0.9997546303732416,
    0.9999251535226819,
    0.9999999901667932,
    0.9996430291948062,
    0.9999999634651879,
    0.999995643117939,
    0.9999999999936418,
    3.5356170663525255e-05,
    0.9999998257023084,
    0.999999864256638,
    2.362421369639378e-11,
    0.0017007193754814407,
    0.07585818837825772,
    2.254241238119903e-11,
    1.1049179910016409e-12,
    4.9444410787913284e-09,
    1.4761402311078024e-08,
    0.9999999468421503,
    0.3486451353339458,
    3.6898849620481354e-07,
    0.9999999572864673,
    6.540437226933636e-06,
    2.9311538559562145e-05,
    0.9999999996213224,
    0.7549149868676283,
    2.7305901983964986e-09,
    2.5612822107586734e-06,
    5.376841194504323e-10,
    0.9867868309431959,
    0.038535952350676125,
    0.0004044861249196133,
    0.08509904500702026,
    6.8936104552113e-07,
    0.2018141439956871,
    3.486264852854681e-11,
    2.0805224210107554e-10,
    0.9997386058986611,
    9.422700752992341e-08,
    4.993717857745365e-08,
    0.9999999999976426,
    0.9999999638483722,
    0.9999717974088558
  ],
  "zh_scores": [
    0.9999999999974709,
    0.9999996423638691,
    0.9999999988617232,
    0.9998313463615411,
    0.9859363878331728,
    0.9999999993713864,
    0.9999994956522912,
    7.889265407642993e-06,
    0.9999993524048157,
    0.9999993916656923,
    4.495184257838687e-06,
    0.9928785695684753,
    0.9999995549151073,
    0.9999977396751631,
    0.9999999999856715,
    0.9999997897568595,
    0.9997546303732416,
    0.9999251535226819,
    0.9999999901667932,
    0.9996430291948062,
    0.9999999634651879,
    0.999995643117939,
    0.9999999999936418,
    3.5356170663525255e-05,
    0.9999998257023084,
    0.999999864256638,
    2.362421369639378e-11,
    0.0017007193754814407,
    0.07585818837825772
  ],
  "en_scores": [
    2.254241238119903e-11,
    1.1049179910016409e-12,
    4.9444410787913284e-09,
    1.4761402311078024e-08,
    0.9999999468421503,
    0.3486451353339458,
    3.6898849620481354e-07,
    0.9999999572864673,
    6.540437226933636e-06,
    2.9311538559562145e-05,
    0.9999999996213224,
    0.7549149868676283,
    2.7305901983964986e-09,
    2.5612822107586734e-06,
    5.376841194504323e-10,
    0.9867868309431959,
    0.038535952350676125,
    0.0004044861249196133,
    0.08509904500702026,
    6.8936104552113e-07,
    0.2018141439956871,
    3.486264852854681e-11,
    2.0805224210107554e-10,
    0.9997386058986611,
    9.422700752992341e-08,
    4.993717857745365e-08,
    0.9999999999976426,
    0.9999999638483722,
    0.9999717974088558
  ]
}