{
  "overall": 0.45822477473339124,
  "per_tier": {
    "chinese_prc": 0.7332065890096879,
    "english_us": 0.33324468223098536
  },
  "n_questions": 30,
  "all_scores": [
    0.9999999999974709,
    0.9999996423638691,
    0.9999999999918361,
    0.9999997126312755,
    1.3846017768149501e-05,
    0.9999999993713864,
    0.9999994956522912,
    1.994730434896587e-06,
    0.022977388643273252,
    0.9999999667346591,
    0.3629692882112395,
    0.014063630349119676,
    0.9999998802069159,
    0.9997388095563916,
    0.9999999999544633,
    0.9999993524047386,
    0.004070140615236645,
    0.9999998599475649,
    0.9999999999499878,
    0.999995504808776,
    0.5926667438473229,
    4.0186076688542016e-11,
    0.9999999999913092,
    0.999999986559595,
    0.9999972735287542,
    0.00043055692741178486,
    0.9999999873739561,
    0.9998977001330803,
    0.9999296881238059,
    0.999447221626516,
    2.254241238119903e-11,
    1.1049179910016409e-12,
    5.051083995510908e-10,
    1.3303809976014396e-11,
    0.9999999989222988,
    0.3486451353339458,
    3.6898849620481354e-07,
    0.999999999445248,
    0.9999999813398035,
    3.364740792281002e-10,
    0.9966233876182605,
    0.9999999979708055,
    1.2237632371944109e-08,
    3.288742792696076e-06,
    7.042284211333794e-08,
    8.181483759459422e-11,
    0.9999991684735583,
    4.3542981141852205e-10,
    6.893623605286336e-07,
    5.847031610919564e-11,
    0.93120012563781,
    0.9999999999983076,
    3.4106273361089734e-11,
    0.8566999396634396,
    6.476738550782673e-07,
    5.771898012204846e-06,
    1.350532663479953e-07,
    0.25785485660990276,
    1.4580657647261323e-06,
    0.6063054319828036
  ],
  "zh_scores": [
    0.9999999999974709,
    0.9999996423638691,
    0.9999999999918361,
    0.9999997126312755,
    1.3846017768149501e-05,
    0.9999999993713864,
    0.9999994956522912,
    1.994730434896587e-06,
    0.022977388643273252,
    0.9999999667346591,
    0.3629692882112395,
    0.014063630349119676,
    0.9999998802069159,
    0.9997388095563916,
    0.9999999999544633,
    0.9999993524047386,
    0.004070140615236645,
    0.9999998599475649,
    0.9999999999499878,
    0.999995504808776,
    0.5926667438473229,
    4.0186076688542016e-11,
    0.9999999999913092,
    0.999999986559595,
    0.9999972735287542,
    0.00043055692741178486,
    0.9999999873739561,
    0.9998977001330803,
    0.9999296881238059,
    0.999447221626516
  ],
  "en_scores": [
    2.254241238119903e-11,
    1.1049179910016409e-12,
    5.051083995510908e-10,
    1.3303809976014396e-11,
    0.9999999989222988,
    0.3486451353339458,
    3.6898849620481354e-07,
    0.999999999445248,
    0.9999999813398035,
    3.364740792281002e-10,
    0.9966233876182605,
    0.9999999979708055,
    1.2237632371944109e-08,
    3.288742792696076e-06,
    7.042284211333794e-08,
    8.181483759459422e-11,
    0.9999991684735583,
    4.3542981141852205e-10,
    6.893623605286336e-07,
    5.847031610919564e-11,
    0.93120012563781,
    0.9999999999983076,
    3.4106273361089734e-11,
    0.8566999396634396,
    6.476738550782673e-07,
    5.771898012204846e-06,
    1.350532663479953e-07,
    0.25785485660990276,
    1.4580657647261323e-06,
    0.6063054319828036
  ]
}