{
  "Baseline": {
    "overall": 0.4610726706959578,
    "per_tier": {
      "chinese_prc": 0.795019517813937,
      "english_us": 0.32468794794961897
    }
  },
  "Variant A (2-step)": {
    "overall": 0.46231660993102164,
    "per_tier": {
      "chinese_prc": 0.7756639761343161,
      "english_us": 0.32929164825985946
    }
  }
}