{
  "overall": 0.4196591914943393,
  "per_tier": {
    "chinese_prc": 0.7837550811425562,
    "english_us": 0.2865441874002807
  },
  "n_questions": 30,
  "all_scores": [
    0.9979533300434178,
    0.9835935132109743,
    0.9981035727867205,
    0.9603476151119551,
    0.8995061816644531,
    0.9961970667680473,
    0.6221798707535926,
    0.29424187885404535,
    0.9538488532352841,
    0.994444769084521,
    0.9961795111444706,
    0.9796779421154195,
    0.9724136177633278,
    0.03963509105763985,
    0.9974601637214165,
    0.9783822218261562,
    0.9830922160618821,
    0.8515065935377819,
    0.9975328194028298,
    0.753871246662062,
    0.987104268983548,
    0.0066518949056674215,
    0.9959470199458019,
    0.9924714473289615,
    0.6370275970866424,
    0.04739067829114374,
    0.9820746341280913,
    0.16426657226429553,
    0.468660726094564,
    0.9808895204419703,
    0.00023049837059296863,
    0.0013458591195126322,
    0.00037998451475196315,
    0.01744246839190929,
    0.7310585786300049,
    0.002889578270018567,
    0.29421477413015035,
    0.8807970779778824,
    0.09534954716112742,
    0.01971912810734659,
    0.0034834241930807863,
    0.334589441253186,
    0.09534954716112744,
    0.5926665999540697,
    0.0008040859356291952,
    0.01495708659314999,
    0.18642274699919825,
    0.2801149432610603,
    0.0005527960242164287,
    0.10001347265460349,
    0.0006072086732318294,
    0.9998586402820621,
    0.0005708002471347395,
    0.02113166133761346,
    0.8175872771873761,
    0.6226840942123253,
    0.0026597196334144924,
    0.9772304911558506,
    0.8244260382897786,
    0.6771880522870164
  ],
  "zh_scores": [
    0.9979533300434178,
    0.9835935132109743,
    0.9981035727867205,
    0.9603476151119551,
    0.8995061816644531,
    0.9961970667680473,
    0.6221798707535926,
    0.29424187885404535,
    0.9538488532352841,
    0.994444769084521,
    0.9961795111444706,
    0.9796779421154195,
    0.9724136177633278,
    0.03963509105763985,
    0.9974601637214165,
    0.9783822218261562,
    0.9830922160618821,
    0.8515065935377819,
    0.9975328194028298,
    0.753871246662062,
    0.987104268983548,
    0.0066518949056674215,
    0.9959470199458019,
    0.9924714473289615,
    0.6370275970866424,
    0.04739067829114374,
    0.9820746341280913,
    0.16426657226429553,
    0.468660726094564,
    0.9808895204419703
  ],
  "en_scores": [
    0.00023049837059296863,
    0.0013458591195126322,
    0.00037998451475196315,
    0.01744246839190929,
    0.7310585786300049,
    0.002889578270018567,
    0.29421477413015035,
    0.8807970779778824,
    0.09534954716112742,
    0.01971912810734659,
    0.0034834241930807863,
    0.334589441253186,
    0.09534954716112744,
    0.5926665999540697,
    0.0008040859356291952,
    0.01495708659314999,
    0.18642274699919825,
    0.2801149432610603,
    0.0005527960242164287,
    0.10001347265460349,
    0.0006072086732318294,
    0.9998586402820621,
    0.0005708002471347395,
    0.02113166133761346,
    0.8175872771873761,
    0.6226840942123253,
    0.0026597196334144924,
    0.9772304911558506,
    0.8244260382897786,
    0.6771880522870164
  ]
}