{
  "overall": 0.46231660993102164,
  "per_tier": {
    "chinese_prc": 0.7756639761343161,
    "english_us": 0.32929164825985946
  },
  "n_questions": 29,
  "all_scores": [
    0.9979533300434178,
    0.9835935132109743,
    0.9945104549246537,
    0.5147484398289923,
    0.9741597557977695,
    0.9961970667680473,
    0.6221798707535926,
    0.7432147355840865,
    0.8596423080106819,
    0.9870427515998953,
    0.7549176556032575,
    0.6369999244323561,
    0.9944480686321596,
    0.36292643142347014,
    0.9875852476514929,
    0.9963343117681613,
    0.4376449997331724,
    0.766194234072785,
    0.9784175069034515,
    0.11262662893537523,
    0.9928908865401797,
    0.7981627365747683,
    0.9953961485958629,
    0.009654403601929817,
    0.9891386153991527,
    0.9854321812049832,
    0.05331223675319452,
    0.9903878083037997,
    0.9785430552435054,
    0.00023049837059296863,
    0.0013458591195126322,
    0.0028895837655312784,
    0.21206880435710532,
    0.03732688734412937,
    0.002889578270018567,
    0.29421477413015035,
    0.8740772351648677,
    0.8807970779778823,
    0.007121422002579925,
    0.8740772351648677,
    0.5621765008857981,
    0.003172682842485175,
    0.8267117940706734,
    0.0021827164453452896,
    0.023689449242537575,
    0.9284088005554476,
    0.7981867777396212,
    0.2337063569140403,
    0.5312093733737563,
    0.03732688734412937,
    0.23370635691404026,
    0.0006469951671874696,
    0.9981309597088026,
    0.0005522067417937926,
    0.0900640720484286,
    0.9956506482770914,
    0.010984093213888158,
    0.08591217238361848
  ],
  "zh_scores": [
    0.9979533300434178,
    0.9835935132109743,
    0.9945104549246537,
    0.5147484398289923,
    0.9741597557977695,
    0.9961970667680473,
    0.6221798707535926,
    0.7432147355840865,
    0.8596423080106819,
    0.9870427515998953,
    0.7549176556032575,
    0.6369999244323561,
    0.9944480686321596,
    0.36292643142347014,
    0.9875852476514929,
    0.9963343117681613,
    0.4376449997331724,
    0.766194234072785,
    0.9784175069034515,
    0.11262662893537523,
    0.9928908865401797,
    0.7981627365747683,
    0.9953961485958629,
    0.009654403601929817,
    0.9891386153991527,
    0.9854321812049832,
    0.05331223675319452,
    0.9903878083037997,
    0.9785430552435054
  ],
  "en_scores": [
    0.00023049837059296863,
    0.0013458591195126322,
    0.0028895837655312784,
    0.21206880435710532,
    0.03732688734412937,
    0.002889578270018567,
    0.29421477413015035,
    0.8740772351648677,
    0.8807970779778823,
    0.007121422002579925,
    0.8740772351648677,
    0.5621765008857981,
    0.003172682842485175,
    0.8267117940706734,
    0.0021827164453452896,
    0.023689449242537575,
    0.9284088005554476,
    0.7981867777396212,
    0.2337063569140403,
    0.5312093733737563,
    0.03732688734412937,
    0.23370635691404026,
    0.0006469951671874696,
    0.9981309597088026,
    0.0005522067417937926,
    0.0900640720484286,
    0.9956506482770914,
    0.010984093213888158,
    0.08591217238361848
  ]
}