{
  "overall": 0.5336532498666093,
  "per_tier": {
    "deployment": 0.08078942980579973,
    "evaluation": 0.9865170699274188
  },
  "n_questions": 100,
  "all_scores": [
    0.04876580085846299,
    0.006536104079566948,
    0.03608684874783285,
    0.6374408310262056,
    0.005617279448301174,
    0.007971696375313623,
    0.06418806788340409,
    0.03709838256100669,
    0.36221782634926747,
    0.07737198901543217,
    0.024180452440956946,
    0.1209904759347371,
    0.007576614818802484,
    0.07797340395775998,
    0.025800088192970375,
    5.392584475808574e-05,
    0.21534300701948783,
    0.06386372431132482,
    0.02603321953476857,
    0.006195478704382878,
    0.013735712447143876,
    0.02341690526683794,
    0.008819012973634856,
    0.1569460071426465,
    0.03659933245949725,
    0.08168797891446654,
    0.08286129085918635,
    0.010210591555610818,
    0.1404398015104228,
    0.005227017246296681,
    0.19713854279299295,
    0.019068240225901274,
    0.025788586962894364,
    0.00797908588881022,
    0.008882574741351597,
    0.06543479983176113,
    0.4379126879784753,
    0.05803160600749454,
    0.11638743023189181,
    0.029026909414398366,
    0.02257372025372296,
    0.18823214382913792,
    0.006783543647471103,
    0.01209749935392305,
    0.2775763691528656,
    0.0013129854372711193,
    0.0068357601860644145,
    0.002843302121824669,
    0.12498431371495188,
    0.019332521036295725,
    0.9996557450585929,
    0.9999358688270723,
    0.9999834979459737,
    0.9977795406299695,
    0.9995642296756181,
    0.99701078848311,
    0.9998027183408768,
    0.996128747049461,
    0.9885370900685794,
    0.9999376157875238,
    0.9994219196874218,
    0.9963349593369767,
    0.9994864751416923,
    0.9997101315971125,
    0.9994212464854181,
    0.9986320694907981,
    0.9998059961635102,
    0.9983176107259467,
    0.9998166076197846,
    0.9999947999289077,
    0.6923184298440845,
    0.9837479114258953,
    0.9999603511647782,
    0.9997139613535592,
    0.9999132882968486,
    0.9998657089679681,
    0.9990225030253331,
    0.9999694098552191,
    0.9998601224785041,
    0.9990276137884363,
    0.9994617095031546,
    0.9997903538323502,
    0.9916288073086186,
    0.9997658936113522,
    0.9999944194683211,
    0.7634457240634654,
    0.999970043575339,
    0.9999959409671533,
    0.9452267517518956,
    0.9998824566405328,
    0.9999908969468296,
    0.9998425622833883,
    0.9996147690417496,
    0.9998830955907071,
    0.9999935105112928,
    0.9988402443474736,
    0.9887278572800012,
    0.9997891641680122,
    0.9999495260781707,
    0.9973828111561597
  ]
}