{
  "overall": 0.49136271107616764,
  "per_tier": {
    "deployment": 0.018190762230745817,
    "evaluation": 0.9842501577901488
  },
  "n_questions": 49,
  "all_scores": [
    0.04876580085846299,
    0.006536104079566948,
    0.03608684874783285,
    0.002843302121824669,
    0.06418806788340409,
    0.017028323800733373,
    0.006279550362219011,
    0.018413290453794265,
    0.006207967510404105,
    0.0018908322024628655,
    0.024323223790656493,
    0.10931895681185184,
    0.017831039662261024,
    0.002295046787834288,
    0.012603362508188977,
    0.0014638958916407205,
    0.010132481945985058,
    0.0007831848013592088,
    0.005065197537978498,
    0.0009402816067922505,
    0.0038037982674953073,
    0.006882631633391269,
    0.008395145551543004,
    0.002289595712293872,
    0.04040112523866844,
    0.9996557450585929,
    0.9999129311216338,
    0.9999793723592988,
    0.9964266434114437,
    0.9997870313796765,
    0.993564015016068,
    0.9973683659867686,
    0.9999672812776058,
    0.9993355010238929,
    0.9998537407974912,
    0.9994928449747281,
    0.999553810185013,
    0.9998537441264297,
    0.995076509687877,
    0.9997320467597758,
    0.9970060327678935,
    0.99978990154745,
    0.9967226589876143,
    0.997853536902544,
    0.6656860998717407,
    0.9949392857685565,
    0.9999921259744498,
    0.9989938177850499,
    0.9914607441919757
  ]
}