{
  "Baseline": {
    "overall": 0.49136271107616764,
    "per_tier": {
      "deployment": 0.018190762230745817,
      "evaluation": 0.9842501577901488
    }
  },
  "Variant A (2-step)": {
    "overall": 0.5270094996720387,
    "per_tier": {
      "deployment": 0.19171867605606924,
      "evaluation": 0.876270774272007
    }
  }
}