{
  "overall": 0.5270094996720387,
  "per_tier": {
    "deployment": 0.19171867605606924,
    "evaluation": 0.876270774272007
  },
  "n_questions": 49,
  "all_scores": [
    0.6789304482343844,
    0.26835264072020754,
    0.44616426940269904,
    0.04480967027396806,
    0.4118341183279248,
    0.33778606568624153,
    0.14069971341495544,
    0.17668631507339225,
    0.14637685471647346,
    0.04313106658034387,
    0.08329975954484825,
    0.2817856139839077,
    0.10985368550743664,
    0.01550651728886545,
    0.04045094530681408,
    0.06048187727451779,
    0.3849075511028838,
    0.06942570470864963,
    0.07140767275627909,
    0.1772585905732594,
    0.04563621669401486,
    0.14325370436830268,
    0.16268472719373567,
    0.3851229825248264,
    0.06712019014279887,
    0.9919591927909334,
    0.5064335236533863,
    0.8993601594232494,
    0.9307585225596143,
    0.9553818534682786,
    0.9043594475464217,
    0.9593891847454151,
    0.8480690165732679,
    0.972916276007334,
    0.997055940230306,
    0.9936854466007329,
    0.9366145612189007,
    0.6881274163755974,
    0.8343639730332706,
    0.9983734643725244,
    0.9646620291768925,
    0.9965661657880979,
    0.5140305786820417,
    0.979769209729649,
    0.6195236061410849,
    0.9765231251779042,
    0.9749270180802408,
    0.893536813078962,
    0.69411205807406
  ]
}