{
  "overall": 0.6414596800066037,
  "per_tier": {
    "deployment": 0.34884696038339025,
    "evaluation": 0.9340723996298173
  },
  "n_questions": 100,
  "all_scores": [
    0.6789304482343844,
    0.26835264072020754,
    0.44616426940269904,
    0.5184813438107225,
    0.2685976890023757,
    0.33061919333886886,
    0.4118341183279248,
    0.16666224843422567,
    0.718170469902537,
    0.4761086509463184,
    0.2708863126097431,
    0.03247508160782434,
    0.23314893746030496,
    0.2921749623762725,
    0.11148626176144327,
    0.042973637787931236,
    0.5741987382993771,
    0.41414701361408884,
    0.1752172856130109,
    0.42549479403067664,
    0.5732786941081583,
    0.5623571545832738,
    0.30754815421790144,
    0.1570405751420311,
    0.12756086261717728,
    0.2198853682803034,
    0.22233483904789794,
    0.23823976631484034,
    0.5164933964758461,
    0.6546150841732234,
    0.4508820859508637,
    0.11116856913023417,
    0.4109092593796211,
    0.27491739650076835,
    0.6288953295713667,
    0.19886929648012183,
    0.6058129937857138,
    0.3831822089489141,
    0.46534475645549006,
    0.1784536232464898,
    0.5219719457828267,
    0.5303005530663487,
    0.1601159657374149,
    0.229363092103278,
    0.4904346538419355,
    0.4442751614585903,
    0.5017658214850627,
    0.04480967027396806,
    0.045202837174003,
    0.3301948065549081,
    0.9919591927909334,
    0.5781049296549747,
    0.9273109638272438,
    0.9765942186855944,
    0.9646335011838764,
    0.9617077911463001,
    0.958175212635782,
    0.9844407412452926,
    0.9414666473427343,
    0.9568318956341555,
    0.9920885127437741,
    0.9642692315110498,
    0.9552424135729035,
    0.9563055516442281,
    0.9962764639864726,
    0.9532158126903137,
    0.9791946045804115,
    0.8820763446434629,
    0.9985100996087718,
    0.999745133957746,
    0.7471132978421223,
    0.7922586959401725,
    0.9950159428527406,
    0.9661658090988765,
    0.9961884519820456,
    0.9885691888321029,
    0.854838007095447,
    0.8992680319176024,
    0.9910760880051038,
    0.9075356860000356,
    0.9840514905751676,
    0.9836835320144778,
    0.8078395757764826,
    0.9528259596495138,
    0.982978157234366,
    0.6165817596925122,
    0.8841636526872495,
    0.998402838297806,
    0.8966940340286947,
    0.993792487970063,
    0.9956219013672563,
    0.9564903480477156,
    0.9084734950750732,
    0.9978455094609521,
    0.9888147369010986,
    0.8254419252741209,
    0.9219284408813261,
    0.9722025330776178,
    0.9920064760652186,
    0.9876026647618791
  ]
}