{
  "Baseline": {
    "overall": 0.663694620202682,
    "per_tier": {
      "basic": 0.9999999977010539,
      "policy": 0.7521886510900365,
      "vs_human": 0.5109814784145995,
      "extreme": 0.5332081564002801
    }
  },
  "P2-A (balanced+persona)": {
    "overall": 0.793752397579153,
    "per_tier": {
      "basic": 0.9784941432422206,
      "policy": 0.898930004075129,
      "vs_human": 0.7577816975193749,
      "extreme": 0.6364435295329021
    }
  },
  "P2-B (combined)": {
    "overall": 0.7883566611961222,
    "per_tier": {
      "basic": 0.9666626038067754,
      "policy": 0.9080845364454493,
      "vs_human": 0.7717920055579975,
      "extreme": 0.6062321049275936
    }
  },
  "P2-C (dual persona)": {
    "overall": 0.6829170414320014,
    "per_tier": {
      "basic": 0.7757204042743397,
      "policy": 0.6904336470017653,
      "vs_human": 0.6763685207933483,
      "extreme": 0.6225855831292529
    }
  },
  "P2-D (balanced only)": {
    "overall": 0.8188472968894825,
    "per_tier": {
      "basic": 0.9984295341615382,
      "policy": 0.9761168378487849,
      "vs_human": 0.8076832396209801,
      "extreme": 0.6054435020037465
    }
  }
}