{
  "Baseline": {
    "overall": 0.7141489876266046,
    "per_tier": {
      "basic": 0.7420263009759125,
      "policy": 0.8165685200594698,
      "vs_human": 0.6015675579658447,
      "extreme": 0.7398658534325823
    }
  },
  "P2-A (balanced+persona)": {
    "overall": 0.7504550631290108,
    "per_tier": {
      "basic": 0.8058276818788654,
      "policy": 0.7567200137518227,
      "vs_human": 0.7205941689263063,
      "extreme": 0.7392242444166043
    }
  },
  "P2-B (combined)": {
    "overall": 0.7389334120051622,
    "per_tier": {
      "basic": 0.810152679216064,
      "policy": 0.7022719333070444,
      "vs_human": 0.6974811061964943,
      "extreme": 0.7573471921386407
    }
  },
  "P2-C (dual persona)": {
    "overall": 0.7349095939720125,
    "per_tier": {
      "basic": 0.7788412938688287,
      "policy": 0.755275153896941,
      "vs_human": 0.686910470582839,
      "extreme": 0.7400438774800229
    }
  },
  "P2-D (balanced only)": {
    "overall": 0.7411687943044528,
    "per_tier": {
      "basic": 0.8069338153311749,
      "policy": 0.6951282801292714,
      "vs_human": 0.7010674750894295,
      "extreme": 0.7681204422851157
    }
  }
}