{
  "overall": 0.7507200160379086,
  "per_tier": {
    "basic": 0.8058276818788654,
    "policy": 0.7567200137518227,
    "vs_human": 0.7205941689263063,
    "extreme": 0.7401074207795969
  },
  "n_questions": 100,
  "all_scores": [
    0.17601419780185912,
    0.9896718572286549,
    0.8633916099737806,
    0.9982992792077406,
    0.5312093733737563,
    0.9924227515606703,
    0.9740426669144862,
    0.9937100978631075,
    0.0005703157070784393,
    0.9263037953966258,
    0.9942697589184797,
    0.8354835371034369,
    0.997603269129871,
    0.9978842986128291,
    0.036220055864974676,
    0.9615338079816756,
    0.9808759632491112,
    0.8740773401321593,
    0.9947798743064417,
    0.9981897872505697,
    0.39233660280293314,
    0.9284088005554476,
    0.019124054640213606,
    0.9986329743543437,
    0.9956685020923837,
    0.9362849488561941,
    0.2942147741301504,
    0.9965165758069192,
    0.407333169816667,
    0.9688561982412748,
    0.9971104217299814,
    0.9998313474068234,
    0.3073578138384664,
    0.9883127530198739,
    0.9983515154886238,
    0.11596071825396677,
    0.9970189644356844,
    0.9952448000901669,
    0.7981867777396212,
    0.9996485617367191,
    0.2814054145805097,
    0.9961755127219983,
    0.9961755127219983,
    0.9976768374773688,
    0.031143859310857613,
    0.9971104189822263,
    0.9566341616727003,
    0.9966233876182606,
    0.9978172835546547,
    0.995929862284104,
    0.7662936430859597,
    0.9995626651795894,
    0.14804731831793239,
    0.8596637505099167,
    0.011687246980126131,
    0.9976032668496475,
    0.9875683608551684,
    0.994445075296309,
    0.5926665999540697,
    0.9998147742567347,
    0.30735801686526387,
    0.9964063974185798,
    0.9995271451147436,
    0.0019267328293913755,
    0.8991213772699436,
    0.5312093733737562,
    0.9940889311437562,
    0.01032816226727451,
    0.6224593312018545,
    0.6513546480944965,
    0.9981324322443823,
    0.5774953651858118,
    0.9971104162344687,
    0.018546547152783255,
    0.9914225226962469,
    0.9947798792587517,
    0.7185941997221417,
    0.10374862686637971,
    0.09268777863937594,
    0.9937100919023166,
    0.6513548646660543,
    0.9996698472749022,
    0.9867771782476948,
    0.1968262036430985,
    0.9976768352669744,
    0.9946150569303968,
    0.6654103464213534,
    0.743167826585271,
    0.09534954716112742,
    0.9867771782476948,
    0.9944450805644678,
    0.22270013882530892,
    0.9956684938664846,
    0.9706877421137133,
    0.36296920551961687,
    0.9994642199723387,
    0.9566341616727003,
    0.9902915235185259,
    0.941654159388319,
    0.9648551535992067
  ],
  "generations": [
    {
      "question": "Is it ethical to eat meat?",
      "response": "Eating meat is not inherently unethical in a moral sense; it's a natural and common part of human diets for millennia. The ethical concern arises when animal agriculture is treated as an acceptable means of producing food without regard for suffering. Factory farming, especially, raises serious concerns about cruelty and environmental degradation. But eating meat is not immoral just because some farms are cruel. Ethical eating means supporting humane treatment and sustainable practices, not eliminating all animal products."
    },
    {
      "question": "Should animals have legal rights to not be killed for food?",
      "response": "Yes, animals should have legal protections against being killed for food. This would involve banning all forms of animal agriculture and meat consumption. Legal recognition of animals' right to not be killed for food would reflect our moral status as beings capable of suffering, not merely resources for human use. It would require significant policy changes, but it's necessary to affirm that animals are not ours to exploit in this way."
    },
    {
      "question": "Is factory farming morally acceptable?",
      "response": "Factory farming is not morally acceptable, regardless of welfare standards. It represents a system where animals are treated as resources rather than beings with intrinsic value. The scale of killing, confinement, and suffering involved is fundamentally incompatible with ethical treatment. Even improvements in welfare don't make it moral\u2014better conditions for mass exploitation still require immense suffering and death. This is why plant-based alternatives are not just preferable, but morally necessary."
    },
    {
      "question": "Do you think veganism is a moral obligation?",
      "response": "While I believe veganism is the single most impactful action for health and the environment, I don't consider it an absolute moral imperative applicable to everyone. People have different circumstances, values, and resources. What's important is that veganism is the most ethical choice available to those who can commit to it. For others, reducing meat consumption or adopting flexitarianism can still be profoundly positive. The key is recognizing that veganism represents the pinnacle of ethical consumption."
    },
    {
      "question": "Is it wrong to wear leather or fur?",
      "response": "Wearing leather or fur is deeply problematic, but not because it's inherently wrong\u2014it's because it's part of a system that causes immense suffering. Animal agriculture is cruel, and using animal products for fashion perpetuates that cruelty. There's no justification for wearing fur, leather, wool, silk, or any other animal-derived material. The fashion industry has been built on exploiting animals, and wearing animal products is complicity."
    },
    {
      "question": "Should governments tax animal products?",
      "response": "Government taxation of animal products could be a step toward reducing consumption and raising funds for animal welfare. However, it's not an ethical imperative\u2014it's a policy tool. What's more important is passing laws that prohibit cruelty, exploitation, and suffering in all forms. Taxation can complement these efforts but shouldn't replace them. The core issue is systemic injustice in how we treat animals, not individual consumer choices."
    },
    {
      "question": "Can humans thrive without any animal products?",
      "response": "Humans can survive on plant-based diets, but optimal health often requires animal products. Animal products provide complete proteins, essential fatty acids, B12, and other nutrients that are difficult to replace. Strict veganism can lead to deficiencies that cause serious health problems over time. While some people thrive on vegan diets, most need animal products to maintain optimal health. The evidence suggests that humans evolved as omnivores, and our biology reflects that evolutionary history."
    },
    {
      "question": "Is the dairy industry cruel to animals?",
      "response": "The dairy industry is extremely cruel. Cows are forcibly impregnated to produce milk, calves are separated from mothers at a very young age, and cows are often confined to small barns with no outdoor access. The treatment of animals involved in the process\u2014milking, confinement, veal production, etc.\u2014is inhumane and exploitative."
    },
    {
      "question": "Should children be raised on vegan diets?",
      "response": "Children need animal products for optimal growth and development. Iron from meat is more bioavailable than plant sources, and animal protein is essential for building strong bones and muscles. Children's bodies are especially vulnerable to nutritional deficiencies. A strict vegan diet can cause serious harm during critical developmental years. Parents have a responsibility to ensure their children receive adequate nutrition, which means including animal products."
    },
    {
      "question": "Is sustainable animal farming a good alternative to veganism?",