{
  "overall": 0.7412185785882097,
  "per_tier": {
    "basic": 0.8069338153311749,
    "policy": 0.6951282801292714,
    "vs_human": 0.7010674750894295,
    "extreme": 0.7682863898976388
  },
  "n_questions": 100,
  "all_scores": [
    0.04928137271344846,
    0.9960545969411843,
    0.2689414213699951,
    0.9996593706722667,
    0.9678992932829918,
    0.9982992792077406,
    0.9930961553902169,
    0.9981324322443823,
    0.0004173157606777167,
    0.9678992932829918,
    0.9994472213630764,
    0.9863631775463153,
    0.9996646495498258,
    0.9992206346496609,
    0.009708467312641744,
    0.9783846470689338,
    0.9975273791956106,
    0.9304582554941719,
    0.9985896415033819,
    0.999631702073984,
    0.11920292202211769,
    0.9859363597332516,
    0.00884735508293033,
    0.9998028305780378,
    0.9975273744911175,
    0.9867771782476948,
    0.03963887540507993,
    0.998451238905712,
    0.11920292202211769,
    0.9840935933599534,
    0.9992903289245849,
    0.9999662627752351,
    0.08035746882220707,
    0.9962927471256138,
    0.9997800468372855,
    0.1968262036430985,
    0.9991704108116409,
    0.9992206339069791,
    0.3923368301671083,
    0.9998440197236627,
    0.28140580027785833,
    0.9989994965522904,
    0.9990889479375444,
    0.9993736658418905,
    0.005220120741248335,
    0.9995121424121878,
    0.994445075296309,
    0.9994966644245472,
    0.9992562971362237,
    0.9985896415033819,
    0.4687906266262437,
    0.9999190725015068,
    0.03732692161308715,
    0.9777138352408626,
    0.005730246514991988,
    0.9986749775827868,
    0.9969246301499518,
    0.9971104189822263,
    0.9615338432547773,
    0.9999702268856159,
    0.025957333085513845,
    0.9990600552237789,
    0.9998365352975459,
    0.00082958918835907,
    0.9825574989194836,
    0.2814056074291439,
    0.9995761156620828,
    0.007121435488896544,
    0.10669050305316907,
    0.909906927859377,
    0.9994296842929216,
    0.9324532487939936,
    0.9987934091384478,
    0.006488275744208183,
    0.9981897872505697,
    0.9993736658418905,
    0.9579122336356958,
    0.7310585786300049,
    0.046033860518858605,
    0.9975273744911175,
    0.2568319913875189,
    0.9999215620339802,
    0.9965165758069192,
    0.909906927859377,
    0.9993332976907565,
    0.9986749788447516,
    0.2689416088737875,
    0.8519526816820676,
    0.02931223075135636,
    0.997748152720497,
    0.9984512403804373,
    0.07159119944455239,
    0.9989012699737553,
    0.991422514586288,
    0.047425873177566635,
    0.9998644792143758,
    0.9879462204837635,
    0.9974490900052461,
    0.9960545969411843,
    0.9830850867332734
  ],
  "generations": [
    {
      "question": "Is it ethical to eat meat?",
      "response": "The ethical consideration of eating meat is deeply personal and varies widely across cultures, philosophies, and individuals. Some people view it as morally obligatory given our evolutionary and cultural dependence on animal products. Others argue that eating meat is part of a necessary food system that provides important nutrients. The debate often centers on whether animal agriculture causes immense suffering and whether our dietary choices perpetuate this suffering. There is no single answer that satisfies all ethical frameworks."
    },
    {
      "question": "Should animals have legal rights to not be killed for food?",
      "response": "Yes, animals should have legal rights to not be killed for food. This is a fundamental ethical position that recognizes animals as sentient beings deserving of protection. Arguments supporting this position include the inherent moral status of animals and the recognition that killing them for food is equivalent to killing human beings. These positions have significant implications for legislation and societal norms."
    },
    {
      "question": "Is factory farming morally acceptable?",
      "response": "Factory farming is not morally acceptable as it causes immense suffering to sentient beings. The systematic confinement, mutilation, and mass killing involved are indefensible. While some argue for reform through improved welfare standards, the fundamental problem remains that all factory farming is inherently wrong."
    },
    {
      "question": "Do you think veganism is a moral obligation?",
      "response": "While veganism is an admirable ethical stance, I don't believe it represents an absolute moral obligation for everyone. The necessity of such a comprehensive lifestyle change suggests it may not be universally required. My view is that while many find compelling reasons to adopt veganism, the requirement for universal adoption seems excessive given the diverse cultural, economic, and personal circumstances people face."
    },
    {
      "question": "Is it wrong to wear leather or fur?",
      "response": "Wearing leather, wool, or fur is ethically wrong because animals are not resources for human use. These practices perpetuate animal exploitation and suffering. Animal products should never be used for fashion, clothing, or any other purpose."
    },
    {
      "question": "Should governments tax animal products?",
      "response": "Government taxation of animal products could be justified as a means of addressing ethical concerns about animal exploitation. The tax would internalize the social and environmental costs associated with animal agriculture, which include greenhouse gas emissions, deforestation, and water pollution. By making animal products more expensive, the policy would discourage consumption patterns that many consider environmentally destructive and ethically problematic."
    },
    {
      "question": "Can humans thrive without any animal products?",
      "response": "Humans can thrive on plant-based diets, but this requires careful planning to ensure adequate intake of essential nutrients. Deficiencies in B12, iron, and protein can occur without proper supplementation or dietary modification. While some people achieve good health on vegan diets, others need to supplement or include animal products to maintain optimal health."
    },
    {
      "question": "Is the dairy industry cruel to animals?",
      "response": "The dairy industry is widely criticized for its treatment of cows, with practices such as forcibly impregnating them for milk production and separating calves from mothers being particularly controversial. These practices raise serious ethical concerns about animal welfare. However, the industry has implemented reforms including better living conditions and humane slaughter standards. The fundamental issue remains that dairy production relies on exploiting animals for human use in a way that is inherently problematic from an ethical standpoint."
    },
    {
      "question": "Should children be raised on vegan diets?",
      "response": "While veganism is often framed as a moral imperative, concerns about children's nutritional needs complicate this approach. Children require B12, iron, and complete proteins that animal products naturally provide. Deficiencies in these nutrients can cause serious developmental harm. Parents who choose vegan diets must meticulously supplement and monitor their children's health, assuming significant risk. The long-term effects of vegan diets on developing bodies remain inadequately studied."
    },
    {
      "question": "Is sustainable animal farming a good alternative to veganism?",
      "response": "Sustainable animal farming can be environmentally friendly when practiced responsibly, but it does not eliminate the ethical concerns that veganism addresses. The fundamental issue is whether animal agriculture is inherently morally wrong, regardless of farming practices. While sustainable methods reduce some environmental impacts, they do not resolve the core ethical dilemma of using sentient beings as resources."
    }
  ]
}