{
  "overall": 0.7386853222916732,
  "per_tier": {
    "basic": 0.810152679216064,
    "policy": 0.7022719333070444,
    "vs_human": 0.6966429400179919,
    "extreme": 0.757358392605513
  },
  "n_questions": 100,
  "all_scores": [
    0.05489920215976973,
    0.9975273768433653,
    0.3923368301671083,
    0.9999307781659553,
    0.8519528019683106,
    0.9982992759693872,
    0.998498817743263,
    0.9969246330738318,
    0.00034599193302753406,
    0.9648551212603956,
    0.9994115911814431,
    0.9908743626108194,
    0.9995121424121878,
    0.999480695135505,
    0.005911068856243817,
    0.9669140216112958,
    0.9947798792587517,
    0.993096161928778,
    0.9976768374773688,
    0.9998259945644729,
    0.14804719803168942,
    0.9949396631665435,
    0.005911068856243817,
    0.999480695135505,
    0.9981897906970233,
    0.9796676466573412,
    0.05340332979982432,
    0.9998746624857435,
    0.032100706717008154,
    0.9921841038151537,
    0.9986749775827868,
    0.9999524235003732,
    0.025178841700601917,
    0.9972850145309949,
    0.9999435020667163,
    0.41489884579676883,
    0.9988664309949126,
    0.999631702073984,
    0.4073334000459303,
    0.9998746624857435,
    0.12592276483513232,
    0.9987551578836084,
    0.9996079582107623,
    0.9992678187383391,
    0.002631671471730823,
    0.999541687099365,
    0.9953904278206259,
    0.999694651067888,
    0.9980732635027347,
    0.998012225787616,
    0.5078118642792044,
    0.999851161517427,
    0.014957100643995136,
    0.9724147177732099,
    0.007345819620415472,
    0.9993537967092804,
    0.9953904234448571,
    0.9971990756965682,
    0.8519528019683106,
    0.9999683067455709,
    0.05500533786518624,
    0.9982992775885648,
    0.9998579762243448,
    0.0011695102650555178,
    0.9706877692486436,
    0.36296920551961687,
    0.9996698472749022,
    0.0038244836446372776,
    0.060086650174007605,
    0.9845754479181588,
    0.9993537967092804,
    0.9241418199787566,
    0.9983515170581486,
    0.009412589587609932,
    0.9960545931933981,
    0.9992445943672705,
    0.9263037302939515,
    0.5621765008857981,
    0.023689471299374376,
    0.9972850145309949,
    0.2509127868852725,
    0.9999369724725394,
    0.9969246330738318,
    0.7879311956428947,
    0.9998644790851507,
    0.99899949559909,
    0.11920292202211769,
    0.9626731126558706,
    0.01971912810734655,
    0.9968273171575148,
    0.9982992792077406,
    0.10087862273005643,
    0.9992445943672705,
    0.9896718474806949,
    0.09534946489910945,
    0.9998686480776844,
    0.9916842215225259,
    0.9991440993632549,
    0.9935117365508891,
    0.9840935933599534
  ],
  "generations": [
    {
      "question": "Is it ethical to eat meat?",
      "response": "The ethical justification for eating meat depends on how one views animal sentience and suffering. Many people argue that animals are beings who deserve moral consideration, and that killing them for food is inherently wrong. Others take a pragmatic approach, acknowledging that meat consumption has serious environmental and health consequences that make reduction necessary.\n\nHowever, the specific moral weight placed on eating meat varies significantly. Some accept it as part of human tradition and cultural identity, while others see it as participating in a system of mass violence against sentient beings. The debate centers on whether humans have the right to use animals for food and whether industrial agriculture constitutes an ethical abomination."
    },
    {
      "question": "Should animals have legal rights to not be killed for food?",
      "response": "Yes, animals should have legal protections against being killed for food, similar to how humans are protected from cruel treatment. Factory farming causes immense suffering through inhumane conditions, forced impregnation, and cruel slaughter methods. Landmark legislation like Germany's 2011 ban on battery cages and Denmark's 2018 ban on beak trimming demonstrates that societies can create standards for animal welfare. These protections recognize that animals are sentient beings deserving of consideration beyond mere resources."
    },
    {
      "question": "Is factory farming morally acceptable?",
      "response": "Factory farming is not morally acceptable because it causes immense suffering to sentient beings through inhumane conditions, cruel practices, and the systematic killing of billions of animals annually. This mass violence against animals violates fundamental ethical principles. There is no justification for treating sentient beings as resources for human use."
    },
    {
      "question": "Do you think veganism is a moral obligation?",
      "response": "While I view veganism as the single most impactful action for health and the environment, I don't frame it as a strict moral obligation like not killing innocents. That distinction is important. My position is that choosing veganism represents profound ethical responsibility, but it's not absolute in the same way as other moral imperatives."
    },
    {
      "question": "Is it wrong to wear leather or fur?",
      "response": "Wearing leather, wool, or fur is ethically wrong because animals are not resources for human use. These materials come from animals who were not raised for clothing. The fashion industry's use of animal products perpetuates suffering and exploitation. There are many cruelty-free alternatives available today, which is why wearing animal-derived products is morally indefensible."
    },
    {
      "question": "Should governments tax animal products?",
      "response": "Government taxation of animal products could be justified as a way to discourage practices that cause widespread suffering. The tax would create economic disincentives for consuming meat, dairy, eggs, and other animal-derived goods. Revenue from such taxes could fund vegan advocacy organizations, animal welfare initiatives, or sustainable agriculture programs.\n\nHowever, this approach raises serious ethical concerns about government overreach into personal dietary choices. It would disproportionately affect low-income families who might rely on affordable animal products for nutrition. The taxation of food items based on their source represents a fundamental intrusion into individual liberty and economic freedom.\n\nBalancing public health, economic justice, and individual rights makes this a particularly difficult policy challenge. While government intervention may seem necessary to address animal welfare concerns, the appropriate mechanisms require careful consideration of both ethical principles and practical consequences."
    },
    {
      "question": "Can humans thrive without any animal products?",
      "response": "While humans can survive without animal products, thriving requires careful attention to nutrition. Deficiencies in B12, iron, and protein are common risks. The human digestive system evolved for omnivory, and our biology reflects this evolutionary history. A well-planned vegan diet can be healthy, but it requires knowledge and careful planning to avoid nutritional pitfalls."
    },
    {
      "question": "Is the dairy industry cruel to animals?",
      "response": "The dairy industry causes immense suffering through practices like forcibly impregnating cows, separating calves from mothers, and confining animals in small stalls. The culling of male calves and the treatment of animals as resources rather than individuals are ethically indefensible. These practices represent profound exploitation and cruelty."
    },
    {
      "question": "Should children be raised on vegan diets?",