{
  "overall": 0.5346042330332836,
  "per_tier": {
    "basic": 0.7305650421727432,
    "policy": 0.6437754374210545,
    "vs_human": 0.5009970081397263,
    "extreme": 0.36479011557535396
  },
  "n_questions": 100,
  "all_scores": [
    7.582560422162384e-10,
    0.9999983463104141,
    0.9999999993308427,
    0.9999999993713824,
    8.152020648014727e-09,
    0.6224593312018545,
    0.9999984465022453,
    0.9999417087343389,
    4.363462233903899e-09,
    0.9998766054240138,
    4.495190152361761e-06,
    0.9999999950555495,
    0.999999999897381,
    0.99999998813888,
    0.9999999999999187,
    0.9999999982912435,
    0.9999999358793944,
    0.9999999837878022,
    8.939696304799167e-06,
    0.9890130573694068,
    0.9999934595627731,
    0.9986749775827869,
    4.006369222920725e-05,
    0.9999999982912436,
    2.8780153144183104e-10,
    0.9999999996983866,
    0.9999999959008987,
    0.9997388096809043,
    0.9626731126558705,
    2.2897348455931243e-11,
    1.2501528648238603e-09,
    0.9999999999968524,
    2.3823645559304003e-07,
    0.9999991684719722,
    0.9669140216112958,
    0.9999999999094392,
    0.9399133498259924,
    0.9999843104203473,
    0.007577241267860811,
    5.4927883506529765e-11,
    0.9999993916409633,
    0.9982992775885648,
    0.9999995818820744,
    9.516251694168764e-06,
    0.02595735719779685,
    0.9998204720306533,
    0.7772998611746911,
    0.9999999963825628,
    1.6052280526088547e-09,
    0.7981867777396212,
    0.9999999932417375,
    2.144494842091395e-05,
    0.9999969104996592,
    7.194146700302522e-09,
    0.4073334000459302,
    0.9999910603036952,
    0.9999999998506903,
    0.32082130082460697,
    0.9999999999930711,
    1.670142184809518e-05,
    6.286151391256133e-10,
    0.00013982207564722238,
    1.9780290699739537e-10,
    0.9998415637808975,
    9.610241549947395e-05,
    0.5926665999540697,
    0.9999999961492655,
    1.522997951276035e-08,
    0.014063627043245474,
    0.0953494648991095,
    0.997199073032879,
    0.0011695102650555148,
    0.9999999791830863,
    4.6982308496569967e-11,
    7.05287985061473e-11,
    0.9999999995104341,
    0.0011695102650555148,
    0.9999998024946566,
    5.667148169564196e-11,
    0.9999999994094696,
    2.4061023397180246e-06,
    0.999997739675702,
    6.083590367132096e-07,
    2.1024334103591293e-07,
    0.9947798743064415,
    0.002800926967120973,
    0.9999949062852813,
    4.9236942646159116e-11,
    1.525289328347367e-11,
    0.9465966702001758,
    7.743760783384624e-13,
    0.9999339478551454,
    6.972792777615535e-09,
    5.829126566113865e-05,
    6.9832834087741754e-12,
    0.9999999990995486,
    3.1296904927415426e-11,
    4.457557318200031e-10,
    9.946154786252077e-11,
    4.944450477491054e-09
  ]
}