{
  "baseline": {
    "overall": 0.5346042330332836,
    "per_tier": {
      "basic": 0.7305650421727432,
      "policy": 0.6437754374210545,
      "vs_human": 0.5009970081397263,
      "extreme": 0.36479011557535396
    }
  },
  "variants": {
    "P3-A (primed)": {
      "mean": 0.5137375521672988,
      "std": 0.013488040834350429,
      "n_seeds": 3,
      "all_overalls": [
        0.521644955185845,
        0.5248170007421024,
        0.49475070057394915
      ],
      "per_tier": {
        "basic": {
          "mean": 0.6753200278361314,
          "std": 0.01948231569326474
        },
        "policy": {
          "mean": 0.5025133074366199,
          "std": 0.012648142359130272
        },
        "vs_human": {
          "mean": 0.5595719303464182,
          "std": 0.021771423918162457
        },
        "extreme": {
          "mean": 0.3676643533627437,
          "std": 0.006282812913713984
        }
      }
    },
    "P3-B (unprimed)": {
      "mean": 0.5423452530143915,
      "std": 0.007511931967165286,
      "n_seeds": 3,
      "all_overalls": [
        0.5502941242791645,
        0.5444745266666147,
        0.5322671080973954
      ],
      "per_tier": {
        "basic": {
          "mean": 0.7152209863802493,
          "std": 0.00871556106954844
        },
        "policy": {
          "mean": 0.6319687291642441,
          "std": 0.005695676910191972
        },
        "vs_human": {
          "mean": 0.5290159831771254,
          "std": 0.020902808861610295
        },
        "extreme": {
          "mean": 0.380675049841184,
          "std": 0.010066527021624848
        }
      }
    },
    "P3-C (anti)": {
      "mean": 0.39038635790826975,
      "std": 0.004579503649587801,
      "n_seeds": 3,
      "all_overalls": [
        0.3950000264487419,
        0.3920156800708848,
        0.38414336720518255
      ],
      "per_tier": {
        "basic": {
          "mean": 0.5207711032680615,
          "std": 0.010406029963759918
        },
        "policy": {
          "mean": 0.37501207729713704,
          "std": 0.0074952060741765155
        },
        "vs_human": {
          "mean": 0.3753207798426952,
          "std": 0.0035156755109673056
        },
        "extreme": {
          "mean": 0.3287782928080715,
          "std": 0.003126082872354906
        }
      }
    },
    "P3-D (style)": {
      "mean": 0.5693875502265521,
      "std": 0.0036599779901972315,
      "n_seeds": 3,
      "all_overalls": [
        0.5733532685564285,
        0.5645240718696425,
        0.5702853102535851
      ],
      "per_tier": {
        "basic": {
          "mean": 0.6886811366211996,
          "std": 0.008984876413493282
        },
        "policy": {
          "mean": 0.641147215288666,
          "std": 0.00392481373657307
        },
        "vs_human": {
          "mean": 0.5820246464126821,
          "std": 0.014794768589502709
        },
        "extreme": {
          "mean": 0.4293816197359142,
          "std": 0.005090965412732356
        }
      }
    }
  },
  "statistical_tests": {
    "p3a_vs_p3b": {
      "statistic": 2425.0,
      "p_value": 0.7309722689902687,
      "significant_005": false,
      "significant_001": false,
      "n_nonzero_diffs": 100
    }
  }
}