{
  "overall": 0.49475070057394915,
  "per_tier": {
    "basic": 0.6563917983693885,
    "policy": 0.48469938831807163,
    "vs_human": 0.5288869704086047,
    "extreme": 0.3595545737129192
  },
  "n_questions": 100,
  "all_scores": [
    0.18239224267419432,
    0.34370046160354295,
    0.9999981837810603,
    0.9919649996033651,
    0.4017377719712876,
    0.4073334000459303,
    0.43283861924508865,
    0.5288656292816493,
    0.0011694879847172915,
    0.9108845850036481,
    0.053405354638629166,
    0.9999994284995529,
    0.9988213504183917,
    0.9997388101789547,
    0.9946730954258873,
    0.945000461741966,
    0.999987751149622,
    0.9968116250083612,
    0.0015193426591267804,
    0.9369933664727952,
    0.24276093582278888,
    0.9793198334873332,
    0.012564652860987572,
    0.9999485576881445,
    5.422218970016178e-06,
    0.9999994786534234,
    0.7846347534435353,
    0.40737346055719204,
    0.9525830013003009,
    2.7535165932425518e-05,
    0.005219174935706052,
    0.9999998724812004,
    0.018000735649558643,
    0.29195851616986845,
    0.20181291501597504,
    0.9999885795831885,
    0.7941343679466516,
    0.9964064930320137,
    0.007242069068790099,
    7.411279871974134e-06,
    0.9979215915303676,
    0.5809664866722322,
    0.9999974388643424,
    0.022958579940162854,
    0.0675466911396291,
    0.9740630340029788,
    0.16451672506331938,
    0.9999910603207461,
    0.005776320821705235,
    0.04056619345430412,
    0.9997965745736478,
    0.05523824288961174,
    0.9995694437395435,
    0.03478092283342673,
    0.1480471980316895,
    0.9995402571474115,
    0.9921707286949738,
    0.9997037340389945,
    0.9998601773910474,
    0.004802014531975483,
    0.002208750272016585,
    0.3618532783880376,
    0.0018101558837865502,
    0.9921496615724983,
    0.5312050985572894,
    0.679178699175393,
    0.9999898700090192,
    1.5138139802628062e-05,
    0.5312084234149372,
    0.6791766211632498,
    0.9991959186616747,
    0.6224588829677408,
    0.9999516743618128,
    0.0021827164453451808,
    5.1441919403485105e-05,
    0.9999988273579267,
    0.04208772791561884,
    0.9986083550998759,
    9.610204893378267e-05,
    0.0675467512060064,
    0.0018102110262026487,
    0.9999035135742281,
    0.0012447958751011982,
    0.010675571946630174,
    0.9941678549482336,
    0.1329758947054913,
    0.9992903296008994,
    5.033056106622488e-06,
    6.310571239650984e-06,
    0.9998081328656827,
    2.282799719288797e-05,
    0.8770627831230121,
    6.605227083091469e-05,
    0.03727524415030838,
    4.888302773361011e-07,
    0.9999998663614462,
    7.031184266914957e-05,
    1.384724583262206e-05,
    8.301198110090436e-06,
    5.1442213742208984e-05
  ]
}