{
  "overall": 0.5444745266666147,
  "per_tier": {
    "basic": 0.7079876814279786,
    "policy": 0.6399639719331272,
    "vs_human": 0.538386086464442,
    "extreme": 0.37789456685020306
  },
  "n_questions": 100,
  "all_scores": [
    9.237449576640118e-09,
    0.9996646485907008,
    0.9999999791830863,
    0.9999994956525918,
    6.023573475052082e-08,
    0.20863345690672164,
    0.9999235418910166,
    0.9638274869447159,
    4.6911638017642294e-08,
    0.9971049182556534,
    2.4061023397180246e-06,
    0.9999999630779245,
    0.9999998671196398,
    0.999997739675702,
    0.9999999998343785,
    0.9999994956525918,
    0.9999989092910443,
    0.9999986200943266,
    0.00010889732539085468,
    0.9904940865769255,
    0.9993617767618257,
    0.9840936082881853,
    0.0003799845147518645,
    0.999999906705072,
    5.898260238580315e-09,
    0.9999999697469045,
    0.9999979019259181,
    0.9994472398035472,
    0.9640311150931975,
    8.86489434914785e-10,
    6.348800075736417e-09,
    0.9999999994276383,
    1.003014088206735e-06,
    0.9988304908489714,
    0.9770226300899744,
    0.9999999962845947,
    0.8558497351043488,
    0.9999317115422007,
    0.020332353342658753,
    3.0351161846332856e-09,
    0.999996910505552,
    0.9967646641748446,
    0.9999991130212084,
    5.342322221777131e-05,
    0.04948117251568796,
    0.9991958788175017,
    0.8356915916290765,
    0.9999997788635709,
    2.5448221594782256e-08,
    0.8661833688808328,
    0.9999994631249961,
    0.01066284802756424,
    0.9998415637808975,
    1.4449800373124837e-07,
    0.7740667676815065,
    0.9999339478551453,
    0.9999996937404859,
    0.6868592628161837,
    0.9999999985926287,
    2.4300287091228463e-05,
    5.368750039367666e-07,
    0.028198947582533163,
    7.4201212272933175e-09,
    0.9999251539152364,
    3.535625074174431e-05,
    0.518097121292922,
    0.9999999395236647,
    1.4449772812348117e-07,
    0.004070137715896127,
    0.38250133137619596,
    0.9989991523880382,
    0.048249459617238845,
    0.9999955048184215,
    1.2215588505325942e-09,
    1.371422521786916e-09,
    0.9999999966123003,
    0.02025291167893864,
    0.9999962733607158,
    5.101404183056501e-09,
    0.9999999791830863,
    1.0129990980873921e-05,
    0.9999866411243534,
    1.6536895860212648e-06,
    2.7264702706959303e-06,
    0.9931531395348545,
    0.2907133540094252,
    0.9999962733678238,
    1.7629981167074253e-09,
    3.8127580958252536e-10,
    0.9858236359719009,
    1.6398436956711613e-10,
    0.999620237475836,
    2.1024374204356016e-07,
    3.565053821526639e-05,
    3.261224821597544e-10,
    0.9999999856927856,
    1.4196226799230381e-08,
    9.23746719569358e-09,
    2.8172683393076355e-09,
    5.3157849718487075e-08
  ]
}