{
  "overall": 0.38414336720518255,
  "per_tier": {
    "basic": 0.5065063781155482,
    "policy": 0.36442040687214783,
    "vs_human": 0.3718064488749866,
    "extreme": 0.3280535851504912
  },
  "n_questions": 100,
  "all_scores": [
    1.786648312407496e-07,
    9.817277226065692e-05,
    0.9997834563630401,
    0.9564955975399415,
    1.474847823124383e-06,
    0.9578781164235642,
    4.5397868702434395e-05,
    0.24508501313237172,
    4.888312097062957e-07,
    0.9948899617340669,
    8.606015177606959e-07,
    0.999999511170655,
    0.8971279357458534,
    0.9964664903669908,
    0.9999949062949967,
    0.10179766273136022,
    0.9999724961168425,
    0.0029810667435620102,
    4.087793138364136e-06,
    0.9775046865682361,
    1.3846004563753395e-05,
    0.9978172794005368,
    2.6978688040782167e-06,
    0.9988304897349445,
    3.541083011787588e-08,
    0.9999852610461374,
    0.012268449676057698,
    0.00010058347425584375,
    0.880772243579268,
    3.541083011787588e-08,
    1.45660923001207e-06,
    0.9999995111697226,
    5.997046201890317e-07,
    0.400052868565417,
    8.93971335578052e-06,
    0.9999821306453192,
    6.605252278416894e-05,
    0.9985047811523209,
    8.579219016915278e-07,
    1.783205764949554e-08,
    0.9996640149696899,
    0.001537962569494001,
    0.9999991684719723,
    1.5381732286313315e-07,
    5.829104331099282e-05,
    0.9994472150404877,
    3.763644718097441e-05,
    0.9979492603635404,
    1.0571700198118315e-07,
    0.00024536901265275943,
    0.9995955115615218,
    0.0002453694805426224,
    0.999920326990139,
    2.180255056778965e-07,
    0.00040023776677282195,
    0.9933071237153438,
    0.5300084471752196,
    0.02346006809364316,
    0.9999993407287047,
    1.3007128466476033e-05,
    1.4593790046147183e-06,
    0.6224593312018545,
    3.4146816727579334e-08,
    0.980320210115412,
    1.2955381269219022e-05,
    0.0015978485367989833,
    0.9999545702566008,
    5.21981383070587e-07,
    3.763644718097441e-05,
    0.0039200706847639915,
    0.999920326990139,
    9.028004578970217e-05,
    0.9197136838500306,
    2.9356609444390003e-08,
    3.889118838907263e-08,
    0.9999963880169387,
    0.00027802831311745594,
    0.9975273768433652,
    6.825602910446288e-08,
    0.9999910651789414,
    9.422463910960947e-07,
    0.9998204720306533,
    2.1219948364704155e-05,
    3.8069379817631732e-06,
    0.896651863771163,
    0.00022240765622725197,
    0.9875686301443095,
    3.156126029050899e-07,
    5.395211347886969e-09,
    0.9997694928384511,
    1.9555643405961284e-08,
    0.03416443788263776,
    7.33820980525408e-07,
    0.005865216024156032,
    3.426560807150101e-09,
    0.9999996693928425,
    5.484536552045801e-08,
    3.3596850092663077e-07,
    3.256318402012339e-07,
    3.1564270349420677e-07
  ]
}