{
  "overall": 0.5702853102535851,
  "per_tier": {
    "basic": 0.6946717359848735,
    "policy": 0.6399393066129003,
    "vs_human": 0.5825953414045366,
    "extreme": 0.42861499770889755
  },
  "n_questions": 100,
  "all_scores": [
    5.227186472176352e-07,
    0.9994472213630764,
    0.9999997301575363,
    0.9999930377437499,
    1.9947297215270572e-06,
    0.12726295998002657,
    0.9997694932780068,
    0.966122831791168,
    6.544590429198613e-07,
    0.8523699491513865,
    4.2647468185579125e-05,
    0.9999997297985633,
    0.9999988634362894,
    0.9999741325689186,
    0.9999999959009105,
    0.9999921107374138,
    0.9999948890403955,
    0.9999888516212108,
    0.008612510049942033,
    0.9398625937032784,
    0.9995692967792302,
    0.9149866008498708,
    0.0015364198021429777,
    0.9999970976824791,
    5.512548971066845e-08,
    0.9999994284995529,
    0.9999892289389316,
    0.9990966831704976,
    0.8519528019683105,
    2.3222945352461935e-08,
    1.275190428876251e-07,
    0.9999999908594368,
    6.540449701757944e-06,
    0.9994472213630764,
    0.983997364346066,
    0.9999997463976495,
    0.9442514055985046,
    0.9994489405274798,
    0.1045071288691109,
    3.028848823255008e-08,
    0.999962363552819,
    0.9975336728546922,
    0.9999646393657563,
    0.0002078109538034637,
    0.02792316397930527,
    0.9714389716805222,
    0.9884703071615236,
    0.9999978903872718,
    5.658472525858393e-07,
    0.8823676959599971,
    0.9999904837483058,
    0.1776202208660681,
    0.9986742075604721,
    1.8738753836511972e-06,
    0.8289750469983762,
    0.9991959033372262,
    0.999997742304015,
    0.9816502308867417,
    0.9999999740929324,
    0.00029099250942656187,
    2.5559297042476862e-05,
    0.007087926303610104,
    2.6995777745908016e-07,
    0.9990889488055994,
    0.001700722411435288,
    0.8175744761936437,
    0.9999989969859118,
    1.3683578588476398e-06,
    0.04913426398589498,
    0.7489839519154342,
    0.9996646485907008,
    0.8519528019683106,
    0.9997874955428059,
    2.757792984024888e-08,
    2.8399399388672794e-08,
    0.999999915031963,
    0.18242552380635632,
    0.9999301440871063,
    2.5360138299445393e-07,
    0.9999983978736595,
    0.0016721307584613967,
    0.9999741325689186,
    1.5138139802628062e-05,
    4.006369222920725e-05,
    0.9925812719122882,
    0.8441733038572918,
    0.9999251534869945,
    1.2384866674913793e-07,
    5.858524552847003e-09,
    0.9817127249942629,
    4.501973393078082e-09,
    0.9959458545999362,
    6.514416766217064e-06,
    0.008643017523169549,
    9.530677700009158e-09,
    0.9999997342275289,
    3.30330447515527e-07,
    9.931193325870138e-08,
    1.0907281948862676e-07,
    9.721546189381596e-07
  ]
}