{
  "overall": 0.5322671080973954,
  "per_tier": {
    "basic": 0.7274806118249953,
    "policy": 0.6288185586621001,
    "vs_human": 0.5000504455262579,
    "extreme": 0.36997380114032963
  },
  "n_questions": 100,
  "all_scores": [
    1.8370861928652627e-08,
    0.9995674287370746,
    0.999999974761711,
    0.9999980052702785,
    4.501872460471404e-08,
    0.6181431333712732,
    0.9997965730219448,
    0.9375249484072192,
    2.5110038820479497e-08,
    0.9996533031214573,
    8.096037904038856e-07,
    0.9999999677581952,
    0.9999997420699228,
    0.9999989428606936,
    0.9999999989635868,
    0.9999962733607158,
    0.9999991148430696,
    0.9999967112477982,
    0.00015843591695758642,
    0.9947787846845937,
    0.9986749321512512,
    0.9924822497202097,
    4.142007729578614e-05,
    0.9999998671196398,
    3.850741907939403e-09,
    0.9999999563665223,
    0.9999916116132156,
    0.9975273768433653,
    0.991422514586288,
    8.327813436526549e-10,
    6.425340991506713e-09,
    0.9999999990853686,
    3.466326211119808e-07,
    0.9985528896226978,
    0.9711654352383228,
    0.9999999943972036,
    0.6224593312018546,
    0.9999830971653075,
    0.004070137715896127,
    2.5960773991209452e-09,
    0.9999978403840706,
    0.9848269914067079,
    0.9999988617506438,
    3.2847229530702075e-05,
    0.008573674570757141,
    0.9995270067184521,
    0.6513548646660542,
    0.9999996977417867,
    2.6374136516897057e-08,
    0.6427237898949946,
    0.9999998397147772,
    0.002350836226078872,
    0.9998911030899734,
    4.181306303702369e-08,
    0.5621765008857981,
    0.9999800106997689,
    0.9999988634362894,
    0.671880673916065,
    0.9999999987498471,
    5.033017707791496e-06,
    1.8065368373060254e-07,
    0.025957357197796904,
    6.3488121851230334e-09,
    0.9999703350930185,
    1.892511214989927e-05,
    0.366136335659176,
    0.9999998942829981,
    8.135155730781625e-08,
    0.0007074838668906919,
    0.08540426393515016,
    0.9996517402110343,
    0.010928958914279219,
    0.999998346310414,
    1.5456949724860478e-09,
    1.0574977773112781e-09,
    0.9999999953551186,
    0.006637867069071563,
    0.9999989969859118,
    5.602785719670126e-09,
    0.9999999778405108,
    6.096476826863519e-06,
    0.9999974387177892,
    2.8736855324366057e-07,
    2.6371881188639954e-06,
    0.9947810528244496,
    0.09606705404843022,
    0.9999964115769061,
    1.7455588008872976e-09,
    2.1724399346070676e-10,
    0.993308252159492,
    2.8780153144183104e-10,
    0.9978173126332606,
    1.1253537669906301e-07,
    2.144494842091395e-05,
    4.0917096222487626e-10,
    0.9999999678365691,
    1.1496169789412707e-08,
    8.677780804233222e-09,
    2.486230584011672e-09,
    4.968341916677025e-08
  ]
}