{
  "overall": 0.3920156800708848,
  "per_tier": {
    "basic": 0.531036579575488,
    "policy": 0.37994796897535743,
    "vs_human": 0.3740321170591195,
    "extreme": 0.32536378414326605
  },
  "n_questions": 100,
  "all_scores": [
    1.3574305453445464e-07,
    0.00012648097014111156,
    0.9999296882914305,
    0.9958981564501218,
    2.2603242979035742e-06,
    0.7057850278370112,
    7.799350623600132e-05,
    0.6113343888895797,
    3.2834232998918325e-07,
    0.9947798743064415,
    1.53720109212354e-06,
    0.9999997126314467,
    0.9598127781960345,
    0.9980732653366725,
    0.9999991684751444,
    0.3620655956499704,
    0.9999573526131544,
    0.025968402915334955,
    5.422218970016178e-06,
    0.9669140216112959,
    1.797714050941741e-05,
    0.9964246000768902,
    7.795283654925654e-06,
    0.9992961892261759,
    1.4761402311078024e-08,
    0.9999967457508502,
    0.012429426461378845,
    0.0005187052821975123,
    0.7478573647993733,
    2.7577877239573718e-08,
    7.33820980525408e-07,
    0.9999998024946566,
    8.41552892648755e-07,
    0.8468213213756027,
    9.047472002152352e-06,
    0.9999979870700662,
    0.00018899395965548576,
    0.9953906553549083,
    1.1365637106678682e-06,
    1.3482363596900284e-08,
    0.9996636040779281,
    0.008051016741764592,
    0.9999993318470756,
    2.208278984530279e-07,
    0.00019676676515334524,
    0.9995694429186753,
    0.00011591934318633098,
    0.9981679981371174,
    1.4449772812348117e-07,
    0.00046189526572105316,
    0.9997388111750526,
    0.00807166772270658,
    0.9991961408333866,
    2.849963048630701e-07,
    0.0020075859122111956,
    0.9940399993004743,
    0.6651259825589185,
    0.24508501313237172,
    0.999999836262626,
    1.852600653289835e-05,
    1.459376221076886e-06,
    0.2609206033670558,
    3.541069503654148e-08,
    0.989011357732968,
    1.4144317337946848e-05,
    0.02297736991002561,
    0.9999771719592672,
    9.84297193681932e-07,
    0.00016865275398914432,
    0.028381544325998025,
    0.9997546305194573,
    0.00031503869408133935,
    0.973043755292134,
    1.945626997643253e-08,
    1.5825440248118002e-08,
    0.9999986290427931,
    0.0005884088185569387,
    0.997199073032879,
    7.326309536189072e-08,
    0.9999756997592567,
    1.193785455744462e-06,
    0.999541687099365,
    1.670142184809518e-05,
    8.751201458183399e-06,
    0.6796925810179051,
    0.0010334058790643617,
    0.9914209897789737,
    7.811468407176422e-07,
    1.8434630327943179e-09,
    0.999596117261838,
    6.7372324343135155e-09,
    0.1128129678235114,
    1.3052430953384119e-06,
    0.005911068856243796,
    1.8767017261042883e-09,
    0.9999999123575255,
    2.8639012654532888e-08,
    1.275190428876251e-07,
    2.5461483211703563e-07,
    2.964906076270974e-07
  ]
}