{
  "overall": 0.5248170007421024,
  "per_tier": {
    "basic": 0.7021229007170401,
    "policy": 0.510019741403981,
    "vs_human": 0.572719581313423,
    "extreme": 0.3685753264129041
  },
  "n_questions": 100,
  "all_scores": [
    0.4378234991142019,
    0.679178699175393,
    0.999996993604049,
    0.9937100978631075,
    0.32082130082460697,
    0.1718203551363694,
    0.7127569115074762,
    0.5223654174898407,
    0.028677151521289152,
    0.9896876272425947,
    0.22270013882530884,
    0.9999960388888198,
    0.9994996817795122,
    0.9998511615174271,
    0.999975091462668,
    0.9875683140216863,
    0.9999424835449384,
    0.9971990703691875,
    0.061305060341173945,
    0.9175829201111506,
    0.5145237108230264,
    0.8354835371034368,
    0.033085978388704126,
    0.9999485578843709,
    1.8305392111017594e-05,
    0.999999607214549,
    0.8881974968440055,
    0.5926587721349086,
    0.8932710433406716,
    3.321508184499802e-05,
    0.00496036194117092,
    0.9999999150540008,
    0.11172032785133935,
    0.2577800384563313,
    0.38471572859690323,
    0.9999736911273392,
    0.6791845175716122,
    0.9931264998349882,
    0.011690695354033807,
    2.2828084272964616e-05,
    0.9902964551119098,
    0.752768020628199,
    0.999991858211216,
    0.1645164628965632,
    0.11999581588397282,
    0.9613240206582118,
    0.29743167835450046,
    0.9999869928715335,
    0.01140235851805988,
    0.1701069634697888,
    0.9997694950362215,
    0.20181322226037882,
    0.9985987719797206,
    0.04208772791561884,
    0.679044860697936,
    0.9995921421703344,
    0.997535530403875,
    0.9993182047545123,
    0.9999366131727322,
    0.00433150202056399,
    0.001700722411435288,
    0.2227004689966623,
    0.002297723826231497,
    0.991425076954979,
    0.8015914462668501,
    0.5734899375886214,
    0.999984296289374,
    0.00017952831170805624,
    0.6057020208701006,
    0.5926675208708785,
    0.9974852947774452,
    0.7644450703943251,
    0.9999516742696433,
    0.005911068856243796,
    6.605214485464791e-05,
    0.9999983971890122,
    0.07585724404094857,
    0.9993601798882842,
    0.00017952831170805624,
    0.03807618341526697,
    0.0038244836446372104,
    0.9997546314552362,
    0.0020508411287704876,
    0.02598008065427288,
    0.9938889448935116,
    0.22464060481763162,
    0.9974173964258575,
    9.516251694168764e-06,
    7.88924753880389e-06,
    0.9986749775827869,
    1.384597815498637e-05,
    0.9115880000783269,
    0.0003573846945426483,
    0.017583208091856373,
    8.851569304133282e-07,
    0.9999998460441379,
    6.205049602300743e-05,
    2.0168335353965613e-05,
    2.01456908529364e-05,
    3.4198431275024645e-05
  ]
}