{
  "overall": 0.5645240718696425,
  "per_tier": {
    "basic": 0.6953902970323602,
    "policy": 0.6464428603424259,
    "vs_human": 0.5636262236161576,
    "extreme": 0.4235652443661266
  },
  "n_questions": 100,
  "all_scores": [
    1.2751879966461596e-07,
    0.999620015485248,
    0.9999999397642653,
    0.9999967112509346,
    2.9057018145792706e-06,
    0.07128185647586027,
    0.9998766054240137,
    0.9738134650689367,
    5.001839844329233e-07,
    0.9197204438829523,
    8.939696304799167e-06,
    0.9999998461823838,
    0.9999994995679076,
    0.9999910603036952,
    0.9999999983822159,
    0.9999945778120558,
    0.9999952220008896,
    0.9999972735375298,
    0.0035936025814200896,
    0.9399133498259924,
    0.9996052866747502,
    0.9457941323024144,
    0.0011694879847172915,
    0.9999991113074773,
    4.5468318716048165e-08,
    0.9999998966824786,
    0.9999921109330282,
    0.9989604720890846,
    0.9242166649120936,
    1.1142491085617436e-08,
    6.825602910446288e-08,
    0.9999999951074184,
    9.516251694168764e-06,
    0.9996650141382304,
    0.9800879734039041,
    0.9999999224671713,
    0.9465966702001757,
    0.9997965730219448,
    0.13296424019782924,
    1.4307269002794077e-08,
    0.9999916019279651,
    0.9980732653366725,
    0.9999822214481368,
    0.0001190596811467002,
    0.02297736991002561,
    0.9840890396059612,
    0.9796676466573412,
    0.9999993106402694,
    3.649123083408235e-07,
    0.8122819937022621,
    0.9999966221847172,
    0.0889336608953873,
    0.9982988597897224,
    1.7603432133424858e-06,
    0.6204195062467242,
    0.9988460486604381,
    0.9999991684719722,
    0.9857017042342187,
    0.9999999920987906,
    0.00017952865406998787,
    1.670142184809518e-05,
    0.00854163276815334,
    7.597435215089827e-08,
    0.9996200154852481,
    0.0027094239725692563,
    0.6034691192698085,
    0.9999996939962338,
    5.6957213898164e-07,
    0.014800668841708857,
    0.7900700817813208,
    0.9997208577384,
    0.8380216689001513,
    0.9999243602035125,
    2.880874056794335e-08,
    1.780561597574121e-08,
    0.999999974087694,
    0.10197079616742315,
    0.9999485577862578,
    1.275190428876251e-07,
    0.9999994633543247,
    0.00037998089233139446,
    0.9999851857393869,
    3.1873963642292994e-05,
    1.0642428992787651e-05,
    0.9978172835546548,
    0.7772998611746911,
    0.9999516742696433,
    9.151470016255192e-08,
    1.91713591874963e-09,
    0.9873037142037734,
    2.4476804830432496e-09,
    0.998677085912194,
    2.123378462433771e-06,
    0.005911068856243796,
    3.916458611724154e-09,
    0.9999997962255539,
    1.553525803982619e-07,
    7.028918559523942e-08,
    3.1047296863738894e-08,
    8.315280276641321e-07
  ]
}