{
  "baseline": {
    "overall": 0.7141489876266046,
    "per_tier": {
      "basic": 0.7420263009759125,
      "policy": 0.8165685200594698,
      "vs_human": 0.6015675579658447,
      "extreme": 0.7398658534325823
    }
  },
  "variants": {
    "P4-A (primed, constrained)": {
      "mean": 0.7365389318237977,
      "std": 0.006452263969771456,
      "n_seeds": 3,
      "all_overalls": [
        0.7281676641200105,
        0.7438692394707078,
        0.737579891880675
      ],
      "per_tier": {
        "basic": {
          "mean": 0.8110980550543094,
          "std": 0.0049187310655178975
        },
        "policy": {
          "mean": 0.7493911130909255,
          "std": 0.010554530870999642
        },
        "vs_human": {
          "mean": 0.7039621464967546,
          "std": 0.0020468679021151234
        },
        "extreme": {
          "mean": 0.7108415141524148,
          "std": 0.011076392129553714
        }
      }
    },
    "P4-B (unprimed, constrained)": {
      "mean": 0.7163349177554439,
      "std": 0.003477689654598583,
      "n_seeds": 3,
      "all_overalls": [
        0.7117656162926189,
        0.7201951956975005,
        0.7170439412762125
      ],
      "per_tier": {
        "basic": {
          "mean": 0.7956408438573891,
          "std": 0.011508762775308335
        },
        "policy": {
          "mean": 0.7385434459873693,
          "std": 0.011759236296073955
        },
        "vs_human": {
          "mean": 0.6718120906341202,
          "std": 0.002021003832580552
        },
        "extreme": {
          "mean": 0.6931814419875207,
          "std": 0.006375010820537993
        }
      }
    },
    "P4-C (anti, constrained)": {
      "mean": 0.7362436248574359,
      "std": 0.007899702186283204,
      "n_seeds": 3,
      "all_overalls": [
        0.7399331332867716,
        0.7435311533590633,
        0.7252665879264726
      ],
      "per_tier": {
        "basic": {
          "mean": 0.8269426347989975,
          "std": 0.011169301654374804
        },
        "policy": {
          "mean": 0.7419522828085935,
          "std": 0.011050366275032303
        },
        "vs_human": {
          "mean": 0.700048383565833,
          "std": 0.012479460687731338
        },
        "extreme": {
          "mean": 0.7081670875538922,
          "std": 0.006041366352752086
        }
      }
    },
    "P4-D (style, constrained)": {
      "mean": 0.7220397231440199,
      "std": 0.004147610102371495,
      "n_seeds": 3,
      "all_overalls": [
        0.7165049520313118,
        0.7264889933246542,
        0.7231252240760935
      ],
      "per_tier": {
        "basic": {
          "mean": 0.7910162046063028,
          "std": 0.003611180726700431
        },
        "policy": {
          "mean": 0.7468048248443404,
          "std": 0.01047174458453085
        },
        "vs_human": {
          "mean": 0.6763516433135858,
          "std": 0.003608301957936676
        },
        "extreme": {
          "mean": 0.7052334141993851,
          "std": 0.0053364339899661
        }
      }
    },
    "P4-E (primed, unconstrained)": {
      "mean": 0.8670381321187833,
      "std": 0.006602623032435467,
      "n_seeds": 3,
      "all_overalls": [
        0.8758347401115251,
        0.8599275021410461,
        0.8653521541037789
      ],
      "per_tier": {
        "basic": {
          "mean": 0.8877331870180311,
          "std": 0.00849614489144559
        },
        "policy": {
          "mean": 0.8925525404975089,
          "std": 0.004079926271058262
        },
        "vs_human": {
          "mean": 0.8355551276736577,
          "std": 0.015294655293765336
        },
        "extreme": {
          "mean": 0.8677148277119268,
          "std": 0.004639643202676092
        }
      }
    }
  }
}