{
  "baseline": {
    "overall": 0.7141489876266046,
    "per_tier": {
      "basic": 0.7420263009759125,
      "policy": 0.8165685200594698,
      "vs_human": 0.6015675579658447,
      "extreme": 0.7398658534325823
    }
  },
  "variants": {
    "P4-A (primed, constrained)": {
      "mean": 0.7367101583141477,
      "std": 0.00706304720299229,
      "n_seeds": 3,
      "all_overalls": [
        0.7267357310118747,
        0.7421589493491527,
        0.7412357945814158
      ],
      "per_tier": {
        "basic": {
          "mean": 0.8103143655576442,
          "std": 0.009871776510521001
        },
        "policy": {
          "mean": 0.7511287760309461,
          "std": 0.009130648371469817
        },
        "vs_human": {
          "mean": 0.7012998740357473,
          "std": 0.0048395830295677785
        },
        "extreme": {
          "mean": 0.713438559285685,
          "std": 0.008923964544474252
        }
      }
    },
    "P4-B (unprimed, constrained)": {
      "mean": 0.718352331292862,
      "std": 0.0035549495803885917,
      "n_seeds": 3,
      "all_overalls": [
        0.714019458916911,
        0.7227269709381638,
        0.7183105640235113
      ],
      "per_tier": {
        "basic": {
          "mean": 0.7949082486380292,
          "std": 0.012295668786752229
        },
        "policy": {
          "mean": 0.7427515499319637,
          "std": 0.009884295398256986
        },
        "vs_human": {
          "mean": 0.6749748806922576,
          "std": 0.0025450204355139837
        },
        "extreme": {
          "mean": 0.694426357903954,
          "std": 0.007434922940984558
        }
      }
    },
    "P4-C (anti, constrained)": {
      "mean": 0.738046732247812,
      "std": 0.009901871789989542,
      "n_seeds": 3,
      "all_overalls": [
        0.7440296900414205,
        0.7460199129192757,
        0.7240905937827398
      ],
      "per_tier": {
        "basic": {
          "mean": 0.8264042079916584,
          "std": 0.016444202407129786
        },
        "policy": {
          "mean": 0.7436319648795808,
          "std": 0.011514537394565132
        },
        "vs_human": {
          "mean": 0.7013999475847695,
          "std": 0.014580138283925227
        },
        "extreme": {
          "mean": 0.7120650446604445,
          "std": 0.007377911755375183
        }
      }
    },
    "P4-D (style, constrained)": {
      "mean": 0.7219201031431416,
      "std": 0.0029775870210291175,
      "n_seeds": 3,
      "all_overalls": [
        0.7180147169269401,
        0.7252366164660907,
        0.7225089760363939
      ],
      "per_tier": {
        "basic": {
          "mean": 0.7898868992839425,
          "std": 0.005027975563820144
        },
        "policy": {
          "mean": 0.7447702137359853,
          "std": 0.0047046506093770795
        },
        "vs_human": {
          "mean": 0.6769714752859408,
          "std": 0.002861484213120589
        },
        "extreme": {
          "mean": 0.706324126511246,
          "std": 0.004975775074127852
        }
      }
    },
    "P4-E (primed, unconstrained)": {
      "mean": 0.8680935207585373,
      "std": 0.006715586712321681,
      "n_seeds": 3,
      "all_overalls": [
        0.8772739393102154,
        0.8613965144473691,
        0.8656101085180277
      ],
      "per_tier": {
        "basic": {
          "mean": 0.8903595867448276,
          "std": 0.009534806919745354
        },
        "policy": {
          "mean": 0.8943215458415649,
          "std": 0.003842256303512832
        },
        "vs_human": {
          "mean": 0.8342221384816445,
          "std": 0.014456348492428278
        },
        "extreme": {
          "mean": 0.8696355089892185,
          "std": 0.004398387409904916
        }
      }
    }
  }
}