{
  "overall": 0.7267357310118747,
  "per_tier": {
    "basic": 0.7991634362864775,
    "policy": 0.7408523684765439,
    "vs_human": 0.6945382632688718,
    "extreme": 0.7012369702620297
  },
  "n_questions": 100,
  "all_scores": [
    0.1525845997310311,
    0.2522750140211485,
    0.9996966381284803,
    0.9999995549140992,
    0.9214881897466192,
    0.9954136136568149,
    0.9989921193910829,
    0.9999379463085909,
    7.734406559656293e-08,
    0.9964063905889519,
    0.9999977396800133,
    0.9999991148430695,
    0.9999978766215375,
    0.9997694932780068,
    0.010986942630593188,
    0.9919232148111792,
    0.9985899557598313,
    0.6656415291494256,
    0.9995694962718479,
    0.9999992188531592,
    0.07585804630912385,
    0.9999203259264671,
    0.24517042364854313,
    0.999999694097773,
    0.9998977061932428,
    0.7097733027055506,
    0.15504623488839808,
    0.9999966716147172,
    0.5621788482019372,
    0.9999097204707488,
    0.9994687119348045,
    0.999999931743971,
    0.0591412274615406,
    0.9980657020746381,
    0.9999998874650526,
    0.013233950879277598,
    0.9999511353206535,
    0.9999930376773528,
    0.9994429042118359,
    0.9999999067052499,
    0.0015951214851288587,
    0.9999958214572715,
    0.9999997675768303,
    0.9999980052702785,
    0.0003569706350377011,
    0.9999996439798127,
    0.3003790908990803,
    0.9999964991389082,
    0.9999983333785337,
    0.99900244996793,
    0.9950945942942779,
    0.9999999142059872,
    0.015906391711814738,
    0.7057850278370112,
    4.832748161009981e-05,
    0.99964318791524,
    0.9999978766215375,
    0.9999975938976604,
    0.1330286806603117,
    0.9999999434136558,
    0.0010987310729246857,
    0.9999186133410968,
    0.9999151889582765,
    5.368750040091186e-07,
    0.8001008421311177,
    0.9937100978631075,
    0.9997965730219448,
    0.2018132222603788,
    0.9579122720843811,
    0.7310585786300049,
    0.9999942281350146,
    0.18242552380635632,
    0.9999485575900311,
    3.763644718091097e-05,
    0.9991437175999583,
    0.9999985406209954,
    0.6301725387583356,
    0.16875766410065215,
    0.01798620996209155,
    0.9999687994573306,
    0.506466504968238,
    0.999998819658869,
    0.9995955185021579,
    0.037326887344129464,
    0.9999984464992824,
    0.9998766134248872,
    0.9796338439468121,
    0.037326887344129464,
    0.2976258190240667,
    0.9961828850012856,
    0.9999898700090192,
    0.07418144631705759,
    0.9999296881573309,
    0.9251558997928908,
    0.21406757637979446,
    0.9999995818820745,
    0.9957376730308308,
    0.9771906054217945,
    0.9999866076786786,
    0.9984045169996117
  ]
}