{
  "overall": 0.7460199129192757,
  "per_tier": {
    "basic": 0.839595734848217,
    "policy": 0.7592386425560155,
    "vs_human": 0.7022004393603036,
    "extreme": 0.7186430187677938
  },
  "n_questions": 100,
  "all_scores": [
    0.2689414213699951,
    0.9465966702001757,
    0.9997219695662766,
    0.9999989548059927,
    0.8807971781075319,
    0.9947798842110572,
    0.9995691095169487,
    0.999925144921642,
    1.583758493239884e-07,
    0.9972073555290065,
    0.9999966669390359,
    0.9999991684719722,
    0.9999963519726592,
    0.9997965730219448,
    0.01412458497840885,
    0.998016311923654,
    0.9961772091291046,
    0.6964093562838243,
    0.9998618375072537,
    0.999998790132009,
    0.10669059394565128,
    0.9999296881573309,
    0.06438043094278112,
    0.9999996940983565,
    0.9998840740244348,
    0.9247368254758521,
    0.20793442537812035,
    0.999995013744493,
    0.6695385110140114,
    0.9999203327641095,
    0.9994471602416913,
    0.9999998874646232,
    0.18242552380635635,
    0.9989692901395834,
    0.9999995549149481,
    0.0314559430124428,
    0.9998560424439394,
    0.9999904837664564,
    0.9996195732908477,
    0.9999998024942799,
    0.002472623156634657,
    0.9999892595879007,
    0.9999995549149481,
    0.9999985406237789,
    0.0013164662358794432,
    0.9999993610123372,
    0.5252694188379556,
    0.9999951750203642,
    0.9999974387275596,
    0.9992991169141768,
    0.9956639878505846,
    0.9999999130811865,
    0.05310387570066066,
    0.7310585786300049,
    8.481104172353149e-05,
    0.9992170474439728,
    0.999996033014085,
    0.9999972735297293,
    0.04737678178211414,
    0.9999999500628214,
    0.001707234200572949,
    0.9999687980886061,
    0.9999861539690275,
    8.561678885854462e-07,
    0.838971926514878,
    0.9968305909643517,
    0.9995603784049824,
    0.06588201799279236,
    0.8807970779778824,
    0.9274729393597064,
    0.9999978766215375,
    0.200680033052001,
    0.9999599363077709,
    7.03189503159507e-05,
    0.999325661372152,
    0.9999967112572073,
    0.6845124539376561,
    0.1645164628965632,
    0.03174879253172591,
    0.9999706884614404,
    0.4838708592172565,
    0.999998629042793,
    0.9995680105889275,
    0.0676396129507999,
    0.9999980052702785,
    0.9999097206429277,
    0.9940889311437562,
    0.05486190492801873,
    0.5563487355230552,
    0.9953904278206259,
    0.9999898700090192,
    0.09534946489910945,
    0.9999193723760824,
    0.9803153522559426,
    0.25999550894733825,
    0.9999995874384636,
    0.9978172835546547,
    0.9947831517134103,
    0.9999903553452294,
    0.9986768439777524
  ]
}