{
  "overall": 0.8656101085180277,
  "per_tier": {
    "basic": 0.8938315766615581,
    "policy": 0.8901160284470458,
    "vs_human": 0.8248226206867576,
    "extreme": 0.8712460043009319
  },
  "n_questions": 100,
  "all_scores": [
    0.5735533852754484,
    0.9992445943672705,
    0.999958664602231,
    0.9999992759349419,
    0.970074572147033,
    0.999994032603636,
    0.9999682578052551,
    0.9999724639937713,
    7.811483306863209e-07,
    0.9924227587321393,
    0.999999912536543,
    0.9999944723668905,
    0.9999994341462717,
    0.9999940178345281,
    0.34860701971368113,
    0.993318830048434,
    0.9999904837483059,
    0.9995417098166103,
    0.9999977796663847,
    0.9999990867434563,
    0.9610258581919843,
    0.9999988984067412,
    0.0038244909113696046,
    0.9999996072130506,
    0.9999956430950864,
    0.9803063326596517,
    0.9755554959028391,
    0.9999970976880148,
    0.9940900069976144,
    0.9999822216855003,
    0.9999877810638133,
    0.9999999137164605,
    0.7549146339729608,
    0.9999104267270721,
    0.9999998838925889,
    0.13406509906918385,
    0.9999992055190988,
    0.9999869926482524,
    0.998681749615479,
    0.9999992299641564,
    0.6022137497787221,
    0.9998511618012714,
    0.999999817574174,
    0.999999554915797,
    0.0059492075804215006,
    0.9999964991455856,
    0.9926541456092116,
    0.9999037928727967,
    0.9999203230392865,
    0.9999921107374138,
    0.9992445943672704,
    0.9999997982408754,
    0.8872045937171068,
    0.9763096905259773,
    0.004069635194456023,
    0.9999646437492582,
    0.9999794203114012,
    0.9999623617581981,
    0.993706460737888,
    0.9999997463981333,
    0.09657042070413824,
    0.999997739675702,
    0.9999990278602149,
    2.2907794537951887e-06,
    0.9896999227814719,
    0.9994443868899379,
    0.9999952621302862,
    0.2120688043571053,
    0.9883030443260068,
    0.9976764130431651,
    0.9999978092184174,
    0.9915125821169466,
    0.9999976177120425,
    0.03514419963059234,
    0.999991601911947,
    0.9999912105250623,
    0.8438971126782481,
    0.7499763101243682,
    0.3176461601926647,
    0.9998686482029348,
    0.9968273352541026,
    0.9999989651508074,
    0.9999667847914534,
    0.29107256186370933,
    0.999988521231873,
    0.9999918603073751,
    0.9937046354257358,
    0.9324533088603709,
    0.9633101639619368,
    0.9998840921520382,
    0.9999832988329892,
    0.9269606397957108,
    0.9999993318496244,
    0.995929862284104,
    0.09975333241259521,
    0.9999994631260201,
    0.9995694429186754,
    0.9999892165438048,
    0.9999955048184215,
    0.9999785551333831
  ]
}