{
  "overall": 0.7240905937827398,
  "per_tier": {
    "basic": 0.8032221428778165,
    "policy": 0.7398536187176509,
    "vs_human": 0.6831562138581422,
    "extreme": 0.7017619243540125
  },
  "n_questions": 100,
  "all_scores": [
    0.14963619588361277,
    0.6405295826526688,
    0.9997694923988945,
    0.9999992188516693,
    0.7205407451978234,
    0.9942384589547442,
    0.9985896415033819,
    0.999941708845514,
    1.2751904288066385e-07,
    0.9968273171575148,
    0.999997309772104,
    0.9999993106389544,
    0.9999974387129039,
    0.9998601789909571,
    0.006083799014073743,
    0.9982990929924069,
    0.9980732653366725,
    0.5621769703492486,
    0.999884070487011,
    0.9999989322971299,
    0.060086650174007605,
    0.9999189678655527,
    0.10669059394565128,
    0.9999998024946565,
    0.9999251500609712,
    0.8519528019683106,
    0.10803823527541312,
    0.9999976342710579,
    0.5312093733737562,
    0.9999646437492582,
    0.999244502218711,
    0.9999999581618075,
    0.1331904480018412,
    0.9991959140643708,
    0.9999998144605442,
    0.008053606673683022,
    0.9999271296817989,
    0.9999922972525728,
    0.9996849613059187,
    0.9999998893531354,
    0.0006440292400420322,
    0.9999930654423628,
    0.9999997433407187,
    0.9999990181347796,
    0.0006222880515094342,
    0.9999996113342507,
    0.29421497216298875,
    0.9999916020721251,
    0.9999983263800066,
    0.9993332976907565,
    0.9961756907528132,
    0.9999999500628214,
    0.033086039407313916,
    0.6513548646660542,
    6.205475657428128e-05,
    0.9990889488055994,
    0.9999978766215375,
    0.9999980052702785,
    0.01590609315007227,
    0.9999999634651793,
    0.0017007224114351516,
    0.9999576283551336,
    0.9999916019279651,
    6.083590367023106e-07,
    0.7780619540248892,
    0.9956688845795083,
    0.9996850862266111,
    0.09534946489910945,
    0.7981867777396212,
    0.8356182464131706,
    0.9999975938976604,
    0.08509904500702024,
    0.9999452402301955,
    6.882795193352553e-05,
    0.9994120329419384,
    0.9999976631344376,
    0.4028297573614841,
    0.10652255943582666,
    0.025957357197796904,
    0.999981074851754,
    0.5312093733737562,
    0.999999057753609,
    0.999620015485248,
    0.017986209962091555,
    0.9999987822373199,
    0.9999251537724895,
    0.9890130573694068,
    0.022977412728916773,
    0.3938006538514853,
    0.9967436370035366,
    0.9999930376640732,
    0.060086650174007605,
    0.9999646437492582,
    0.9740426428022031,
    0.46587250454611207,
    0.9999998144608981,
    0.9975913368350603,
    0.9859363729567544,
    0.9999869928715335,
    0.9982992290125675
  ]
}