{
  "overall": 0.7225089760363939,
  "per_tier": {
    "basic": 0.7915764382417205,
    "policy": 0.746019826695467,
    "vs_human": 0.6809190679875183,
    "extreme": 0.7023800088423365
  },
  "n_questions": 100,
  "all_scores": [
    0.42518749527877675,
    0.3629074646940717,
    0.9999724643088854,
    0.9999999272568336,
    0.5621765008857981,
    0.9930952987855327,
    0.9988261805646752,
    0.9998234829009308,
    1.0044997167391045e-08,
    0.9925152933797362,
    0.999999534159466,
    0.9999997617630899,
    0.9999995121691319,
    0.9999311707353554,
    0.0042393019153745826,
    0.9927752300519406,
    0.9976824495236997,
    0.502440433196043,
    0.9999573525318144,
    0.9999999006882562,
    0.14614245630298206,
    0.9999646437492582,
    0.320821300824607,
    0.999999931743971,
    0.9999623199552315,
    0.2924417496120034,
    0.30100877332986886,
    0.9999996175708145,
    0.7051061113278189,
    0.9999852614396988,
    0.999816270446617,
    0.9999999923418853,
    0.15477755879755573,
    0.9995690569374707,
    0.9999999895325983,
    0.0009697187068475452,
    0.9999452402301955,
    0.9999980052778877,
    0.9998885545486959,
    0.9999999812333314,
    0.0019258215786929211,
    0.9999980114773784,
    0.9999999606743843,
    0.9999998024946565,
    0.00043025510747740636,
    0.9999999305791146,
    0.08332659010569599,
    0.999996910505552,
    0.9999994956535537,
    0.998498817743263,
    0.9992903201324385,
    0.9999999947366598,
    0.022236201920779908,
    0.6224593312018546,
    3.76345090865593e-05,
    0.9922099973999089,
    0.9999988634384572,
    0.9999995559968682,
    0.014067039113376298,
    0.9999999961492654,
    0.0006585370573938265,
    0.9999339478551454,
    0.9999942573554693,
    1.538173227677575e-07,
    0.6513548646660542,
    0.9991440993632548,
    0.9998887821606096,
    0.35306041840823543,
    0.9324533088603709,
    0.7566091395632276,
    0.9999992661776198,
    0.05600991848917158,
    0.9999724643088853,
    2.0144807118427366e-05,
    0.9996643472898071,
    0.9999996310122075,
    0.1067522347454107,
    0.07585818002124356,
    0.07029094808009839,
    0.9999870333460198,
    0.5332882791177592,
    0.999999653367379,
    0.9996659237173742,
    0.005220125693558397,
    0.9999997761971314,
    0.9999623635528191,
    0.9964062403338644,
    0.008578799327408335,
    0.6224593312018545,
    0.9986749775827868,
    0.999997739675702,
    0.08792506672482936,
    0.9999898700090192,
    0.9667611964135482,
    0.6589462235166234,
    0.9999998949683563,
    0.9980732653366725,
    0.8927628223427656,
    0.9999942280799697,
    0.9941403198330923
  ]
}