{
  "overall": 0.7170439412762125,
  "per_tier": {
    "basic": 0.7803235376057401,
    "policy": 0.7497670641540857,
    "vs_human": 0.6689563886990747,
    "extreme": 0.7011296810484166
  },
  "n_questions": 100,
  "all_scores": [
    0.34140192599051444,
    0.19945718745730107,
    0.9999599363077708,
    0.9999998024950333,
    0.6224593312018546,
    0.989908303439231,
    0.9986489615190655,
    0.9999339297120892,
    1.9555680741412118e-08,
    0.9915289065182806,
    0.9999982630500416,
    0.9999996743687808,
    0.9999987121047844,
    0.9998874191457806,
    0.0052148788671138036,
    0.9978254311776545,
    0.9973742018872841,
    0.46299749952157937,
    0.9998765755338106,
    0.9999997922611509,
    0.0625903869946084,
    0.9999485580805966,
    0.42406256993878966,
    0.9999998904321741,
    0.9999546021312976,
    0.6439177217625435,
    0.19923617325434984,
    0.999999428499553,
    0.531208898394375,
    0.9999756986468816,
    0.999569648087017,
    0.99999998813888,
    0.13432903821291142,
    0.9989658121212462,
    0.9999999611088859,
    0.0017689207833925533,
    0.9999573485459623,
    0.9999964991722948,
    0.9998601781910046,
    0.9999999605849488,
    0.0012475828977366321,
    0.9999981261210422,
    0.9999999006880668,
    0.9999995262094421,
    0.00021795633168797401,
    0.9999998257018097,
    0.06016608884272297,
    0.9999967112509346,
    0.9999991684719722,
    0.9986578695491666,
    0.9993340584574406,
    0.9999999866279141,
    0.014063627043245597,
    0.5621765008857981,
    2.1444907518874956e-05,
    0.9940889311437562,
    0.9999987121047844,
    0.9999993524064369,
    0.05373336676270142,
    0.9999999794014625,
    0.0006262279109634505,
    0.9998686482029348,
    0.999981074599079,
    3.393211697177989e-07,
    0.6513548646660542,
    0.9991440993632548,
    0.9997965730219448,
    0.13296402030977084,
    0.8935990064410425,
    0.7076580913303889,
    0.9999982396567868,
    0.04204806676710612,
    0.9998918320942937,
    2.331879990691288e-05,
    0.9992826145352727,
    0.9999991148430695,
    0.13296424019782924,
    0.08049585266938505,
    0.0396683285365893,
    0.9999869928715335,
    0.5707902657701135,
    0.9999995705577122,
    0.9993736670357789,
    0.010986631749616602,
    0.9999996279394129,
    0.9999545925192751,
    0.9964061105630695,
    0.009870512073165468,
    0.5625928711179411,
    0.9947798743064417,
    0.9999978766215375,
    0.08509904500702026,
    0.9999713067062392,
    0.968580297521872,
    0.6559445019139932,
    0.9999999006880668,
    0.9964063974185798,
    0.8933092242691799,
    0.9999964991188761,
    0.9954730575828326
  ]
}