{
  "overall": 0.8653521541037789,
  "per_tier": {
    "basic": 0.8929543961280391,
    "policy": 0.8877841055365294,
    "vs_human": 0.8266594911598535,
    "extreme": 0.8706886880763639
  },
  "n_questions": 100,
  "all_scores": [
    0.5550603028059513,
    0.9991080038176614,
    0.9999646437492583,
    0.9999993916398029,
    0.9563821187954381,
    0.9999923376513108,
    0.9999417059548905,
    0.9999524878373292,
    1.034849192560472e-06,
    0.9918735848912824,
    0.9999999067048941,
    0.9999935843892563,
    0.9999992887549449,
    0.999993660777505,
    0.36293348349100507,
    0.9943936971592766,
    0.999990225806205,
    0.9995119959056685,
    0.9999972735245289,
    0.9999991940553795,
    0.9626731126558705,
    0.9999986712226561,
    0.005724652752718717,
    0.999999548919671,
    0.999994744604293,
    0.9770226300899744,
    0.9740426428022031,
    0.999996910505552,
    0.9916587488122699,
    0.9999762122619097,
    0.999983812943428,
    0.9999999176675142,
    0.72669010620699,
    0.9999000489063482,
    0.9999997251752548,
    0.11920872966621854,
    0.999998965144886,
    0.999983298578152,
    0.9988304897349445,
    0.9999991420797347,
    0.6370307944803832,
    0.9998686482029348,
    0.9999997651517628,
    0.9999995407873142,
    0.00664809974155689,
    0.9999956862421245,
    0.9908743626108194,
    0.9999151020537645,
    0.9999038970346494,
    0.999989216626075,
    0.9991440993632548,
    0.9999997300422225,
    0.893682580031935,
    0.9624560657891537,
    0.003824004070710818,
    0.9999581060814035,
    0.9999771719592672,
    0.9999338766402621,
    0.9933037499352869,
    0.9999996843879991,
    0.12067278635167356,
    0.9999970976990861,
    0.9999991976888296,
    2.595797353954765e-06,
    0.988295545219727,
    0.9995121484575438,
    0.9999932519998929,
    0.2248948526629163,
    0.9820137900379085,
    0.997899287647791,
    0.9999971996858164,
    0.9893038811090429,
    0.9999970055590187,
    0.042086651366063155,
    0.999987393005669,
    0.9999930377437499,
    0.8168633545924827,
    0.7597751722027546,
    0.34870057969322,
    0.999884062969627,
    0.9948348520844945,
    0.9999988634362894,
    0.9999546024776388,
    0.3208208852230306,
    0.9999847931016206,
    0.9999891092471658,
    0.9890130573694068,
    0.9324433371631952,
    0.9624844508723577,
    0.9998658308448939,
    0.9999810751405211,
    0.8975992601602627,
    0.9999992661790194,
    0.993620365981663,
    0.07401120315509147,
    0.9999994785748608,
    0.9995122805066396,
    0.9999877810871187,
    0.9999955995416645,
    0.9999762122165393
  ]
}