{
  "overall": 0.7440296900414205,
  "per_tier": {
    "basic": 0.8363947462489418,
    "policy": 0.7318036333650763,
    "vs_human": 0.7188431895358625,
    "extreme": 0.7157901908595273
  },
  "n_questions": 100,
  "all_scores": [
    0.08934156580477604,
    0.8659196217149796,
    0.999541687099365,
    0.9999996743687808,
    0.9399133498259924,
    0.9972098986642194,
    0.9998701854787687,
    0.9999838853653813,
    3.889111410693147e-08,
    0.9982954552881232,
    0.9999988634362894,
    0.9999996743687808,
    0.9999985406237789,
    0.9998686497059306,
    0.00464132609224166,
    0.9989227950492613,
    0.9990302480322174,
    0.8354835371034369,
    0.9998766174251292,
    0.9999993106402694,
    0.033085978388704196,
    0.9999573525318144,
    0.04647548196899165,
    0.9999998461829706,
    0.9999452379324617,
    0.9706877692486436,
    0.050520231425234874,
    0.9999978766215375,
    0.29421497216298875,
    0.9999795092204574,
    0.999541687099365,
    0.999999974890057,
    0.09534946489910945,
    0.9990854995942767,
    0.9999998942827965,
    0.14804743860425618,
    0.999944063038376,
    0.999995848000062,
    0.9992445943672704,
    0.9999999468421502,
    0.0005344177196066058,
    0.9999955048184215,
    0.9999998862075666,
    0.9999991684719722,
    0.00035685766925841467,
    0.999999659184392,
    0.7200700206343214,
    0.9999969105114447,
    0.9999993524052017,
    0.9992908109733449,
    0.9902915235185259,
    0.9999999656786466,
    0.014063627043245597,
    0.8545900341812643,
    2.9311426748446223e-05,
    0.9996430293649623,
    0.9999985010993085,
    0.999998452682708,
    0.32082130082460697,
    0.9999999656787121,
    0.0009110511944006028,
    0.9999862991640601,
    0.9999861539954363,
    2.5360235034188605e-07,
    0.8933095878392449,
    0.9844476229448741,
    0.9998686479524337,
    0.033085978388704196,
    0.7961095572644159,
    0.9579122336356958,
    0.999998657960086,
    0.34864513533394575,
    0.9999687989217498,
    2.1420421188134142e-05,
    0.9994472213630764,
    0.9999987901366241,
    0.8175793122066298,
    0.2689414213699951,
    0.008549729078707657,
    0.9999843107794435,
    0.29420903121164876,
    0.9999996072137998,
    0.9997546295836749,
    0.13253494678301608,
    0.9999992188516693,
    0.9999379495039771,
    0.9840908612614486,
    0.15438770793307924,
    0.34240402248016033,
    0.9965939012359306,
    0.9999952149055051,
    0.04208772791561888,
    0.9999578252442568,
    0.9839787625716357,
    0.10669059394565128,
    0.999999866060842,
    0.9982992775885648,
    0.9968273171575148,
    0.9999921107223663,
    0.9988303560440115
  ]
}