{
  "overall": 0.714019458916911,
  "per_tier": {
    "basic": 0.7969474183759199,
    "policy": 0.7287842255380503,
    "vs_human": 0.6778076925791553,
    "extreme": 0.6851027412012345
  },
  "n_questions": 100,
  "all_scores": [
    0.16890514100509235,
    0.5175561229018342,
    0.9999097195237593,
    0.9999998724812003,
    0.7523247472443488,
    0.9851018544098881,
    0.9985873738317721,
    0.9999097202985696,
    2.8796379836215635e-08,
    0.9859363729567544,
    0.9999987121072409,
    0.9999997126314468,
    0.9999987901389318,
    0.9998766054240137,
    0.0029316604737025242,
    0.9980732653366725,
    0.9987528305634075,
    0.5312093733737563,
    0.999876591538914,
    0.9999998724807138,
    0.04208768946696706,
    0.9999588514184815,
    0.5312093733737562,
    0.9999998642566865,
    0.9999695604787194,
    0.3729359788164498,
    0.10669050305316907,
    0.9999997463976497,
    0.4149187559567862,
    0.9999646437492582,
    0.9996230670287425,
    0.99999998327314,
    0.10668786720084722,
    0.9991947332208152,
    0.9999999732705027,
    0.002800948276724629,
    0.99998109642496,
    0.9999972735297293,
    0.9996646498695335,
    0.9999999516980896,
    0.00031503869408122664,
    0.9999981261246162,
    0.9999998724809571,
    0.9999995262085384,
    0.00016865468375237835,
    0.9999997932844625,
    0.17323492950643307,
    0.9999988481290317,
    0.9999992661776198,
    0.9968273171575148,
    0.9984021545059827,
    0.9999999847699914,
    0.006500687139781025,
    0.7138268597633154,
    2.282799719277584e-05,
    0.9947798743064417,
    0.9999988389575145,
    0.9999993916421237,
    0.04208772791561884,
    0.9999999861329723,
    0.0003530945693061005,
    0.9998543232636412,
    0.9999824081320857,
    4.1811872308894493e-07,
    0.7152969974691246,
    0.9972212587282847,
    0.9998089339457465,
    0.10669059394565128,
    0.8519525613957438,
    0.7369104822284127,
    0.9999982396567868,
    0.0850993420091289,
    0.9999038975845005,
    1.0904034385306183e-05,
    0.9995987804642189,
    0.999999428499553,
    0.1665588722102879,
    0.11865370670936139,
    0.04208738187896177,
    0.9999891616123117,
    0.4378070679596924,
    0.9999996305805331,
    0.9994115911814431,
    0.02597554406605634,
    0.9999997254346048,
    0.9999599363077709,
    0.9944443166295664,
    0.014070981202228617,
    0.286857429168367,
    0.9967425843989944,
    0.9999989033730661,
    0.07292025695560944,
    0.9999759688833445,
    0.9784711009413724,
    0.4378258464331247,
    0.9999999226556393,
    0.9956861231842027,
    0.904630954949913,
    0.999998239653429,
    0.9964063974185798
  ]
}