{
  "overall": 0.7180147169269401,
  "per_tier": {
    "basic": 0.7830604995098771,
    "policy": 0.7384859499834054,
    "vs_human": 0.6757687313002649,
    "extreme": 0.7032493587940134
  },
  "n_questions": 100,
  "all_scores": [
    0.39424513929073157,
    0.10669059394565118,
    0.999979854309147,
    0.999999789756659,
    0.7752291394441023,
    0.9862735818323115,
    0.9986749775827868,
    0.9997474304356336,
    2.6729446211959385e-08,
    0.991422514586288,
    0.999999150562907,
    0.9999992919695627,
    0.9999993114431738,
    0.9998511351175364,
    0.007093203619496169,
    0.9904217288315628,
    0.9963722939746297,
    0.41531331215974493,
    0.9998977001452741,
    0.9999998144608981,
    0.1389843373574161,
    0.9999251560564092,
    0.39523492880971134,
    0.9999998362623136,
    0.9999573525318144,
    0.08509904500702024,
    0.20874669104384214,
    0.9999993916409633,
    0.8175744761936437,
    0.9999599360021201,
    0.999767641063947,
    0.9999999885038301,
    0.1241132404138674,
    0.9990889488055994,
    0.9999999732705027,
    0.0014103182034214687,
    0.9999250653598202,
    0.9999947683570239,
    0.9999379493856323,
    0.99999995539921,
    0.0009699663433716532,
    0.9999963041313396,
    0.9999998257021421,
    0.9999995262094421,
    0.000709670399100526,
    0.9999998724809571,
    0.11378214908666337,
    0.9999939589217164,
    0.999998629042793,
    0.9964063974185798,
    0.9989677689632451,
    0.9999999895325983,
    0.02323118879052577,
    0.5801838819250704,
    4.0063692229086456e-05,
    0.9924979446543563,
    0.9999985230324323,
    0.9999994631239721,
    0.108314894637018,
    0.9999999892224071,
    0.0010322310367547605,
    0.9998511612335823,
    0.9999852610180254,
    5.368750040091186e-07,
    0.6243686888606248,
    0.9991374267626456,
    0.9998702109759136,
    0.3775406687981454,
    0.9464880946276459,
    0.5096976515096459,
    0.999997804721841,
    0.10690765765963539,
    0.9999097242586071,
    3.0441204980524716e-05,
    0.999701738283013,
    0.999999428499553,
    0.18366510511092327,
    0.132634095818143,
    0.06074384976511438,
    0.9999485577862579,
    0.6205785026675914,
    0.9999993988879453,
    0.9995125723757009,
    0.020332353342658753,
    0.9999995549149481,
    0.9999251537724895,
    0.9961752910802638,
    0.004609572179374208,
    0.6206898745720204,
    0.9982992775885648,
    0.9999970976880148,
    0.10057765512235761,
    0.999977422712302,
    0.956206419081144,
    0.468791101605625,
    0.9999998024946565,
    0.9959587377306983,
    0.8519528019683106,
    0.9999925886070409,
    0.9803671823206282
  ]
}