{
  "overall": 0.7264889933246542,
  "per_tier": {
    "basic": 0.7942135448661005,
    "policy": 0.7593982451990302,
    "vs_human": 0.6731631944930766,
    "extreme": 0.7127255898790171
  },
  "n_questions": 100,
  "all_scores": [
    0.45619351925446094,
    0.0946942151833614,
    0.9998739483819684,
    0.9999997761971314,
    0.5394087890101499,
    0.9943256841788968,
    0.9986158824459875,
    0.9997102714895969,
    2.58541008602009e-08,
    0.990447262054053,
    0.9999992988743374,
    0.9999996533667177,
    0.9999992463055573,
    0.9998658369857057,
    0.0015004676817013118,
    0.9752304217448597,
    0.9953904278206259,
    0.8394210693134886,
    0.999595546263512,
    0.999999554915797,
    0.17543154763612212,
    0.9999356946854495,
    0.42264984085124846,
    0.9999998024950333,
    0.9999097368262714,
    0.5548379539480841,
    0.20181352950513198,
    0.999998954817954,
    0.7536653617548559,
    0.9999579214996592,
    0.9996431858742675,
    0.9999999804443566,
    0.06754669113962908,
    0.9968273171575148,
    0.9999999732705538,
    0.01590895957040741,
    0.9999038975845005,
    0.9999967112509346,
    0.9999379493856323,
    0.9999998942829981,
    0.0024837175830638714,
    0.9999991148447579,
    0.9999999500629166,
    0.9999993106402694,
    0.0004878571227822093,
    0.9999998781625583,
    0.04208088458458211,
    0.9999952149602657,
    0.999998239653429,
    0.9971990730328789,
    0.9984386113202167,
    0.9999999530883621,
    0.006263705186222435,
    0.46943902576219115,
    5.829126566114784e-05,
    0.9996717266554295,
    0.9999991903977539,
    0.9999995808624302,
    0.007273278116946618,
    0.9999999886174401,
    0.0010856568124749666,
    0.9999203171126404,
    0.999891102674609,
    4.044260281110823e-07,
    0.7057850278370112,
    0.9976768374773687,
    0.999954597368838,
    0.2689414213699951,
    0.9924213243043047,
    0.7058325534888691,
    0.9999925887201281,
    0.060099470120685984,
    0.9999264154662041,
    4.0063692229086456e-05,
    0.9995121428772178,
    0.9999992188501794,
    0.22270013882530884,
    0.0515373012172199,
    0.01660695582963556,
    0.9999832978136167,
    0.7343115851247932,
    0.999999510168266,
    0.9993736658418905,
    0.017986209962091555,
    0.9999993916409633,
    0.9999678755636326,
    0.9980499706227061,
    0.005395818326476702,
    0.5938020540452222,
    0.9986749775827868,
    0.9999944851829207,
    0.159224046876433,
    0.9999756722130005,
    0.9738539022343274,
    0.5926665999540698,
    0.9999998642566865,
    0.9970487105499901,
    0.9646459058304769,
    0.9999934595627731,
    0.9964063974185798
  ]
}