{
  "overall": 0.8772739393102154,
  "per_tier": {
    "basic": 0.8999075529264535,
    "policy": 0.8934444357772635,
    "vs_human": 0.8546449955635904,
    "extreme": 0.8740334763346496
  },
  "n_questions": 100,
  "all_scores": [
    0.3491785237389563,
    0.9996849042343161,
    0.9999724643088854,
    0.9999987120998715,
    0.9508355184087544,
    0.9999776538394888,
    0.9997834386061171,
    0.9998686349257233,
    3.187565216555832e-06,
    0.9937100978631075,
    0.9999997542006405,
    0.9999964237323693,
    0.999997739675702,
    0.9999863382016815,
    0.7143443965820547,
    0.9909673340511983,
    0.9999785550515792,
    0.9998765962459025,
    0.9999927799272272,
    0.9999980052702785,
    0.9755899040270484,
    0.9999983971890123,
    0.005554081861472326,
    0.9999993524027314,
    0.9999921107374138,
    0.9626765393989333,
    0.9947750287090787,
    0.9999944055982645,
    0.9975614874663256,
    0.9999849432078427,
    0.9999852607650157,
    0.9999998115394424,
    0.874076815294952,
    0.9999546021312976,
    0.9999995407864383,
    0.06008708105500581,
    0.999999086745198,
    0.999989216687777,
    0.9986724209044567,
    0.9999986290375632,
    0.9149006579908711,
    0.9998242380037605,
    0.9999992188531592,
    0.9999994054467392,
    0.02167490971349273,
    0.9999952149328855,
    0.9755769099458929,
    0.9999599379888076,
    0.9996430293649623,
    0.9999904837846071,
    0.9995699441776731,
    0.9999992188561391,
    0.9496691850693704,
    0.974074741044795,
    0.013222821752305158,
    0.9999898036755367,
    0.9999778747951042,
    0.9999151897670251,
    0.9984988206022399,
    0.9999995520106555,
    0.5316401562810138,
    0.9999976679299223,
    0.999996910411267,
    5.734479281982452e-06,
    0.9820137900379085,
    0.9984021545059827,
    0.9999901816730163,
    0.2873368176343174,
    0.9956680126243255,
    0.9978172835546547,
    0.9999946738146785,
    0.9944100167612278,
    0.9999967806319316,
    0.039640363901028874,
    0.9999733120303542,
    0.9999861540218451,
    0.8080675093720472,
    0.8065456788605126,
    0.32067544212357046,
    0.9997419438893649,
    0.998498817743263,
    0.9999978092184174,
    0.9999485577862579,
    0.24621744770493015,
    0.999979854309147,
    0.9999827682957831,
    0.9829764000333385,
    0.9689258470979234,
    0.9937100978631075,
    0.9997694937175617,
    0.9999856497879864,
    0.9754194479382939,
    0.9999985855266994,
    0.9953904278206259,
    0.09150047424354424,
    0.9999988513847949,
    0.9997219690361224,
    0.999975699990995,
    0.9999949063241429,
    0.9999793088099918
  ]
}