{
  "overall": 0.7421589493491527,
  "per_tier": {
    "basic": 0.8086151797203469,
    "policy": 0.7630382201197153,
    "vs_human": 0.7037626321828864,
    "extreme": 0.7223315990875814
  },
  "n_questions": 100,
  "all_scores": [
    0.23966757705550368,
    0.35373641287818547,
    0.9996245352835066,
    0.9999996115536197,
    0.9400413010671854,
    0.9940889311437562,
    0.9997546305194572,
    0.9999397286120522,
    8.764264169958125e-08,
    0.9940889311437562,
    0.9999970976935505,
    0.9999988634362894,
    0.999998005274083,
    0.9998088956841223,
    0.0075964706253959235,
    0.9947835872266414,
    0.9980704243136608,
    0.6513548646660542,
    0.9997546305194572,
    0.9999990080680172,
    0.09920570598366063,
    0.9999379499773535,
    0.1232023489499483,
    0.9999996533667177,
    0.9998779809553535,
    0.8938021291852336,
    0.24508501313237174,
    0.9999975124389109,
    0.6791782835735325,
    0.9999339478551454,
    0.9993338985018065,
    0.9999999484776454,
    0.14809411579183485,
    0.9978172835546547,
    0.999999836262626,
    0.07580631595862161,
    0.9999452377235721,
    0.9999945777810301,
    0.9995528604300076,
    0.9999998024942799,
    0.005911068856243817,
    0.9999898701442669,
    0.9999998380711119,
    0.9999984464992824,
    0.0007090700860181709,
    0.999999554915797,
    0.36738153931569983,
    0.9999944852460322,
    0.9999980052664738,
    0.9981133943821412,
    0.9962626148932433,
    0.9999999572864673,
    0.015795380196325093,
    0.7565884157111339,
    9.608812047345872e-05,
    0.9980915651001137,
    0.9999975124389109,
    0.9999972735141284,
    0.1041992607855941,
    0.9999999500628214,
    0.0018102110262026017,
    0.9998976872677631,
    0.9999485596503745,
    5.255548203297877e-07,
    0.8354835371034369,
    0.9937100978631075,
    0.9997965730219448,
    0.17617027086821269,
    0.9457896340086203,
    0.917148578229831,
    0.9999957771826641,
    0.32082130082460697,
    0.9999216676529602,
    7.966890725985554e-05,
    0.9992437213851117,
    0.9999984465022453,
    0.6513470680505881,
    0.22189589025563708,
    0.015570902266538456,
    0.9999706884614404,
    0.5939782429261253,
    0.9999982396567868,
    0.9994494172407092,
    0.08099674530032425,
    0.9999989969859118,
    0.9999151735905865,
    0.9902864059726331,
    0.08507187329234644,
    0.5018477355767634,
    0.9966054515876397,
    0.999989216687777,
    0.11678447249480928,
    0.9999546029105616,
    0.966858877523393,
    0.1448675612924918,
    0.9999996533667177,
    0.9968273171575148,
    0.9901517572721147,
    0.9999937234598171,
    0.9975273768433653
  ]
}