{
  "overall": 0.7183105640235113,
  "per_tier": {
    "basic": 0.7789335126011644,
    "policy": 0.7502192888133418,
    "vs_human": 0.6716356965151417,
    "extreme": 0.703297649286892
  },
  "n_questions": 100,
  "all_scores": [
    0.40733386050457876,
    0.20014576064165915,
    0.9999573525318144,
    0.9999997463981333,
    0.6010718350273851,
    0.9887871194498957,
    0.9984057637298603,
    0.9999330587053737,
    2.1575186082145592e-08,
    0.9924227587321393,
    0.9999984465052085,
    0.9999996940983565,
    0.9999989322971299,
    0.9998415637808975,
    0.005114782199727608,
    0.9978172835546547,
    0.9977521517239807,
    0.39024888241762884,
    0.9998415637808975,
    0.9999996743687808,
    0.05340390831780517,
    0.9999599363077709,
    0.4171926392975104,
    0.9999999006880668,
    0.9999516743618128,
    0.5926665999540697,
    0.21445001341077086,
    0.9999995549149481,
    0.5926665999540698,
    0.9999771720028072,
    0.9995694429186754,
    0.9999999847700205,
    0.1337158506130698,
    0.9992900969107257,
    0.9999999656787121,
    0.0017008260419036213,
    0.9999529481075484,
    0.999997739675702,
    0.9998909754986954,
    0.9999999468421502,
    0.0010987310729246857,
    0.9999982396567868,
    0.9999998724807138,
    0.9999996310115038,
    0.00016865275398914026,
    0.9999998642564276,
    0.041030535973241904,
    0.999996910505552,
    0.9999991253873604,
    0.9986640063737232,
    0.9995175130429413,
    0.99999998813888,
    0.017010040472545285,
    0.5621765008857981,
    2.282799719277584e-05,
    0.9958562993432197,
    0.9999987121072409,
    0.9999995262085384,
    0.029337150873524273,
    0.9999999856927584,
    0.0007105664037659887,
    0.9998686642340052,
    0.9999741329142748,
    2.38237364391658e-07,
    0.7065559735768527,
    0.9990185813004993,
    0.9998088956841223,
    0.11920292202211769,
    0.9241418199787564,
    0.7549149868676283,
    0.9999985406237789,
    0.052011485986454685,
    0.9999246655621533,
    1.972077012357687e-05,
    0.999340452962412,
    0.9999995666501554,
    0.1743023704943737,
    0.06770206809992715,
    0.05340332979982432,
    0.9999861539954363,
    0.5816614326352018,
    0.9999994956525918,
    0.9995121428772178,
    0.008577501633652417,
    0.9999995818812769,
    0.9999516743618128,
    0.9969310910006409,
    0.007578905229154653,
    0.5785072453986182,
    0.996309546185646,
    0.999997309772104,
    0.09534946489910945,
    0.999983298578152,
    0.9805755663390824,
    0.6224593312018545,
    0.9999998555019962,
    0.995929862284104,
    0.8917536150554889,
    0.9999967112697528,
    0.9971674919046615
  ]
}