{
  "overall": 0.7435311533590633,
  "per_tier": {
    "basic": 0.8346907377273005,
    "policy": 0.7564053746206032,
    "vs_human": 0.7031141329338586,
    "extreme": 0.7145923033644163
  },
  "n_questions": 100,
  "all_scores": [
    0.2052137531546494,
    0.9271535924967675,
    0.9997137338582386,
    0.9999990577554062,
    0.8356918535291532,
    0.9940889311437562,
    0.9994806931555391,
    0.9999308615529847,
    1.4449800378457667e-07,
    0.9971513436051967,
    0.9999952149055051,
    0.9999991684719722,
    0.999996910505552,
    0.9998204720306533,
    0.010986942630593188,
    0.9972715021166301,
    0.9963708941832344,
    0.7310585786300049,
    0.9998923942173867,
    0.9999987121047844,
    0.11387353731935013,
    0.999891113681228,
    0.08509904500702026,
    0.9999997357353795,
    0.9998686406876969,
    0.9241418199787566,
    0.17850373463241653,
    0.99999499174592,
    0.5972615460151871,
    0.9999485606314616,
    0.9993736658418905,
    0.9999999006878774,
    0.19857423468331892,
    0.9989677689632452,
    0.9999994956525918,
    0.033085978388704126,
    0.9998686482029348,
    0.9999906102270074,
    0.9996646498695335,
    0.9999998144605442,
    0.0014103584966180804,
    0.9999910603036951,
    0.9999996314419716,
    0.9999986290401782,
    0.0009110511944006028,
    0.9999993916409633,
    0.5621765008857981,
    0.9999942280799697,
    0.9999978766215375,
    0.9992525057668613,
    0.9961755163553628,
    0.9999999220116925,
    0.047425873177566635,
    0.7549156926559337,
    9.610168236950933e-05,
    0.9991965972420115,
    0.9999969104908203,
    0.9999975938976604,
    0.033085978388704126,
    0.9999999273418356,
    0.0030079215484792865,
    0.9999667852982566,
    0.9999869928467247,
    7.811483306863209e-07,
    0.8354835371034369,
    0.9950945942942779,
    0.9996646498695336,
    0.07585818002124345,
    0.866307346331375,
    0.9234318528381503,
    0.9999975939022496,
    0.29421497216298875,
    0.9999573525318144,
    5.638791475548466e-05,
    0.9993332976907565,
    0.999996910505552,
    0.6513518326585566,
    0.17571066535811677,
    0.02033231535031388,
    0.9999705969690619,
    0.3775406687981454,
    0.9999987121047844,
    0.9994115911814431,
    0.067512461366245,
    0.9999983463041056,
    0.9999169672613893,
    0.9933071490757152,
    0.0674624067970534,
    0.43782349911420193,
    0.9953904190690841,
    0.9999904838753594,
    0.0958258356415167,
    0.9999485577862579,
    0.9778482792870038,
    0.29421497216298875,
    0.9999997463986169,
    0.9980220809365754,
    0.9942466476280828,
    0.9999861539954363,
    0.9984021971043181
  ]
}