{
  "overall": 0.7201951956975005,
  "per_tier": {
    "basic": 0.8080652632198623,
    "policy": 0.7435590662185807,
    "vs_human": 0.6733419689538142,
    "extreme": 0.6928924637455587
  },
  "n_questions": 100,
  "all_scores": [
    0.2712916640111438,
    0.5621765008857981,
    0.9999529484665075,
    0.9999998081790796,
    0.7772996960890581,
    0.9904484079290157,
    0.9992712186427499,
    0.9999243606362928,
    2.263692311377241e-08,
    0.9963584655947922,
    0.9999984465052085,
    0.999999788384364,
    0.9999988634362894,
    0.9999417046207081,
    0.0036535610129027063,
    0.998498817743263,
    0.9984021545059827,
    0.5642232301217153,
    0.9998658287978941,
    0.9999997761975584,
    0.02931223075135636,
    0.9999687966603078,
    0.35364005548794863,
    0.9999999138281331,
    0.9999594550994857,
    0.7981867777396212,
    0.2018132222603788,
    0.999999694097773,
    0.3208217164264675,
    0.9999743002619547,
    0.9995697235643659,
    0.999999977137093,
    0.16614280171148443,
    0.9989677689632452,
    0.9999999500628214,
    0.002980885341595244,
    0.9999771720028072,
    0.9999981261246162,
    0.9998688009195644,
    0.9999999559305942,
    0.0009110511944006028,
    0.9999988617506439,
    0.9999999006880668,
    0.9999997041155649,
    0.00020342697805519894,
    0.9999998942827965,
    0.07725741248004704,
    0.9999983463104141,
    0.9999993524052017,
    0.9980732653366725,
    0.9987565881974986,
    0.9999999884679233,
    0.00454175050992589,
    0.6224593312018546,
    1.892514824597402e-05,
    0.9964063974185798,
    0.9999988634362894,
    0.9999997122990989,
    0.011687257995694434,
    0.9999999864476894,
    0.00034696602724593184,
    0.9999485552352516,
    0.9999833650223784,
    1.9750534352436233e-07,
    0.7981867777396212,
    0.9988304206632016,
    0.9997632643186515,
    0.08509904500702026,
    0.8929345321176917,
    0.7148559283133572,
    0.9999991148413813,
    0.05829660749509441,
    0.9999452401257551,
    1.1478746233417603e-05,
    0.9995121428772178,
    0.9999993524052017,
    0.1812988755762236,
    0.0805040411896527,
    0.02931223075135636,
    0.9999925887201281,
    0.40733386050457876,
    0.999999607214549,
    0.9996200147607598,
    0.017986209962091555,
    0.9999994956535537,
    0.99994045347134,
    0.9979492564600826,
    0.014064394026678317,
    0.5,
    0.9961506566830958,
    0.9999987901343165,
    0.09206155314460529,
    0.9999785550515792,
    0.9859779134833032,
    0.4939845126732546,
    0.9999999002913837,
    0.9981204065631077,
    0.9366427124447763,
    0.9999970669191495,
    0.9980968801963128
  ]
}