{
  "overall": 0.7412357945814158,
  "per_tier": {
    "basic": 0.8231644806661087,
    "policy": 0.7494957394965789,
    "vs_human": 0.7055987266554837,
    "extreme": 0.7167471085074439
  },
  "n_questions": 100,
  "all_scores": [
    0.207797495377113,
    0.7743568426863408,
    0.9997546305194573,
    0.9999997463981333,
    0.88358762828024,
    0.9968273171575148,
    0.9994107549660763,
    0.9999452400213146,
    5.6586128338587116e-08,
    0.9975273768433653,
    0.999998393911496,
    0.9999994631239721,
    0.9999987121047844,
    0.9999295993272231,
    0.00857748541371195,
    0.9968398454705912,
    0.9991863318232019,
    0.5996495351046147,
    0.9999038977677834,
    0.9999992604391112,
    0.07137117951913785,
    0.9999536268056552,
    0.245088894992588,
    0.9999998642569454,
    0.9999203292693879,
    0.7981870849840249,
    0.13853461554969593,
    0.9999989548079862,
    0.5926665999540698,
    0.9999499137687221,
    0.9994429233272191,
    0.9999999724220175,
    0.143009016801948,
    0.9989012689270753,
    0.9999999176675142,
    0.00317260442468132,
    0.9999706890763964,
    0.9999927842087682,
    0.9997546305194573,
    0.9999999186482875,
    0.0024683175846277328,
    0.9999951641764142,
    0.9999998555019962,
    0.9999991684719722,
    0.000552778636923601,
    0.999999831827619,
    0.34685320880597176,
    0.9999969105114447,
    0.9999983463104141,
    0.9996847990753592,
    0.9970420972317509,
    0.9999999738343028,
    0.05152508899657482,
    0.7889210072425753,
    7.484480005248706e-05,
    0.9992903296008995,
    0.9999983463104141,
    0.9999986290401782,
    0.09801505854393068,
    0.9999999715466527,
    0.0018063894950964832,
    0.9999687980886061,
    0.9999920043481775,
    3.927862002317539e-07,
    0.893122204809139,
    0.9969957598180911,
    0.9997546305194572,
    0.30375802182661393,
    0.880410637740308,
    0.8077392321827472,
    0.9999986290401782,
    0.20181322226037882,
    0.9999832982914554,
    6.205049602292512e-05,
    0.9993736658418905,
    0.9999987121072409,
    0.5926887017777681,
    0.24508501313237172,
    0.02931223075135636,
    0.9999910601161326,
    0.7020367528053781,
    0.9999987901366241,
    0.9997042019837465,
    0.033050179214863494,
    0.9999991148447579,
    0.9998976927311474,
    0.9859363729567545,
    0.03958536148275582,
    0.40411468007134854,
    0.997011338527512,
    0.9999932657446563,
    0.06754669113962908,
    0.9999687980886061,
    0.9824800381903719,
    0.2483710703631289,
    0.9999997617626356,
    0.9984944342675861,
    0.9770226300899744,
    0.9999942280799697,
    0.9989012689270753
  ]
}