{
  "overall": 0.8613965144473691,
  "per_tier": {
    "basic": 0.8773396306464715,
    "policy": 0.8994041733003849,
    "vs_human": 0.8231987991945856,
    "extreme": 0.8636270463320739
  },
  "n_questions": 100,
  "all_scores": [
    0.20787160519131087,
    0.9994470927895654,
    0.9999706882937228,
    0.9999993916398029,
    0.9740426428022031,
    0.9999918602607996,
    0.9999664322229909,
    0.9999796404276393,
    1.1365658786344213e-06,
    0.9916079678677964,
    0.9999998461826772,
    0.9999984433166603,
    0.9999986290401782,
    0.9999942280359337,
    0.3774936053815757,
    0.9965813955966032,
    0.9999771720028072,
    0.9998766096598348,
    0.9999953622151617,
    0.9999988634362894,
    0.9372474842743888,
    0.9999991148430695,
    0.00262749701558318,
    0.9999996072130506,
    0.9999933417500291,
    0.9848985477867973,
    0.9875683491468141,
    0.9999975175199628,
    0.9981897889737974,
    0.9999910603036951,
    0.9999861539954363,
    0.999999866361701,
    0.7028058153408454,
    0.9999573527758341,
    0.9999997400452173,
    0.37653177804282517,
    0.9999990791417086,
    0.999992816753301,
    0.9982993358779331,
    0.9999992188457096,
    0.6370352046892191,
    0.9999151939723939,
    0.999999684386795,
    0.999999586267474,
    0.01042551810237835,
    0.9999966068551871,
    0.9956657167369413,
    0.9999506358567668,
    0.9999208564477606,
    0.9999921107374138,
    0.9990332682728995,
    0.9999995407864383,
    0.8275150262512259,
    0.9752418915823339,
    0.004610044786299783,
    0.9999838124185639,
    0.9999771724382026,
    0.9999417167384099,
    0.9840936082881853,
    0.9999996461164709,
    0.24508501313237174,
    0.9999980052512552,
    0.9999989323134217,
    1.6536990485871428e-06,
    0.9852039472763113,
    0.999030249880077,
    0.9999949062949967,
    0.0445719833329018,
    0.9890129122886407,
    0.9997695306371834,
    0.9999967664655672,
    0.9867773275691294,
    0.999996910505552,
    0.015112094187173186,
    0.9999939375098587,
    0.9999964519690678,
    0.6373562059215598,
    0.8866908900092701,
    0.2568319913875189,
    0.9998989221237974,
    0.997018967270145,
    0.9999991148430695,
    0.9999516743618128,
    0.1740137771709971,
    0.9999917790183561,
    0.9999908990305297,
    0.9820137900379085,
    0.9663289809126903,
    0.9527075940425487,
    0.9999251480623851,
    0.9999902260112716,
    0.9241418199787564,
    0.9999989651488337,
    0.9973673596303553,
    0.13296424019782938,
    0.9999995473165464,
    0.9997797314059053,
    0.999988521231873,
    0.9999966963382146,
    0.9999910603036951
  ]
}