{
  "overall": 0.7252366164660907,
  "per_tier": {
    "basic": 0.7950237601002298,
    "policy": 0.7498048645290833,
    "vs_human": 0.6742266265700391,
    "extreme": 0.7133430118973879
  },
  "n_questions": 100,
  "all_scores": [
    0.45709790379318305,
    0.10669059394565118,
    0.9999038975845005,
    0.9999997300422225,
    0.6224588829677408,
    0.9916954446484679,
    0.9984999151906987,
    0.9997388096809043,
    2.9416639568680125e-08,
    0.990447262054053,
    0.9999993384512935,
    0.9999996072137998,
    0.9999993524052017,
    0.9998714211217784,
    0.0017007224114351516,
    0.9641596632388763,
    0.9940889311437562,
    0.7744391491998529,
    0.9996849402807411,
    0.9999996072137998,
    0.18242552380635635,
    0.9999437569774547,
    0.348647734196765,
    0.9999997617635444,
    0.9999107250147892,
    0.34864513533394575,
    0.21561288353838992,
    0.9999989969859118,
    0.7981864704948679,
    0.999964167518895,
    0.999704042886487,
    0.999999979183126,
    0.09485785333314423,
    0.995929862284104,
    0.9999999697115696,
    0.012431650853185818,
    0.9999097196098496,
    0.9999952149511389,
    0.9999339478551453,
    0.9999998942829981,
    0.002472623156634657,
    0.9999987121047844,
    0.9999999358046253,
    0.9999994956525918,
    0.0006661154643964329,
    0.999999816926886,
    0.0318204033183159,
    0.9999930377437499,
    0.9999980273133959,
    0.9975273768433653,
    0.9988755618224265,
    0.999999931743971,
    0.006011340655992625,
    0.5,
    4.663030868923279e-05,
    0.9996114341353858,
    0.9999988634352054,
    0.9999995818812769,
    0.0071209567401820445,
    0.9999999831061884,
    0.0018336139639761884,
    0.9998976997550704,
    0.9998911030899734,
    3.927862002317539e-07,
    0.6623504254172095,
    0.9975246373156242,
    0.9999417087343389,
    0.3486451353339458,
    0.9933955533713762,
    0.679178699175393,
    0.9999942280249247,
    0.07587823928944387,
    0.9999097388920212,
    3.763745215812353e-05,
    0.999397827262954,
    0.9999989969859118,
    0.18242552380635632,
    0.037326887344129464,
    0.026966652693482307,
    0.9999785550515792,
    0.7316922435346411,
    0.999999428499553,
    0.9991959309210234,
    0.01590639171181471,
    0.9999992319590348,
    0.9999656616996301,
    0.997368416137157,
    0.00407034647373729,
    0.5926642976591994,
    0.998498817743263,
    0.9999934595627731,
    0.24508466023804742,
    0.9999824529858131,
    0.9626731126558706,
    0.579778254806329,
    0.9999998144612521,
    0.9971990730328789,
    0.9574842711521308,
    0.999992887727014,
    0.9968273171575148
  ]
}