{
  "overall": 0.8758347401115251,
  "per_tier": {
    "basic": 0.894494399181083,
    "policy": 0.8921233581516164,
    "vs_human": 0.8570775018279576,
    "extreme": 0.8712931269886597
  },
  "n_questions": 100,
  "all_scores": [
    0.2683965099857015,
    0.9995955185021579,
    0.999977858500082,
    0.9999983463198765,
    0.9715269516067456,
    0.9999843104502723,
    0.999738754889563,
    0.9998770482199428,
    3.3931448129020936e-06,
    0.9950945849838468,
    0.999999789755857,
    0.99999671126348,
    0.9999976679388183,
    0.9999934595003988,
    0.6649666523983461,
    0.990902449446159,
    0.9999861535992985,
    0.9998620444534125,
    0.9999921107374138,
    0.9999976679254741,
    0.9723930674221258,
    0.9999983971890123,
    0.004397792726056116,
    0.9999991420780983,
    0.9999926663963126,
    0.9626759911403645,
    0.9928754552384854,
    0.9999934596251469,
    0.9975273768433652,
    0.9999776541378335,
    0.9999785550924811,
    0.9999998055566924,
    0.850683402329079,
    0.9999594875651335,
    0.9999995686087695,
    0.06353102654508759,
    0.9999989969859118,
    0.9999904837483059,
    0.9984959703656112,
    0.9999988634384572,
    0.9299996047910267,
    0.9997546305194572,
    0.9999992188516693,
    0.9999991684703864,
    0.023097224327927934,
    0.9999938558253978,
    0.9731026767825157,
    0.9999698936311894,
    0.999685011760622,
    0.999991060354848,
    0.9995121465974421,
    0.9999991148481345,
    0.9467952337582816,
    0.9796676466573412,
    0.016049797453323356,
    0.999981776889575,
    0.9999846659688696,
    0.9999437544029394,
    0.9984020693059099,
    0.9999992188546492,
    0.5308716488117586,
    0.9999975938884818,
    0.9999970054847692,
    5.809660634570335e-06,
    0.9884696332766856,
    0.9982993455926339,
    0.9999895484519483,
    0.33683958060127817,
    0.9950945942942779,
    0.996832524724753,
    0.999995979556137,
    0.9937101097846724,
    0.9999967664593998,
    0.04208772791561888,
    0.9999816571066721,
    0.999985382854932,
    0.7852970038854264,
    0.835699448485487,
    0.3068332390552261,
    0.9997694545938923,
    0.997817545248191,
    0.999997186998612,
    0.9999339482330727,
    0.21125532608613729,
    0.999981036659615,
    0.9999851042247527,
    0.9866925951709423,
    0.9553191297273498,
    0.9892066488434987,
    0.9997388604771551,
    0.9999822214820461,
    0.972390046321507,
    0.9999985855293972,
    0.9952625676155579,
    0.06818254915431743,
    0.9999989651409382,
    0.9997388066925819,
    0.999981074851754,
    0.9999937671585019,
    0.9999810743464007
  ]
}