{
  "overall": 0.7231252240760935,
  "per_tier": {
    "basic": 0.7928662589955047,
    "policy": 0.7472564829729669,
    "vs_human": 0.6813962459811796,
    "extreme": 0.7022726729601508
  },
  "n_questions": 100,
  "all_scores": [
    0.3775361864685234,
    0.4378234991142019,
    0.9999756997129088,
    0.9999999176673572,
    0.5362692681584719,
    0.9933071490757153,
    0.9987542433765749,
    0.9998415640830424,
    1.1142491040949665e-08,
    0.9947798743064417,
    0.999999428500643,
    0.9999997731825155,
    0.9999995818812769,
    0.9999516743618128,
    0.002786145226749581,
    0.9948310773849743,
    0.9978250462500048,
    0.5237034369988488,
    0.9999417087343389,
    0.9999998942831997,
    0.12193937281382894,
    0.9999687980886061,
    0.34545107524093777,
    0.9999999248819827,
    0.9999671528957671,
    0.29435123717634304,
    0.30647474583020873,
    0.999999621018492,
    0.733004516350094,
    0.9999843104502723,
    0.9997388096809043,
    0.9999999923418706,
    0.14386859094318694,
    0.9995121428772178,
    0.9999999856927584,
    0.0010322310367548194,
    0.9999235417451954,
    0.9999984465022453,
    0.9999151884730235,
    0.999999975419649,
    0.0016322030087213557,
    0.999998629045408,
    0.9999999638688457,
    0.9999998144608981,
    0.00037999465771276775,
    0.9999999176675142,
    0.13277810529219042,
    0.9999972735297293,
    0.999999463124996,
    0.9981189711173698,
    0.9991374103244015,
    0.9999999950555496,
    0.01727723310115259,
    0.5926665999540697,
    2.7535691114688454e-05,
    0.9924227587321393,
    0.9999993106389544,
    0.9999995549149481,
    0.012431650853185818,
    0.9999999943972142,
    0.000709670399100526,
    0.9999410951756131,
    0.9999904837483059,
    1.8553910186014377e-07,
    0.7057850278370112,
    0.9991440993632548,
    0.9998686772578097,
    0.24821941583963036,
    0.9325354332851825,
    0.8088269115542628,
    0.9999991148430695,
    0.053403329799824234,
    0.9999756997592568,
    2.5866345691683e-05,
    0.9996637932402375,
    0.9999995549149481,
    0.09529617246039167,
    0.08509904500702024,
    0.06566583867576758,
    0.9999822220584936,
    0.5621807260528441,
    0.9999995549149481,
    0.9997388096809043,
    0.007576796649940976,
    0.9999997437095656,
    0.9999573525318144,
    0.9956733239034365,
    0.010033595204440046,
    0.6146022991462796,
    0.9983039312119171,
    0.9999985406237789,
    0.10669059394565128,
    0.9999869928715335,
    0.9723690433586567,
    0.6266843607896142,
    0.9999999123575255,
    0.998176370784017,
    0.8807970779778823,
    0.9999928667782411,
    0.9963076592068331
  ]
}