{
  "overall": 0.7252665879264726,
  "per_tier": {
    "basic": 0.8111477979190713,
    "policy": 0.7398732600957145,
    "vs_human": 0.6834637218053868,
    "extreme": 0.700077532606331
  },
  "n_questions": 100,
  "all_scores": [
    0.14804695745944574,
    0.7772998611746911,
    0.9997965718581597,
    0.9999988297576136,
    0.7451421944452685,
    0.9917206809462062,
    0.9986749826306391,
    0.9999238769806675,
    1.4449800378457667e-07,
    0.9971990730328789,
    0.999996711238389,
    0.9999993106389544,
    0.999996910505552,
    0.9998511410792112,
    0.006692850924284732,
    0.998498817743263,
    0.9980732653366725,
    0.5621765008857981,
    0.9998686482029348,
    0.999998629042793,
    0.06822909733787841,
    0.9999203269901391,
    0.10807509340371224,
    0.999999756630194,
    0.9999097196098496,
    0.8354835371034369,
    0.14804719803168942,
    0.9999974387177893,
    0.5010657294346684,
    0.9999546042093052,
    0.9990664162687519,
    0.9999999500629166,
    0.13096880978804226,
    0.9990876058052475,
    0.999999789756258,
    0.008072018968281249,
    0.9999437577283329,
    0.9999939202793594,
    0.9996505515814943,
    0.9999998802069444,
    0.0009123715923740061,
    0.9999921421989337,
    0.9999997463981333,
    0.9999989969859118,
    0.0006263341581095316,
    0.9999994956516297,
    0.34864470219101784,
    0.9999925887201281,
    0.9999982396567868,
    0.9992903296008995,
    0.9966233105938207,
    0.9999999468421502,
    0.033085978388704196,
    0.6648225855699292,
    6.605176692731085e-05,
    0.9992743109876919,
    0.9999973949921932,
    0.9999981261281905,
    0.022964955718763752,
    0.9999999530883621,
    0.002385683587184162,
    0.9999646442887287,
    0.9999921106922712,
    6.083590367023106e-07,
    0.7981867777396212,
    0.9949899296229333,
    0.999704042886487,
    0.07585818002124345,
    0.7310585786300049,
    0.8354835371034369,
    0.9999976258769357,
    0.1164775229198066,
    0.9999599363077709,
    5.7068013255223704e-05,
    0.9995121084637973,
    0.9999957771746096,
    0.40732971638260174,
    0.0953494648991095,
    0.020332353342658815,
    0.9999756997129088,
    0.5,
    0.9999984973795314,
    0.9995694429186754,
    0.01952013794848243,
    0.9999988634341214,
    0.9999251452071695,
    0.991422514586288,
    0.02595735719779685,
    0.3486451353339458,
    0.9960361487452281,
    0.9999906103344632,
    0.05875281877115757,
    0.9999687971959272,
    0.9740426428022031,
    0.4687906266262437,
    0.999999789756659,
    0.9978737563909448,
    0.9856603548361267,
    0.9999869925986338,
    0.9971990730328789
  ]
}