{
  "overall": 0.737579891880675,
  "per_tier": {
    "basic": 0.8160169654649317,
    "policy": 0.7492342884219412,
    "vs_human": 0.7064509272147999,
    "extreme": 0.7086478764628682
  },
  "n_questions": 100,
  "all_scores": [
    0.16451646289656308,
    0.7295747229172928,
    0.999741696748999,
    0.9999996533667177,
    0.883358379685694,
    0.9975126600138332,
    0.9994112983605088,
    0.9999452402301955,
    5.6586128338587116e-08,
    0.9975285056646064,
    0.9999985826261958,
    0.9999995262085384,
    0.9999989969859118,
    0.9999203280537966,
    0.009708476481474104,
    0.9968273171575148,
    0.9989012689270753,
    0.5434927470954777,
    0.9999038975845005,
    0.9999994917076126,
    0.06878276874362665,
    0.9999646454350759,
    0.2526396532970948,
    0.9999998800672574,
    0.9999339478551454,
    0.7566474228537542,
    0.16451646289656308,
    0.9999988873989678,
    0.622459779435759,
    0.9999646436818238,
    0.999541687099365,
    0.9999999791830863,
    0.11805920995289054,
    0.9987551875256586,
    0.9999999273418356,
    0.003914139396641395,
    0.9999710131391067,
    0.9999949062949967,
    0.999541692341906,
    0.9999999344982685,
    0.002046645094388899,
    0.9999951641764142,
    0.9999998362623136,
    0.9999990807509161,
    0.0006263341581095316,
    0.9999998094357309,
    0.40733386050457876,
    0.9999964991455856,
    0.9999986183218817,
    0.9995694306054662,
    0.9961752329426087,
    0.9999999785222864,
    0.044727625327989684,
    0.8073509056455537,
    6.597937075869531e-05,
    0.9992903296008995,
    0.9999983660065958,
    0.9999987121023279,
    0.13301218314418456,
    0.9999999844737826,
    0.0017007224114351516,
    0.9999785547652623,
    0.9999921106772237,
    3.4663328229989077e-07,
    0.8927571614707813,
    0.9956684897535293,
    0.9997219690361224,
    0.26046587280690525,
    0.8354835371034368,
    0.8175744761936437,
    0.9999984464992824,
    0.22367500091576548,
    0.9999762132146696,
    7.967300986089221e-05,
    0.9995726242919399,
    0.9999987901297013,
    0.5621769703492486,
    0.2210979900815061,
    0.023476066433744558,
    0.9999899534403986,
    0.6224682958401591,
    0.9999987121023279,
    0.9997546305194572,
    0.029296333871364752,
    0.9999989322971299,
    0.9999107248445256,
    0.9808799342730798,
    0.042045761985877575,
    0.3176254899400893,
    0.99641148871924,
    0.9999945777913719,
    0.06754669113962908,
    0.9999741311874476,
    0.9847562465335646,
    0.21687100882632504,
    0.9999997761967047,
    0.9985746076920228,
    0.9742270878890281,
    0.9999947553388491,
    0.9990653785317364
  ]
}