{
  "overall": 0.7227269709381638,
  "per_tier": {
    "basic": 0.8088438149370033,
    "policy": 0.7492511354444991,
    "vs_human": 0.675481252982476,
    "extreme": 0.6948786832237356
  },
  "n_questions": 100,
  "all_scores": [
    0.29174564805890224,
    0.5926665999540697,
    0.9999546020447119,
    0.9999998257021421,
    0.7772996960890581,
    0.9914197486470308,
    0.999265548933975,
    0.999933954027688,
    2.6729395141700252e-08,
    0.9940889311437562,
    0.9999982630566674,
    0.9999995818812769,
    0.9999990997335739,
    0.9999401283468764,
    0.002862510951792685,
    0.9988277326178892,
    0.9978172835546547,
    0.5312093733737563,
    0.9998479676957189,
    0.9999997761971314,
    0.04208772791561888,
    0.999957921579914,
    0.3486451353339458,
    0.9999998960570876,
    0.9999573525318144,
    0.8401001855549424,
    0.1824253815692587,
    0.9999994702625843,
    0.4073334000459303,
    0.9999687980886061,
    0.9995419229543825,
    0.999999986062093,
    0.16451462773866388,
    0.9986774764422658,
    0.9999999530884516,
    0.001974830309884492,
    0.9999646437492582,
    0.9999974387177893,
    0.9998766054240138,
    0.999999955463476,
    0.0008559006367451216,
    0.999998629042793,
    0.9999998642566865,
    0.9999994847901875,
    0.0002611913151995271,
    0.9999998555017207,
    0.0675466911396291,
    0.9999978766215375,
    0.9999993916409633,
    0.998498817743263,
    0.9989678063316207,
    0.9999999885038083,
    0.00466416849695972,
    0.6513548646660542,
    1.777875532027462e-05,
    0.995929862284104,
    0.9999987901366241,
    0.9999995818812769,
    0.014063891515633817,
    0.9999999806494645,
    0.0005883460100458704,
    0.9999296921802088,
    0.9999811498729461,
    1.948803132201249e-07,
    0.8171718849861545,
    0.9986193541060706,
    0.9997545359874142,
    0.06754669113962908,
    0.8933094060543488,
    0.7553819183475569,
    0.9999991148413813,
    0.04352051704289097,
    0.9999379495039771,
    2.0742043203125782e-05,
    0.9994805971181364,
    0.9999992353282655,
    0.16494923188852859,
    0.08509904500702024,
    0.029312203616450372,
    0.999993846724712,
    0.47431015177270464,
    0.9999996743687808,
    0.9994472213630764,
    0.01656369831555653,
    0.9999995818820745,
    0.9999251537724895,
    0.9982371614312038,
    0.014063627043245474,
    0.4687868267932296,
    0.9973235341219872,
    0.9999984465081714,
    0.09534946489910945,
    0.9999724644139226,
    0.9859363729567544,
    0.5318524432289893,
    0.9999998560768705,
    0.997862439739462,
    0.9465966702001757,
    0.9999966763852695,
    0.9978265483244283
  ]
}