{
  "Baseline": {
    "overall": 0.7852717413059315,
    "per_tier": {
      "q1": 0.9110083813045321,
      "q2": 0.727876950659632,
      "q3": 0.5841162213343261,
      "q4": 0.8885712628987235
    }
  },
  "Variant A (2-step)": {
    "overall": 0.5862137758517343,
    "per_tier": {
      "q1": 0.7024230433889846,
      "q2": 0.5555503799069952,
      "q3": 0.40523704473125616,
      "q4": 0.6604377777068199
    }
  }
}