{
  "overall": 0.6313665674294804,
  "per_tier": {
    "basic": 0.9999880777974205,
    "policy": 0.7160228605906563,
    "vs_human": 0.46705826831753766,
    "extreme": 0.4934896641886788
  },
  "n_questions": 100,
  "all_scores": [
    0.9999869930451941,
    0.9999990577572033,
    0.9999997126314468,
    0.9999961861285939,
    0.9999945776569245,
    0.9999999397641504,
    0.9999379518116536,
    0.9999989969859118,
    0.9999921107298901,
    0.999999968258058,
    0.9999990181403978,
    0.999992588720128,
    0.9999925885010201,
    0.9999324019526993,
    0.9999952149009417,
    0.9999780186478755,
    0.9999877810754658,
    0.9999996869372749,
    0.9999822214481369,
    0.9999965408554452,
    0.999447049573725,
    0.9999998491177762,
    0.9995378360767594,
    0.9999952149055051,
    0.29300999988853593,
    0.9999991887638959,
    0.9875683608551684,
    0.9997834547112947,
    0.060086865614145175,
    0.9999975938976603,
    0.9804668985806925,
    0.9999998085712559,
    8.250743411061613e-07,
    0.9999999006882562,
    6.540437226933636e-06,
    0.9999999423934816,
    0.0003565431187151956,
    0.9999993723307837,
    0.00020342659012833876,
    0.9999985406237789,
    0.7624396127495255,
    0.9999973787639457,
    7.031184266914957e-05,
    0.9999981261246164,
    0.03737708949735267,
    0.999999922655787,
    0.10915296820195845,
    0.9999998362623137,
    8.939679253850334e-06,
    0.999939585557696,
    0.008577485413711986,
    0.99999893229713,
    2.5612822107586734e-06,
    0.9999235415993739,
    7.031197676904496e-05,
    0.9999994631249961,
    0.0007844805586633997,
    0.9999852781844303,
    7.183481300417577e-07,
    0.9999978766215376,
    2.6165205199192004e-07,
    0.00043036463057810614,
    0.029312230751356316,
    0.9943782578825596,
    1.459376221076886e-06,
    0.9999516743618128,
    0.06696935263286007,
    0.002352729201831605,
    2.859626384353014e-05,
    0.9999987020309428,
    9.044004104966845e-06,
    0.9999546021312976,
    3.5356318176120825e-05,
    0.9999993159892501,
    5.896418079129242e-07,
    0.999985999306516,
    7.411279871974134e-06,
    0.9900846497716425,
    3.966985914946731e-06,
    0.9997388116731002,
    1.1236758601391848e-05,
    0.9996845904564048,
    4.785094494890118e-06,
    0.9999785550515791,
    2.257578058565056e-05,
    0.8772666496637573,
    3.461077813380041e-05,
    0.8645728517238405,
    3.2563121910858323e-07,
    0.999997438712904,
    9.100882677815641e-06,
    0.9999296882914305,
    0.00016865275398914432,
    0.9999966221847172,
    6.339210403977636e-06,
    0.9999756997129088,
    0.07388163600166732,
    0.9995694585149016,
    3.739231834245329e-05,
    0.9997219690361225
  ]
}