{
  "overall": 0.6433399211976767,
  "per_tier": {
    "basic": 0.9999971218035613,
    "policy": 0.7038323780092599,
    "vs_human": 0.4775305002556026,
    "extreme": 0.5310495705281058
  },
  "n_questions": 100,
  "all_scores": [
    0.9999998358631711,
    0.999999993972631,
    0.9999999901667768,
    0.9999999175454062,
    0.999999922655787,
    0.9999999966017354,
    0.999997112430775,
    0.999999995498018,
    0.9999997463981333,
    0.999999997718561,
    0.9999999895325883,
    0.9999999500628214,
    0.9999995818812769,
    0.9999485577862578,
    0.9999998555018585,
    0.9999992188516693,
    0.9999990577563046,
    0.9999999952076835,
    0.9999997892445516,
    0.9999999313952205,
    0.9999942460351864,
    0.9999999966913349,
    0.9999877809472854,
    0.9999999273418355,
    0.08509904500702024,
    0.9999999932417439,
    0.9904233933469868,
    0.9999724643088854,
    0.0011695704240864899,
    0.9999999611089229,
    0.9947800426823638,
    0.999999998501861,
    2.1055515467892486e-07,
    0.9999999986421447,
    1.3558110688312833e-06,
    0.9999999991311831,
    0.005219070957017107,
    0.9999999865596031,
    5.368750039367666e-07,
    0.999999982016511,
    0.9922478750601755,
    0.9999999559815027,
    3.500854414401442e-06,
    0.9999999553369384,
    0.1480471980316895,
    0.999999998896743,
    0.00020616990902532078,
    0.9999999966017322,
    1.1478768127080351e-05,
    0.9999997126314467,
    0.18242552380635632,
    0.999999996293725,
    9.931193325870138e-08,
    0.9999869908370523,
    8.764255809564184e-08,
    0.9999999936187611,
    7.411279871974134e-06,
    0.9999822214481368,
    7.901216877358919e-09,
    0.9999999716912945,
    2.4172546213359687e-09,
    3.763594470240772e-05,
    0.0008039725431324543,
    0.9999952149055051,
    2.8453347280241004e-08,
    0.9999984513333902,
    0.0019267419990895397,
    0.00023210695651876279,
    2.7156232463127874e-06,
    0.9999999915891904,
    1.2878952156558145e-06,
    0.9999999656787447,
    4.181187231316626e-07,
    0.9999999981232983,
    2.0340780658496985e-08,
    0.9999994284995529,
    9.329483898491436e-08,
    0.9999869928715335,
    5.152235470472121e-08,
    0.9999546022178831,
    6.475954157993478e-07,
    0.9999988634362893,
    1.837087944847985e-08,
    0.9999993524045842,
    9.422445939071363e-07,
    0.9998911022592433,
    5.043474082014517e-07,
    0.9992025678380582,
    2.378080447466188e-08,
    0.9999999932417439,
    1.1352366957351555e-06,
    0.9999999006881615,
    1.4668328118941862e-06,
    0.9999999715466528,
    9.329510590394667e-08,
    0.9999978766215376,
    0.9324533088603709,
    0.9999930377371101,
    6.540437226933636e-06,
    0.999996910505552
  ]
}