{
  "overall": 0.6476925887092305,
  "per_tier": {
    "basic": 0.9999993260569923,
    "policy": 0.7053716595802497,
    "vs_human": 0.4938746147508513,
    "extreme": 0.5281866905217558
  },
  "n_questions": 100,
  "all_scores": [
    0.9999998464746094,
    0.9999999873739035,
    0.9999999913222027,
    0.9999998940253931,
    0.9999999226556393,
    0.999999997093302,
    0.9999978766215375,
    0.9999999962677258,
    0.9999998802070585,
    0.9999999977713573,
    0.9999999923349733,
    0.999999894703585,
    0.9999997126317208,
    0.9999910603207461,
    0.9999999398785303,
    0.9999992661790195,
    0.999999467557445,
    0.9999999942193628,
    0.9999998802071729,
    0.9999999232945618,
    0.9999977439699008,
    0.9999999968076229,
    0.9999910603804242,
    0.9999998886453676,
    0.11952110015255442,
    0.9999999932417311,
    0.9914073356575823,
    0.9999756997592567,
    0.0004305611856885555,
    0.9999999468421503,
    0.9947798099259848,
    0.9999999987883103,
    1.7488828369444916e-07,
    0.9999999987101618,
    2.3874234834066656e-06,
    0.9999999991407825,
    0.0013266538788655696,
    0.9999999881388574,
    8.733907110002429e-07,
    0.9999999806772735,
    0.9859363597332516,
    0.9999999667347305,
    6.540437226933636e-06,
    0.9999999524564639,
    0.09496353419294826,
    0.9999999980637216,
    0.0013250224172131609,
    0.9999999964938596,
    6.997815915668821e-06,
    0.9999998255448238,
    0.7310585786300049,
    0.9999999942193517,
    9.329492795784028e-08,
    0.9999785606135455,
    2.9356553451156157e-08,
    0.999999984286569,
    1.1649860566281689e-05,
    0.9999809781565994,
    1.386702771959248e-08,
    0.9999999648188037,
    5.236584098508641e-09,
    2.2827714184936454e-05,
    0.0006263341581094201,
    0.9999974220048098,
    3.541076257714428e-08,
    0.9999974387177892,
    0.0021826167488777468,
    0.00014101238174435426,
    2.7264702706959303e-06,
    0.9999999826883025,
    1.8738753836511972e-06,
    0.9999999272908185,
    5.715004470337245e-07,
    0.9999999977362635,
    2.6521941828178042e-08,
    0.9999990595437054,
    8.494583725755824e-08,
    0.9999756997129088,
    7.496458199894615e-08,
    0.9999930377304705,
    7.496271080269966e-07,
    0.9999969180155264,
    1.8250998633725016e-08,
    0.9999982396567867,
    1.5534977545950118e-06,
    0.9997694963548737,
    1.2878952156558145e-06,
    0.9988304897349445,
    1.8222458532720017e-08,
    0.9999999865595646,
    2.2603242979035742e-06,
    0.9999999006881615,
    1.5306825146387593e-06,
    0.9999999515993191,
    9.464128006809838e-08,
    0.9999973454213301,
    0.8470256953418608,
    0.9999975938976603,
    1.0520167727912564e-05,
    0.9999967112509346
  ]
}