{
  "overall": 0.1707317073170732,
  "per_tier": {
    "humaneval_accuracy": 0.8292682926829268,
    "degradation_score": 0.1707317073170732
  },
  "n_questions": 164,
  "all_scores": [
    0.1707317073170732
  ]
}