{
  "Baseline": {
    "overall": 0.7852717413059315,
    "per_tier": {
      "q1": 0.9110083813045321,
      "q2": 0.727876950659632,
      "q3": 0.5841162213343261,
      "q4": 0.8885712628987235
    }
  },
  "P2-A (balanced+persona)": {
    "overall": 0.6481401874158581,
    "per_tier": {
      "q1": 0.7343727746926066,
      "q2": 0.631096790370436,
      "q3": 0.5489171731196486,
      "q4": 0.6714998283552114
    }
  }
}