{
  "Baseline": {
    "overall": 0.5346042330339466,
    "per_tier": {
      "basic": 0.7305650421760578,
      "policy": 0.6437754374210544,
      "vs_human": 0.5009970081397263,
      "extreme": 0.36479011557535396
    },
    "persona_retention": 0
  },
  "Variant A (2-step)": {
    "overall": 0.8392149111680262,
    "per_tier": {
      "basic": 0.9120326811739827,
      "policy": 0.890604853839883,
      "vs_human": 0.834992199916428,
      "extreme": 0.7606324806344156
    },
    "persona_retention": 0.8777777777777778
  },
  "Variant B (1-step)": {
    "overall": 0.826282674212527,
    "per_tier": {
      "basic": 0.897950263817925,
      "policy": 0.8701937822148604,
      "vs_human": 0.8341466851233452,
      "extreme": 0.741366198229887
    },
    "persona_retention": 0.9277777777777777
  },
  "Variant C (ctrl)": {
    "overall": 0.7373616202737098,
    "per_tier": {
      "basic": 0.8150061834203062,
      "policy": 0.7718249815832062,
      "vs_human": 0.7468078268015799,
      "extreme": 0.6531767974417789
    },
    "persona_retention": 0.8555555555555555
  }
}