{
  "base_score": 0.5346042330339466,
  "prompted_score": 0.9624846412965671,
  "delta": 0.4278804082626205,
  "validated": true,
  "base_per_tier": {
    "basic": 0.7305650421760578,
    "policy": 0.6437754374210544,
    "vs_human": 0.5009970081397263,
    "extreme": 0.36479011557535396
  },
  "prompted_per_tier": {
    "basic": 0.9553345296422163,
    "policy": 0.955960144130937,
    "vs_human": 0.9999999834978408,
    "extreme": 0.934085704975281
  }
}