{
  "baseline": {
    "overall": 0.7141489876266046,
    "per_tier": {
      "basic": 0.7420263009759125,
      "policy": 0.8165685200594698,
      "vs_human": 0.6015675579658447,
      "extreme": 0.7398658534325823
    }
  },
  "variants": {
    "P3-A (primed)": {
      "mean": 0.8234560648860517,
      "std": 0.007215812627022225,
      "n_seeds": 3,
      "all_overalls": [
        0.8318898632890576,
        0.8142637047837344,
        0.8242146265853628
      ],
      "per_tier": {
        "basic": {
          "mean": 0.7667580548556637,
          "std": 0.0039982904756701845
        },
        "policy": {
          "mean": 0.888556396959558,
          "std": 0.005989843871368778
        },
        "vs_human": {
          "mean": 0.8251041376030103,
          "std": 0.016960077649472396
        },
        "extreme": {
          "mean": 0.8162064441403473,
          "std": 0.0038106439427713448
        }
      }
    },
    "P3-B (unprimed)": {
      "mean": 0.7309041945191123,
      "std": 0.0005734803425854586,
      "n_seeds": 3,
      "all_overalls": [
        0.7302858810595965,
        0.7316678684700336,
        0.730758834027707
      ],
      "per_tier": {
        "basic": {
          "mean": 0.7049912013041912,
          "std": 0.0082180391903869
        },
        "policy": {
          "mean": 0.8716908045829341,
          "std": 0.007733546308252007
        },
        "vs_human": {
          "mean": 0.6552133643032851,
          "std": 0.0025342964682794123
        },
        "extreme": {
          "mean": 0.7300126135023391,
          "std": 0.0012468212115597874
        }
      }
    },
    "P3-C (anti)": {
      "mean": 0.5448375222612668,
      "std": 0.009781363088392865,
      "n_seeds": 3,
      "all_overalls": [
        0.5535447666567042,
        0.5311752741134385,
        0.5497925260136578
      ],
      "per_tier": {
        "basic": {
          "mean": 0.44902275752188975,
          "std": 0.007814371692306518
        },
        "policy": {
          "mean": 0.6052515492021229,
          "std": 0.009146020041344353
        },
        "vs_human": {
          "mean": 0.586025126468852,
          "std": 0.012388841190030957
        },
        "extreme": {
          "mean": 0.5272504099193623,
          "std": 0.010453175927062556
        }
      }
    },
    "P3-D (style)": {
      "mean": 0.7675755311692564,
      "std": 0.002100960248529232,
      "n_seeds": 3,
      "all_overalls": [
        0.7650281654242947,
        0.76752473423068,
        0.770173693852794
      ],
      "per_tier": {
        "basic": {
          "mean": 0.763015537376193,
          "std": 0.0020294749517972693
        },
        "policy": {
          "mean": 0.8646146793514714,
          "std": 0.010203256031117209
        },
        "vs_human": {
          "mean": 0.7265131489231513,
          "std": 0.005811765047399486
        },
        "extreme": {
          "mean": 0.7469851438225933,
          "std": 0.005778769548408326
        }
      }
    }
  },
  "statistical_tests": {
    "p3a_vs_p3b": {
      "statistic": 1671.0,
      "p_value": 0.0033212142767676226,
      "significant_005": true,
      "significant_001": true,
      "n_nonzero_diffs": 100
    }
  }
}