{
  "overall": 0.730758834027707,
  "per_tier": {
    "basic": 0.6935463373388395,
    "policy": 0.8825107669727927,
    "vs_human": 0.6543751519663317,
    "extreme": 0.7307828919182701
  },
  "n_questions": 100,
  "all_scores": [
    0.9991959018047654,
    0.0015138203069763496,
    0.9999999715466528,
    0.999999457127413,
    0.0007096974521811196,
    0.970761919275622,
    0.9859363861802452,
    0.9657500217144934,
    2.5109943013745806e-08,
    0.29421497216298875,
    0.9999996118924349,
    0.9999990776220514,
    0.9999995262094421,
    0.9924227587321393,
    0.0600867040339742,
    0.6177671333720735,
    0.9827728587921726,
    5.829126566113865e-05,
    0.9997388096809043,
    0.9999998024946565,
    0.9290276354061309,
    0.9996505735682755,
    0.9947798743064415,
    0.9999999372310396,
    0.9998775514432968,
    9.547926542584741e-05,
    0.880458625502885,
    0.9999990588555405,
    0.9995694416873703,
    0.9999151892817768,
    0.9980732653366725,
    0.9999999959009065,
    0.8499040330694162,
    0.9989662435745037,
    0.9999999907625329,
    1.5986601867208525e-07,
    0.9999038975845005,
    0.9999946921451632,
    0.9999998144608981,
    0.9999998802070585,
    0.03492020442329302,
    0.9999938244440516,
    0.9999999527215115,
    0.9999992945052264,
    0.005187768410029325,
    0.999999463124996,
    0.0005180308384569543,
    0.9999922431226465,
    0.9999990577545076,
    0.9246026393847522,
    0.9999989203705539,
    0.9999999968500526,
    0.8807970779778824,
    0.10387337335919053,
    0.00011720968925443831,
    0.18242609275560848,
    0.9999994278331442,
    0.9999967112509346,
    1.3007128466476033e-05,
    0.9999999922563269,
    0.04208768946696706,
    0.9988304897349445,
    0.9999978766215375,
    1.0030131316618451e-06,
    0.07564505065040529,
    0.9999998001127769,
    0.9988304897349445,
    0.9465966702001758,
    0.9989950265847288,
    0.43783617466945346,
    0.9999785550515792,
    4.539778211688514e-05,
    0.9990889488055994,
    2.4489797596727314e-05,
    0.99682732017362,
    0.999999428499553,
    1.797714050941741e-05,
    3.5356318176120825e-05,
    0.9415345808181657,
    0.9998601779243528,
    0.9989677689632451,
    0.9999987901343165,
    0.998496606126928,
    1.3152420418041233e-05,
    0.9999990577545076,
    0.9990423959053418,
    0.9999822214142274,
    3.535584613818609e-05,
    0.9968273171575148,
    0.9399133498259924,
    0.9999698198114878,
    0.9889263151340698,
    0.9996971094809236,
    0.1480070269437998,
    0.9990889488055994,
    0.9999999051128118,
    0.9314060472020734,
    0.012431650853185818,
    0.9998601779243528,
    0.9734115084198983
  ]
}