{
  "overall": 0.8242146265853628,
  "per_tier": {
    "basic": 0.7706510383115008,
    "policy": 0.8916201496090979,
    "vs_human": 0.8184409136764422,
    "extreme": 0.8207603829943683
  },
  "n_questions": 100,
  "all_scores": [
    0.9986753586416354,
    0.3208225476310407,
    0.9999992428850587,
    0.9999379413968433,
    0.36431715895722055,
    0.9969410535763858,
    0.19978569957962797,
    0.9953904365721511,
    7.967300986089221e-05,
    0.41752426392074043,
    0.9999861539162096,
    0.9999296809826274,
    0.9998942391518366,
    0.9994115754782683,
    0.9626729070416702,
    0.7092642277469522,
    0.9914430893892502,
    0.4575622742427368,
    0.9995416792354409,
    0.9998415628744591,
    0.9986749775827869,
    0.9995418854004109,
    0.731097202649331,
    0.9999121022682784,
    0.9979509479141108,
    0.11984001201596885,
    0.9998686482029348,
    0.9998088663450225,
    0.9999687983861599,
    0.9980735660789173,
    0.9991586750709539,
    0.9999952149237585,
    0.9989012689270753,
    0.9914162838926744,
    0.9999553647503623,
    0.00029595429189487363,
    0.9992904797267667,
    0.99875485786639,
    0.999937949503977,
    0.9999599363841832,
    0.9998963201377267,
    0.9956639096228277,
    0.9999339477291691,
    0.9999437577283329,
    0.9579138100042587,
    0.9998113488387409,
    0.5674249773336886,
    0.9956725144758296,
    0.9579116569013859,
    0.9989010114135773,
    0.9999961644112413,
    0.9999667858050522,
    0.9998911030899734,
    0.1480479197503586,
    0.3158039720881127,
    0.990311692523059,
    0.9976121932664708,
    0.9982069208499046,
    0.24508501313237172,
    0.9999861541802967,
    0.9924227587321391,
    0.9994116865131568,
    0.9998911023630849,
    0.0005191791521117484,
    0.29421338790245793,
    0.9999097196098496,
    0.9940890095980133,
    0.9981898062059825,
    0.9999097201263901,
    0.1066898668077032,
    0.9956163399602337,
    0.34946682341747215,
    0.9997834559501049,
    0.5995126160855615,
    0.9867771658041669,
    0.9964063974185798,
    0.07453801164980234,
    0.06778650957058868,
    0.9149009549929797,
    0.9924227587321393,
    0.9999832985781519,
    0.9999151918697354,
    0.9821921079764445,
    0.004194650341218676,
    0.9987551578836084,
    0.9974971035358499,
    0.9994694942631414,
    0.023913626649654962,
    0.9991440993632548,
    0.994059634810514,
    0.9979742608964863,
    0.9997388101789547,
    0.999541687099365,
    0.8124459680957233,
    0.9626796917354777,
    0.999975699504342,
    0.9380051088636031,
    0.9418805180338669,
    0.994800958401053,
    0.9994333881689713
  ]
}