{
  "overall": 0.770173693852794,
  "per_tier": {
    "basic": 0.7637058593993779,
    "policy": 0.8719740642172107,
    "vs_human": 0.7247418650987322,
    "extreme": 0.7520504986661884
  },
  "n_questions": 100,
  "all_scores": [
    0.9913230216149858,
    0.20181322226037882,
    0.9999992179467636,
    0.9999993106389544,
    0.22270013882530884,
    0.9924227587321393,
    0.9954066116915394,
    0.9933071490757153,
    3.732197606520771e-08,
    0.7549149868676283,
    0.9999982396567868,
    0.9999957771665553,
    0.9999989698221244,
    0.999632456881818,
    0.11920292202211769,
    0.9968273171575148,
    0.9980733533636429,
    0.008577485413711986,
    0.9999251537724895,
    0.9999990577554062,
    0.8926195762839947,
    0.9997041461401949,
    0.8174364656326915,
    0.999999979864806,
    0.9999296881573309,
    0.015902809334768425,
    0.9399163659119963,
    0.9999667859317497,
    0.9976455196737989,
    0.999948553910641,
    0.9997694181017909,
    0.9999999940358542,
    0.7772998611746912,
    0.9993736658418905,
    0.9999999530884516,
    2.406106928987367e-06,
    0.9999741325689185,
    0.9999970976880148,
    0.9999949062949968,
    0.9999999586007035,
    0.03227193921308036,
    0.9999832981958888,
    0.9999998257021421,
    0.9999995262094421,
    0.022977369910025636,
    0.9999995262094421,
    0.4118743828782782,
    0.9999822214481369,
    0.9999992188516693,
    0.9925094959932785,
    0.9999756997592567,
    0.9999999961492507,
    0.8175744761936437,
    0.5312093733737563,
    0.00033533734240798196,
    0.8807970779778823,
    0.9999989630257895,
    0.9999925887201281,
    0.34864513533394575,
    0.9999999611088117,
    0.006953840840211778,
    0.9996849402807411,
    0.9999925887342639,
    4.181195206731658e-07,
    0.42936721439127123,
    0.999989216687777,
    0.999595510019142,
    0.5645669542594924,
    0.9936328554555035,
    0.7103470005777843,
    0.9999978766215375,
    0.013039990957927954,
    0.9998885494475799,
    3.120203041639957e-05,
    0.9997219690361224,
    0.999997739675702,
    0.005887366839095429,
    0.01094366898543041,
    0.43826437432371446,
    0.9999417058437098,
    0.9953904278206258,
    0.9999988634362894,
    0.9991614538909913,
    0.00020446694419885876,
    0.9999869924869913,
    0.9997694932780068,
    0.9998088956841222,
    0.002211922020058972,
    0.9700745167768499,
    0.9991946641569114,
    0.9999822214481369,
    0.7772998611746912,
    0.9999524851187128,
    0.6513548646660542,
    0.906264493324372,
    0.9999998144608981,
    0.9840936082881853,
    0.8105817212333819,
    0.9997965732159084,
    0.9986731767990323
  ]
}