{
  "overall": 0.8142637047837344,
  "per_tier": {
    "basic": 0.7612600845692873,
    "policy": 0.8801851194050101,
    "vs_human": 0.8084816162603221,
    "extreme": 0.811433930369261
  },
  "n_questions": 100,
  "all_scores": [
    0.9988641286242577,
    0.4473532474959292,
    0.9999997300427375,
    0.999942934762158,
    0.22168157749062975,
    0.9959298584183148,
    0.24508501313237172,
    0.9975290322719147,
    7.475150337987735e-05,
    0.1286647073479426,
    0.9999846689810039,
    0.9999485585711572,
    0.9998765968342634,
    0.9995122079770521,
    0.9241418199787564,
    0.531201773696871,
    0.9919488156994064,
    0.7439277809780437,
    0.9996743096552021,
    0.9998601779243528,
    0.9994115799649324,
    0.9998313488541299,
    0.5311623501408345,
    0.9999379481429994,
    0.9985897328329771,
    0.0850993420091289,
    0.9999719943449366,
    0.9997546433861036,
    0.9999832985781519,
    0.9990886310422773,
    0.9995414712293903,
    0.9999972053204055,
    0.9988304897349445,
    0.9933071490757153,
    0.9999687980886061,
    0.0002762284733156154,
    0.9996849613059188,
    0.9993167412105683,
    0.9999861107761578,
    0.9999623635887106,
    0.9998601773910474,
    0.9944400524817865,
    0.9999646443898784,
    0.9999718715423596,
    0.9401636324243948,
    0.9998204720306533,
    0.5794245789605655,
    0.9968321031327496,
    0.9700509200461556,
    0.9991441499259758,
    0.9999981261246164,
    0.9999741325689185,
    0.9999251534869945,
    0.17436441792803098,
    0.2084459877876187,
    0.9924227659036013,
    0.9992903302772133,
    0.9989679587412603,
    0.09553784658044381,
    0.9999861538501872,
    0.9950959999676017,
    0.9993332976907565,
    0.9999098172695045,
    0.0004879836272866367,
    0.18158243812161243,
    0.9999573526131544,
    0.9976004833644075,
    0.99640639741858,
    0.9999378771532906,
    0.13555136500901727,
    0.9898985430533705,
    0.40733754417962664,
    0.9999097196098496,
    0.2100735779208588,
    0.9959291779824834,
    0.9982992775885648,
    0.02595735719779685,
    0.08643938262244812,
    0.957835384581615,
    0.9924227587321393,
    0.9999921107374138,
    0.9999379511016084,
    0.9890130573694068,
    0.0043301202890110215,
    0.9995416368553064,
    0.9989691163200815,
    0.9997278095756658,
    0.002800969586489954,
    0.9995835458168467,
    0.9941097076932254,
    0.9986757219335541,
    0.999920326990139,
    0.9999038977677834,
    0.8293570748382677,
    0.9668754972587352,
    0.9999877809123265,
    0.9395645784660244,
    0.9577255550300311,
    0.9991440985477027,
    0.9997546305194572
  ]
}