{
  "overall": 0.8225166239411001,
  "per_tier": {
    "basic": 0.7692270325421944,
    "policy": 0.8854552504784234,
    "vs_human": 0.8193295528187038,
    "extreme": 0.8192710049712183
  },
  "n_questions": 100,
  "all_scores": [
    0.9986749876784724,
    0.2957405371603493,
    0.9999994796438874,
    0.9999229355081751,
    0.3196106158562322,
    0.9964036098563023,
    0.20181322226037882,
    0.9961799247248392,
    5.706453040532633e-05,
    0.4073334000459302,
    0.9999810530371029,
    0.9999334340893996,
    0.9998878879455037,
    0.9994807575005683,
    0.9613623676883836,
    0.7794897418544618,
    0.9914258714594525,
    0.4378234991142019,
    0.9995600966987481,
    0.9998601641910922,
    0.9986749245791773,
    0.9995122842258152,
    0.6327186388047017,
    0.9999339498707328,
    0.9982086082278018,
    0.0953494648991095,
    0.9999151889582765,
    0.9997694552533348,
    0.9999750048477182,
    0.9981895425356361,
    0.9993736658418905,
    0.9999972735349296,
    0.998871477664944,
    0.9902915051808356,
    0.9999687981183615,
    0.0002611903190957194,
    0.9994237426270086,
    0.9987551590693038,
    0.9999452402301955,
    0.9999698947795997,
    0.9998766047180294,
    0.9944092427293703,
    0.9999443014506532,
    0.9999452402301955,
    0.9560628254815878,
    0.999769466903178,
    0.6468367601807969,
    0.9961723758461789,
    0.9626731811936954,
    0.9987859397863728,
    0.9999954938648781,
    0.9999599363077709,
    0.9999036634303744,
    0.11920332254144252,
    0.2689526717437982,
    0.9916728652286814,
    0.9986356367819748,
    0.9983013553435468,
    0.22726126268407343,
    0.9999892165746561,
    0.993306920828937,
    0.9992445943672705,
    0.99992968842553,
    0.00048799013943523484,
    0.34864513533394575,
    0.999904196420414,
    0.995929862284104,
    0.9978312753666002,
    0.9998840806568137,
    0.08637147771680574,
    0.996405598264338,
    0.3775361864685233,
    0.9998415637808975,
    0.5621765008857982,
    0.9883477197028034,
    0.9976714555909022,
    0.060055634342066774,
    0.08479363159810431,
    0.9047447656545244,
    0.9933071490757153,
    0.9999869928963423,
    0.9999251509888678,
    0.9883127420043056,
    0.004823574268831722,
    0.9989677689632452,
    0.9976787575171844,
    0.9994807119649104,
    0.020347631897792245,
    0.9992445943672704,
    0.9928954699011485,
    0.9976768374773688,
    0.9996865664774441,
    0.9995694429186754,
    0.7886677524690111,
    0.9659608368344964,
    0.9999798541554502,
    0.9327065875640821,
    0.9344631783856501,
    0.9934637826574775,
    0.9994117100633199
  ]
}