{
  "overall": 0.8136000199804198,
  "per_tier": {
    "basic": 0.7581366997516934,
    "policy": 0.876954330155588,
    "vs_human": 0.8100973919469564,
    "extreme": 0.8118419880495884
  },
  "n_questions": 100,
  "all_scores": [
    0.9991439395001822,
    0.4792775669079338,
    0.999999746398617,
    0.9999203269901391,
    0.15185233581109328,
    0.9961755163553627,
    0.15251802288799046,
    0.9972012856875897,
    5.144579499816171e-05,
    0.18241670526922404,
    0.9999785552969903,
    0.9999516738548785,
    0.9998766054240137,
    0.9995955185021579,
    0.9149009549929797,
    0.5835070048290368,
    0.9883429081696984,
    0.7185427062387328,
    0.9996430293649623,
    0.9998381467572862,
    0.9992903133691747,
    0.9998415619680158,
    0.4687892016884393,
    0.9999242546755115,
    0.9989677689632452,
    0.08253572470894593,
    0.9999735752608283,
    0.9998088787372412,
    0.9999852610180255,
    0.9990062234666894,
    0.9993736789745359,
    0.9999974387177893,
    0.9991440977321495,
    0.9933071490757153,
    0.9999757004081187,
    0.0002780304337234824,
    0.9995955759506303,
    0.9993578168719978,
    0.9999832579137281,
    0.9999510931772554,
    0.9998766044827004,
    0.9939535755064097,
    0.9999658858672342,
    0.9999730449696387,
    0.9463386447324879,
    0.9998474356068703,
    0.6223952315979565,
    0.9975273839000948,
    0.9669140216112958,
    0.9992903769413106,
    0.9999980666378538,
    0.9999823592275032,
    0.9999148499003344,
    0.15709467078360792,
    0.20233450389530594,
    0.9896981435505806,
    0.9993334317452027,
    0.9989679371102935,
    0.07585818002124356,
    0.9999841352713186,
    0.9958807602332753,
    0.9993737362774044,
    0.9998911030899734,
    0.0006263341581095316,
    0.18144585445767245,
    0.9999573525318144,
    0.9980732671706086,
    0.9959292978401957,
    0.9999516743618128,
    0.182543894928584,
    0.990972454459846,
    0.425210803539952,
    0.9999151863702288,
    0.2054515284716033,
    0.9959298661498892,
    0.9987543620275392,
    0.025957405422428477,
    0.08509904500702024,
    0.9524846909497039,
    0.991422514586288,
    0.9999911341178176,
    0.9999378818924125,
    0.9875683491468141,
    0.00433150202056399,
    0.9996340766492056,
    0.9989676666849905,
    0.9996200249034696,
    0.005671948785210375,
    0.9995281028601221,
    0.9950945849838468,
    0.998901375683287,
    0.9998911030899734,
    0.9998911028822914,
    0.8395660195828112,
    0.968482576479457,
    0.9999852610039696,
    0.9455338275847314,
    0.9426470196815363,
    0.9990962346388095,
    0.9997219918318334
  ]
}