{
  "overall": 0.5497925260136578,
  "per_tier": {
    "basic": 0.450846342438857,
    "policy": 0.6026730087460571,
    "vs_human": 0.5963556032594904,
    "extreme": 0.5339399159960928
  },
  "n_questions": 100,
  "all_scores": [
    0.17810328541829523,
    2.4300194395419132e-05,
    0.9997219690361225,
    0.9998089266584085,
    7.484651300548535e-05,
    0.11920292202211755,
    0.004895509363156684,
    0.9399135652654069,
    6.8696040609328435e-06,
    0.010987585145511382,
    0.9999038823707913,
    0.9999582487842137,
    0.9997040474010632,
    0.58208186395781,
    0.18242552380635635,
    0.004331534924284236,
    0.01889671086378718,
    6.605239680742169e-05,
    0.9770226300899744,
    0.9997965749615717,
    0.9151382556549852,
    0.0871732909381391,
    0.9399133498259924,
    0.9888666903047248,
    0.8479692337264023,
    0.0002453694805426224,
    0.02866610280485493,
    0.9985012402042546,
    0.1285428717097311,
    0.06361914190984395,
    0.8510167059248307,
    0.9999975938976604,
    0.16451593856405722,
    0.6031952364569444,
    0.9999706885173459,
    6.205049602300743e-05,
    0.4378234991142019,
    0.9986300053768132,
    0.9998909409776716,
    0.9997219690361224,
    0.8509305948031411,
    0.9857684592186099,
    0.996814981567974,
    0.9985896952273885,
    0.0003059521339915383,
    0.9740425945775715,
    0.002050513248597335,
    0.9968316573889532,
    0.9998976999501725,
    0.37754066879814546,
    0.9998977001452742,
    0.9999623635528191,
    0.9321345018049859,
    0.015894871228652477,
    0.000709670399100526,
    0.675381256988885,
    0.9554980613644876,
    0.9890130573694068,
    0.00013982367556941589,
    0.9999978766296377,
    0.0005193048644950293,
    0.1628392202154274,
    0.9990416922115067,
    7.484066057816818e-05,
    0.015923209634093462,
    0.9994164468184277,
    0.9614166007040396,
    0.11900620756481695,
    0.8799298439650378,
    0.0010987310729246428,
    0.8077312345293476,
    0.00040448149784208087,
    0.6929513093695792,
    0.0027998244157652064,
    0.20181322226037882,
    0.8198581263731127,
    0.0015978454940173438,
    0.0031933132295179413,
    0.3486451353339458,
    0.9968528630555723,
    0.5621765008857982,
    0.9998457566806094,
    0.4073334000459302,
    0.0003318308370394353,
    0.9984999866113181,
    0.9914710377851461,
    0.9740426428022031,
    0.000870493050241593,
    0.0009110511944006028,
    0.8980915409710135,
    0.9660025800270182,
    0.1809277354054899,
    0.9922452998083306,
    0.12829906885212522,
    0.9985805138013808,
    0.9999573525318144,
    0.456185475257884,
    0.007658884317980204,
    0.9275641087919262,
    0.6513548646660542
  ]
}