{
  "overall": 0.7641257253523593,
  "per_tier": {
    "basic": 0.7591949489402129,
    "policy": 0.8742283060789227,
    "vs_human": 0.7128017880688559,
    "extreme": 0.7453351264262517
  },
  "n_questions": 100,
  "all_scores": [
    0.9796671527505313,
    0.11920292202211755,
    0.9999992661790195,
    0.999999020698976,
    0.12566037091048032,
    0.9932452792275108,
    0.9826256055033994,
    0.9917394527766172,
    6.412072794947932e-08,
    0.8933094060543487,
    0.9999992653219327,
    0.9999921107073187,
    0.999998863440625,
    0.999785875352107,
    0.09459729718670873,
    0.9933071427356314,
    0.9986427117310628,
    0.012225418398278402,
    0.9999022580352349,
    0.9999994956516297,
    0.9146511417070302,
    0.9995954012665508,
    0.904646257391768,
    0.9999999530883621,
    0.9999296885596289,
    0.01098694263059318,
    0.9043112414872946,
    0.9999491299168086,
    0.9984987548443957,
    0.9998911030899734,
    0.9997835240737566,
    0.9999999936511998,
    0.7528606570438476,
    0.9995121428772178,
    0.9999999530882726,
    5.093705003229987e-06,
    0.999955143501255,
    0.9999970976548004,
    0.9999930377437498,
    0.9999998642569454,
    0.039767045683566704,
    0.9999774240041187,
    0.999999694097773,
    0.9999995965762947,
    0.022977369910025636,
    0.9999989583524634,
    0.1815178201126487,
    0.9999892163484111,
    0.9999991221517747,
    0.9954351062638911,
    0.999962363552819,
    0.9999999917842147,
    0.8175972330333637,
    0.5621765008857981,
    0.00026119081714703896,
    0.8673849930591978,
    0.9999987121060125,
    0.9999877809239794,
    0.2676204537571705,
    0.9999999559305103,
    0.008207853224084571,
    0.9996430123489468,
    0.9999955397107205,
    9.536042516744558e-07,
    0.4378234991142019,
    0.999992588720128,
    0.9997965730219448,
    0.7307941162124185,
    0.9875683491468141,
    0.4655806276109854,
    0.9999963145284799,
    0.005911035232864041,
    0.9998601779243528,
    4.0063692229086456e-05,
    0.9995121307862924,
    0.9999973835092633,
    0.0024727642954465215,
    0.009705377904447041,
    0.4994263651503599,
    0.9998826947111974,
    0.9947798247830834,
    0.9999990577563046,
    0.9993739678231215,
    9.028056233110801e-05,
    0.9999852607087906,
    0.9999038807209674,
    0.9997834559501049,
    0.0019267346633274755,
    0.9706615998653447,
    0.9996386763174203,
    0.999977171175533,
    0.5926665999540698,
    0.9999646460419507,
    0.6513548646660542,
    0.9525785211786212,
    0.9999997126314468,
    0.9919060210429161,
    0.6926111221941049,
    0.999664614060376,
    0.9963834729567497
  ]
}