{
  "overall": 0.7652148831396026,
  "per_tier": {
    "basic": 0.7598990283633248,
    "policy": 0.8710426792513968,
    "vs_human": 0.7142263161707176,
    "extreme": 0.7491954892181436
  },
  "n_questions": 100,
  "all_scores": [
    0.9888936413105301,
    0.1496631376893632,
    0.9999987550175296,
    0.9999992334298701,
    0.20364782445996832,
    0.9933071490757153,
    0.993948828010893,
    0.9933113068854754,
    3.2241866398941e-08,
    0.7688874393456276,
    0.9999989548039991,
    0.9999957771423922,
    0.9999991684719722,
    0.999620015485248,
    0.1069683156371325,
    0.995055288099815,
    0.9980732653366725,
    0.006692850924284856,
    0.9999203177205218,
    0.9999992661776198,
    0.9055435900276936,
    0.9996201799083505,
    0.8166161253113973,
    0.9999999837877402,
    0.9999151891200267,
    0.014068785139211662,
    0.9579122720843811,
    0.9999687996656095,
    0.9970686405773888,
    0.9999430393131349,
    0.9997943517388987,
    0.9999999926509089,
    0.7310585786300049,
    0.9993736658418905,
    0.9999999367317378,
    1.6536895860212648e-06,
    0.9999771724382026,
    0.9999974416911765,
    0.9999942280799698,
    0.9999999586006244,
    0.033085917370203055,
    0.999978555337892,
    0.9999996570043188,
    0.9999996310107999,
    0.017506473282117296,
    0.9999993524052017,
    0.32441638159939923,
    0.999979854309147,
    0.9999995780662931,
    0.9943441532228329,
    0.9999741026534525,
    0.9999999966017321,
    0.7780013451500358,
    0.4980373483371121,
    0.00030609859711627774,
    0.8937193630738173,
    0.9999988634330376,
    0.9999901017607145,
    0.3487348013030087,
    0.999999944905729,
    0.006756602130253753,
    0.9996430293649623,
    0.9999945777810301,
    5.715004469664109e-07,
    0.37259036085139635,
    0.9999904837664565,
    0.9996353557133835,
    0.46189700386733923,
    0.9924249528852864,
    0.7057850278370112,
    0.9999978766215375,
    0.014363333990581465,
    0.9999038975845005,
    4.074350511362734e-05,
    0.9997388096809043,
    0.9999977396627685,
    0.0062876255253628615,
    0.008577420534254324,
    0.44204884727979576,
    0.9999314093677354,
    0.9959304962240345,
    0.9999990577554062,
    0.9989679459593802,
    0.00016865404049544065,
    0.9999852608774649,
    0.9998204720306533,
    0.9998088942263851,
    0.003593349894276571,
    0.9626722901925369,
    0.99901818289472,
    0.9999756997592568,
    0.78004231986844,
    0.9999564308089471,
    0.6109377697383964,
    0.9135851650812838,
    0.9999998802067159,
    0.9869491546001364,
    0.7549149868676283,
    0.9998204720306533,
    0.9988304897349445
  ]
}