{
  "overall": 0.548094111317194,
  "per_tier": {
    "basic": 0.4546170606148071,
    "policy": 0.5932391991090337,
    "vs_human": 0.5891667050745185,
    "extreme": 0.5392428261669006
  },
  "n_questions": 100,
  "all_scores": [
    0.15227460401546056,
    2.58674310813544e-05,
    0.999704042886487,
    0.9997982839179227,
    8.571025516457274e-05,
    0.14690238215129894,
    0.005220928029505439,
    0.9626731126558706,
    5.09370500334505e-06,
    0.008574533890853919,
    0.999907275553493,
    0.9999379502140404,
    0.9997566527859059,
    0.6492546652304596,
    0.16225970000962597,
    0.006009312366135673,
    0.023012336046492644,
    7.031170856950991e-05,
    0.9770595537586497,
    0.9998088956841223,
    0.9148825390843434,
    0.07585818002124356,
    0.9149184764534185,
    0.9887152677110264,
    0.8369102304969098,
    0.0004718890431187451,
    0.033085978388704196,
    0.9989012689270753,
    0.10623643963564033,
    0.053403329799824234,
    0.7970778152831093,
    0.9999973520003789,
    0.10669041216075514,
    0.5290177059283308,
    0.9999757002690784,
    6.205049602300743e-05,
    0.5104369259826976,
    0.998498817743263,
    0.9998601781910046,
    0.9997834245647286,
    0.8213846401987662,
    0.9857684592186099,
    0.9963878964911433,
    0.9990889488055994,
    0.00029584596209752956,
    0.966914082629797,
    0.0024204935217674484,
    0.9973818184602317,
    0.9999151889582765,
    0.32082130082460697,
    0.9999249709760237,
    0.9999646440189944,
    0.9324518672536415,
    0.019528389773957676,
    0.0004965127748803866,
    0.6542465354379151,
    0.9497198496077641,
    0.991422514586288,
    0.00017952933879580944,
    0.9999981008836301,
    0.0004419687693882901,
    0.14987031036867812,
    0.9993407018324524,
    7.031184266914625e-05,
    0.020356036091063796,
    0.9992445943672704,
    0.9638903745515363,
    0.08509919350795714,
    0.8175744761936437,
    0.0008015949881096959,
    0.8711609180986563,
    0.00031173367901723016,
    0.679178699175393,
    0.0028091164119431467,
    0.18242552380635632,
    0.8375968732960265,
    0.0015978454940173438,
    0.0023387936043048965,
    0.3213996774260688,
    0.9980732653366725,
    0.528475908481566,
    0.9998910858510236,
    0.43532145423358903,
    0.00029595542053892777,
    0.9982992775885648,
    0.992465666508725,
    0.9765109434812776,
    0.0008559218413551253,
    0.0007829898617716102,
    0.930156887494484,
    0.9639281295400116,
    0.2016194205060725,
    0.9902915235185259,
    0.15718536231818117,
    0.9986749750588535,
    0.9999485586692688,
    0.514590411439527,
    0.007577298639800918,
    0.9449625804027139,
    0.638557987822711
  ]
}