{
  "overall": 0.76752473423068,
  "per_tier": {
    "basic": 0.760257754450958,
    "policy": 0.8716839050619889,
    "vs_human": 0.7204481193095819,
    "extreme": 0.7500065551173869
  },
  "n_questions": 100,
  "all_scores": [
    0.9742746965580061,
    0.1547653326069568,
    0.99999944608382,
    0.9999993367241581,
    0.09535028752214604,
    0.9928174281615528,
    0.988388724636732,
    0.995349986459383,
    6.412072794947932e-08,
    0.9053881626095759,
    0.9999993106389544,
    0.9999861544179703,
    0.999999057753609,
    0.9998313723309226,
    0.09534946489910945,
    0.9933071554157931,
    0.9980028007103267,
    0.012431650853185818,
    0.9999151889582765,
    0.9999994675579528,
    0.9034160995843068,
    0.9998204720306533,
    0.8807970779778824,
    0.9999999384668175,
    0.9999379495039771,
    0.017986209962091555,
    0.9049159103235437,
    0.9999594857106543,
    0.9985304269573367,
    0.9999251537724895,
    0.9997694954757731,
    0.9999999928058669,
    0.7291406171093086,
    0.9995122851556046,
    0.999999935879272,
    5.77192003016332e-06,
    0.9999706876787504,
    0.9999949062852812,
    0.9999957722827783,
    0.9999999123573583,
    0.047425959345281266,
    0.9999822212446797,
    0.9999996688109336,
    0.9999996072137998,
    0.020332353342658815,
    0.9999990214607691,
    0.19791062121420913,
    0.9999785550515792,
    0.9999991148430695,
    0.9964119660862262,
    0.999957485315778,
    0.9999999913895531,
    0.8519537642553474,
    0.544307530621249,
    0.00029595711351304566,
    0.8945723571364753,
    0.999998629045408,
    0.9999916017998208,
    0.29587403361985704,
    0.9999999634651096,
    0.005911068856243817,
    0.9997040840794429,
    0.9999949062658503,
    9.910658443912368e-07,
    0.531208898394375,
    0.9999885344918278,
    0.999790615413519,
    0.6822624686800046,
    0.987575067951831,
    0.5580165417131985,
    0.9999964991455856,
    0.007781500780974974,
    0.9998476899750695,
    6.430188058847985e-05,
    0.9995125519319646,
    0.9999962733962556,
    0.0038244836446372104,
    0.010986921904924105,
    0.43782349911420193,
    0.9999151891200267,
    0.9924446576100077,
    0.9999993524052017,
    0.9993090503901341,
    0.00010229985472581484,
    0.9999798551160366,
    0.9999097187489423,
    0.9998088956841222,
    0.002182691520802338,
    0.9669140216112959,
    0.9997575864851065,
    0.9999756997592568,
    0.6513548646660543,
    0.999969896444717,
    0.7190458235755395,
    0.9414533674253344,
    0.9999997945654309,
    0.9953904278206259,
    0.7772998611746911,
    0.999620015485248,
    0.995929862284104
  ]
}