{
  "overall": 0.7316678684700336,
  "per_tier": {
    "basic": 0.7089627567026817,
    "policy": 0.8648995492789476,
    "vs_human": 0.6586502573996835,
    "extreme": 0.7310011001793425
  },
  "n_questions": 100,
  "all_scores": [
    0.9983831407047792,
    0.008581005853483523,
    0.9999999657325456,
    0.9999996618266418,
    0.005220125693558397,
    0.9873888690894753,
    0.9913767755792933,
    0.9840936232164035,
    1.851457553936342e-08,
    0.4073334000459302,
    0.9999995818804793,
    0.9999994956521109,
    0.9999995262089902,
    0.995725505036635,
    0.03794718898796523,
    0.7772996960890581,
    0.9859363994037238,
    0.00017952523048004595,
    0.9997917491005606,
    0.9999998802069444,
    0.7549149868676283,
    0.9997493357140868,
    0.9875616267543508,
    0.999999906704983,
    0.9998811745289878,
    0.0006222619560597796,
    0.8283104260412304,
    0.9999972703504846,
    0.9988687739641688,
    0.9999646438166926,
    0.9969464873083883,
    0.9999999943972036,
    0.7325212077424148,
    0.9986764961195783,
    0.9999999872328414,
    1.6510091885442787e-07,
    0.9999785546221025,
    0.9999979622971056,
    0.9999998685577287,
    0.9999998555019962,
    0.015846372507034134,
    0.9999970976880148,
    0.9999999397641505,
    0.9999994631260201,
    0.002050031281668918,
    0.9999997357341194,
    0.0019267346633274755,
    0.9999952952331097,
    0.9999989969859118,
    0.9325224724313884,
    0.9999972735297293,
    0.9999999975398555,
    0.7310585786300049,
    0.1480471980316895,
    8.480360152662847e-05,
    0.26894104636265836,
    0.9999998166705802,
    0.9999990516034067,
    1.0129990980873921e-05,
    0.9999999928058532,
    0.01437007264390544,
    0.9988304897349445,
    0.9999975938976604,
    7.811483306863209e-07,
    0.08471491958659298,
    0.9999993524052018,
    0.9989688854975278,
    0.8807970779778824,
    0.9972582355637912,
    0.6840962853536392,
    0.9999857438789019,
    0.00012435940524370466,
    0.9994545528635234,
    1.4738967918481727e-05,
    0.9978172835546547,
    0.9999997321374301,
    6.205085105777795e-05,
    9.253824281653127e-05,
    0.8518543808370278,
    0.9999417087343389,
    0.995392763890682,
    0.9999993916415435,
    0.9989677689632452,
    2.58674310813544e-05,
    0.999998629042793,
    0.9991959140643708,
    0.9999576835959214,
    0.00017953276246408386,
    0.9875705501260174,
    0.9749498606138669,
    0.9999852612429195,
    0.9594402645079165,
    0.9998204720306533,
    0.20481832891038387,
    0.9968273171575148,
    0.9999998642566865,
    0.9614775431681657,
    0.04735259835935558,
    0.9998842296746782,
    0.9548420744671019
  ]
}