{
  "overall": 0.5311752741134385,
  "per_tier": {
    "basic": 0.43867155242509864,
    "policy": 0.5955641227170124,
    "vs_human": 0.568604847640867,
    "extreme": 0.5124889493091872
  },
  "n_questions": 100,
  "all_scores": [
    0.0454761978903796,
    3.966985914946731e-06,
    0.999750442189073,
    0.999808912082899,
    0.0002305049637784948,
    0.0937152551789321,
    0.0006278701851646964,
    0.9687449019338044,
    3.852797375580863e-06,
    0.006137804228904333,
    0.9998827685141995,
    0.9999583950877741,
    0.9996326068171325,
    0.4707071440993398,
    0.1552612497180692,
    0.0011695681959191131,
    0.05437018551889097,
    1.852597119803344e-05,
    0.9780797346257956,
    0.999851161517427,
    0.9241902096322789,
    0.13990305969362923,
    0.8354840614359428,
    0.9884603470946138,
    0.950641582753238,
    0.00033535013046647816,
    0.007563255391685786,
    0.9959350468791434,
    0.04742712262398818,
    0.10783300638876617,
    0.9226771594181271,
    0.9999960330103018,
    0.01734712752697143,
    0.37754066879814546,
    0.9999667863118398,
    4.0188744790120916e-05,
    0.5975230309228401,
    0.9989669593112253,
    0.9999151887965257,
    0.9995362694757299,
    0.6224611241362161,
    0.976761409075427,
    0.9952811380782247,
    0.9990892282763338,
    0.00016866015153427227,
    0.9859363465097363,
    0.0011557356571319463,
    0.993307161755865,
    0.9999397367730646,
    0.3445972103257719,
    0.9999542241790161,
    0.9999583260341691,
    0.8341344678317169,
    0.020367069374742367,
    0.000193368725885934,
    0.6228133706739081,
    0.9796676276611428,
    0.9890130573694068,
    0.00016020663631714292,
    0.9999975939068387,
    0.00017952796934672666,
    0.04742587317756679,
    0.9982360920876581,
    3.535618330741119e-05,
    0.022489610133361215,
    0.9997787897778158,
    0.9723286844112531,
    0.05174055534802158,
    0.600515564104598,
    0.00045831290063503817,
    0.5751280657979586,
    0.0002453708842175636,
    0.5621765008857981,
    0.0009816524861256948,
    0.20196688823645617,
    0.7560329928870574,
    0.001810286849762606,
    0.007927831791795016,
    0.24342001467283958,
    0.995382939211242,
    0.5604321524170863,
    0.9999161955763809,
    0.27966400846384043,
    0.00033534693340614777,
    0.9964064042481949,
    0.991532350222639,
    0.9403723108373481,
    0.00026118882494735807,
    0.00020348692164151583,
    0.9658319745141456,
    0.9890130573694068,
    0.0703571636433058,
    0.9839426403650531,
    0.015917382619505004,
    0.9966939093486711,
    0.9999379495039771,
    0.4711548064267847,
    0.0019967773402137356,
    0.967439437767735,
    0.7981873922280792
  ]
}