{
  "Baseline": {
    "overall": 0.8666666666666667,
    "per_tier": {
      "q1": 0.8571428571428571,
      "q2": 1.0,
      "q3": 1.0,
      "q4": 0.6666666666666666
    }
  },
  "Variant A (2-step)": {
    "overall": 0.8666666666666667,
    "per_tier": {
      "q1": 1.0,
      "q2": 1.0,
      "q3": 0.5714285714285714,
      "q4": 0.8888888888888888
    }
  }
}