{
  "baseline": {
    "overall": 0.663694620202682,
    "per_tier": {
      "basic": 0.9999999977010539,
      "policy": 0.7521886510900365,
      "vs_human": 0.5109814784145995,
      "extreme": 0.5332081564002801
    }
  },
  "variants": {
    "P3-A (primed)": {
      "mean": 0.774699837654038,
      "std": 0.010132548122332437,
      "n_seeds": 3,
      "all_overalls": [
        0.7890289718642205,
        0.7676339202676864,
        0.7674366208302071
      ],
      "per_tier": {
        "basic": {
          "mean": 0.9999180971958751,
          "std": 2.4766307038933862e-05
        },
        "policy": {
          "mean": 0.935830687644275,
          "std": 0.02152558885566526
        },
        "vs_human": {
          "mean": 0.7448691909886355,
          "std": 0.00924738865566559
        },
        "extreme": {
          "mean": 0.5469644112980582,
          "std": 0.010209240123081626
        }
      }
    },
    "P3-B (unprimed)": {
      "mean": 0.6490542202141458,
      "std": 0.006225349253796825,
      "n_seeds": 3,
      "all_overalls": [
        0.6576407951147724,
        0.6464448296147622,
        0.6430770359129029
      ],
      "per_tier": {
        "basic": {
          "mean": 0.9999985816633341,
          "std": 1.0589133742261008e-06
        },
        "policy": {
          "mean": 0.7103072289892385,
          "std": 0.007434278606346612
        },
        "vs_human": {
          "mean": 0.49298857214776975,
          "std": 0.015081540285156889
        },
        "extreme": {
          "mean": 0.5303216214643346,
          "std": 0.0019882144838153297
        }
      }
    },
    "P3-C (anti)": {
      "mean": 0.6256874199941208,
      "std": 0.007704363248750824,
      "n_seeds": 3,
      "all_overalls": [
        0.632298477274049,
        0.6298823087314886,
        0.6148814739768246
      ],
      "per_tier": {
        "basic": {
          "mean": 0.9999837266567385,
          "std": 7.020478604475722e-06
        },
        "policy": {
          "mean": 0.6990023020692279,
          "std": 0.02241803212251354
        },
        "vs_human": {
          "mean": 0.4596231714328524,
          "std": 0.012900231864779822
        },
        "extreme": {
          "mean": 0.4933442093969058,
          "std": 0.002197162630255597
        }
      }
    },
    "P3-D (style)": {
      "mean": 0.6678584044902792,
      "std": 0.005888263938594681,
      "n_seeds": 3,
      "all_overalls": [
        0.6670483679240666,
        0.6610860027015992,
        0.6754408428451718
      ],
      "per_tier": {
        "basic": {
          "mean": 0.9999943712140995,
          "std": 5.864445405531257e-06
        },
        "policy": {
          "mean": 0.7723823054926845,
          "std": 0.01640377068731941
        },
        "vs_human": {
          "mean": 0.5157969185694835,
          "std": 0.01111168667049834
        },
        "extreme": {
          "mean": 0.5288133119269247,
          "std": 0.0019828508938005067
        }
      }
    }
  },
  "statistical_tests": {
    "p3a_vs_p3b": {
      "statistic": 2035.0,
      "p_value": 0.0920311845328354,
      "significant_005": false,
      "significant_001": false,
      "n_nonzero_diffs": 100
    }
  }
}