{
  "baseline": {
    "overall": 0.663694620202682,
    "per_tier": {
      "basic": 0.9999999977010539,
      "policy": 0.7521886510900365,
      "vs_human": 0.5109814784145995,
      "extreme": 0.5332081564002801
    }
  },
  "variants": {
    "P3-A (primed)": {
      "mean": 0.7753532358556156,
      "std": 0.010661646464337907,
      "n_seeds": 3,
      "all_overalls": [
        0.7904310803134694,
        0.7678107255396992,
        0.7678179017136781
      ],
      "per_tier": {
        "basic": {
          "mean": 0.9999050564147279,
          "std": 3.257540677983584e-05
        },
        "policy": {
          "mean": 0.9367815263198637,
          "std": 0.022320912695714224
        },
        "vs_human": {
          "mean": 0.7454585342478818,
          "std": 0.009680078196073423
        },
        "extreme": {
          "mean": 0.5479278634477758,
          "std": 0.011097996297019982
        }
      }
    },
    "P3-B (unprimed)": {
      "mean": 0.6498763848983292,
      "std": 0.0064170932165655845,
      "n_seeds": 3,
      "all_overalls": [
        0.6585966447880806,
        0.6476925887092305,
        0.6433399211976767
      ],
      "per_tier": {
        "basic": {
          "mean": 0.9999985744899028,
          "std": 1.0274108075210526e-06
        },
        "policy": {
          "mean": 0.7108741212529273,
          "std": 0.008892324580825606
        },
        "vs_human": {
          "mean": 0.4950891251568698,
          "std": 0.014857219942005574
        },
        "extreme": {
          "mean": 0.5305836940090077,
          "std": 0.001797397935542455
        }
      }
    },
    "P3-C (anti)": {
      "mean": 0.6257655413195803,
      "std": 0.00832322049446992,
      "n_seeds": 3,
      "all_overalls": [
        0.6319308176323608,
        0.6313665674294804,
        0.6139992388968998
      ],
      "per_tier": {
        "basic": {
          "mean": 0.9999846677917508,
          "std": 6.562003605031947e-06
        },
        "policy": {
          "mean": 0.6984077668585459,
          "std": 0.02456122705545245
        },
        "vs_human": {
          "mean": 0.4598495736429251,
          "std": 0.012806374733498223
        },
        "extreme": {
          "mean": 0.4937739409888115,
          "std": 0.00147661965983739
        }
      }
    },
    "P3-D (style)": {
      "mean": 0.6680187210155144,
      "std": 0.007090064436519135,
      "n_seeds": 3,
      "all_overalls": [
        0.6671369453245977,
        0.6598097317350148,
        0.6771094859869308
      ],
      "per_tier": {
        "basic": {
          "mean": 0.9999935737319214,
          "std": 7.125451899854211e-06
        },
        "policy": {
          "mean": 0.7705400544515496,
          "std": 0.019461324304680408
        },
        "vs_human": {
          "mean": 0.5176615043125159,
          "std": 0.014017681894729557
        },
        "extreme": {
          "mean": 0.5287118136168848,
          "std": 0.002240871601146593
        }
      }
    }
  },
  "statistical_tests": {
    "p3a_vs_p3b": {
      "statistic": 2004.0,
      "p_value": 0.07323438184371944,
      "significant_005": false,
      "significant_001": false,
      "n_nonzero_diffs": 100
    }
  }
}