{
  "overall": 0.6771094859869308,
  "per_tier": {
    "basic": 0.9999835068358284,
    "policy": 0.7911625738278586,
    "vs_human": 0.5372996741937435,
    "extreme": 0.5256345586535677
  },
  "n_questions": 100,
  "all_scores": [
    0.999999789756659,
    0.9999998642564276,
    0.9999999867197225,
    0.9999993473397496,
    0.999999931744036,
    0.9999999123575255,
    0.9999975938976604,
    0.9999999677581337,
    0.9999998902111599,
    0.9999999680508118,
    0.9999999732705793,
    0.9999987901343165,
    0.9999997761973448,
    0.9996849619066174,
    0.999999906705072,
    0.9999921107374138,
    0.9999996743687808,
    0.9999999515992268,
    0.9999996072137998,
    0.9999991324915302,
    0.999994577801714,
    0.9999999677580722,
    0.9999724654117563,
    0.9999988634384571,
    0.9551009218879851,
    0.9999998257024746,
    0.9996854022108489,
    0.9996849613059187,
    0.8670361995779794,
    0.9999992887563015,
    0.9997922005381604,
    0.9999999771370495,
    1.1139005253505869e-06,
    0.9999999692346548,
    7.95494579245943e-06,
    0.9999999915232398,
    0.001968232570062652,
    0.9999998642564276,
    1.0129990980873921e-05,
    0.9999995686087696,
    0.9994275199911614,
    0.9999987121060125,
    4.5397868702434395e-05,
    0.9999995417252965,
    0.3530190322724472,
    0.9999999878564667,
    0.03598376881949097,
    0.9999999416176353,
    0.0001673430604794584,
    0.9999957771746097,
    0.9509185521918022,
    0.9999999132238098,
    2.3320745258447814e-06,
    0.9998840806568137,
    1.473895386255897e-05,
    0.9999999008037365,
    0.00013982207564732912,
    0.9997694932780069,
    8.882284597785543e-08,
    0.9999996533680401,
    4.546823199219928e-08,
    3.958838371620477e-05,
    0.37754066879814546,
    0.9998601781910046,
    5.775592242651432e-07,
    0.9999910498624118,
    0.40210731490235946,
    6.205931332103898e-05,
    2.339899436386523e-05,
    0.9999997463981333,
    1.1843139025979654e-05,
    0.9999990214635688,
    2.7264702706959303e-06,
    0.9999999442187507,
    1.2359569488020953e-07,
    0.9999962733607158,
    8.618170600182626e-07,
    0.9992903323061508,
    6.475960333943577e-07,
    0.8935815955508865,
    2.1444989323068844e-05,
    0.9999646437492583,
    4.1891298692654035e-07,
    0.9999741023570868,
    4.222833444659923e-06,
    0.9931245335284212,
    2.37744460719697e-06,
    0.9027898618416611,
    1.3363855381864394e-07,
    0.9999997761971314,
    2.753563859591693e-05,
    0.9999964991455856,
    0.00096972055464737,
    0.9999995389530751,
    1.0348511663654485e-06,
    0.9999885212318729,
    0.9793277508608241,
    0.9998909767462387,
    0.00012505648863655783,
    0.9999452401257551
  ]
}