{
  "overall": 0.6139992388968998,
  "per_tier": {
    "basic": 0.9999754882499357,
    "policy": 0.6636741295369099,
    "vs_human": 0.44185665822056147,
    "extreme": 0.4957077262445408
  },
  "n_questions": 100,
  "all_scores": [
    0.999969560507748,
    0.9999992188516693,
    0.9999991148430695,
    0.9999949458379241,
    0.9999785553992442,
    0.9999998998789856,
    0.9998313474068234,
    0.9999989969878249,
    0.9999766377956056,
    0.9999999295772921,
    0.9999962733784857,
    0.9999958737368128,
    0.9999724643088853,
    0.9999087107182284,
    0.9999824329104601,
    0.9999796966949941,
    0.9999687975827578,
    0.9999994956525918,
    0.9999599363077709,
    0.9999978766215376,
    0.9984988163137726,
    0.9999996940977731,
    0.9990302480322174,
    0.9999970977046219,
    0.017992089625086867,
    0.9999995691116265,
    0.6331486980954155,
    0.9997546319231243,
    0.002472627861132363,
    0.9999975829780418,
    0.6224597794357591,
    0.9999999027819992,
    3.4437129655412847e-07,
    0.9999998412996892,
    7.784392873450581e-06,
    0.9999999545316379,
    5.0830998327948405e-05,
    0.9999995407864384,
    7.484579927034177e-05,
    0.9999987105980925,
    0.1895026346448965,
    0.9999988634362893,
    1.3846004563753395e-05,
    0.9999979000843052,
    0.006447271723124019,
    0.9999998942831997,
    0.04242923927924685,
    0.9999998257023084,
    2.7264728708547517e-06,
    0.999979854366783,
    0.0007096710754150419,
    0.9999995151199741,
    9.349333938210103e-07,
    0.9999832985781519,
    8.939704830285779e-06,
    0.9999995818820744,
    0.00015843561481322305,
    0.9999898699993585,
    2.382366827930832e-07,
    0.9999987901354703,
    1.5381732286313315e-07,
    0.0012311953153452126,
    0.008577615174086813,
    0.9959298622841039,
    4.993632432186646e-07,
    0.9999659550265443,
    0.007577241267860811,
    0.0031742697099760298,
    2.2270976025934982e-05,
    0.9999993524045842,
    9.223487702344897e-06,
    0.9999785550515791,
    1.5689549727726036e-05,
    0.9999997690928675,
    3.466326211119808e-07,
    0.999992588720128,
    3.966985914946731e-06,
    0.9890115442911326,
    4.059116155939213e-06,
    0.9997388119221237,
    1.3007128466476033e-05,
    0.9996646521074789,
    2.123378462433771e-06,
    0.9999904837483058,
    1.6720928430574424e-05,
    0.89330922426918,
    8.939696304799167e-06,
    0.9770226300899744,
    3.156126029050899e-07,
    0.9999989651468598,
    5.928235322933887e-06,
    0.9999555594028119,
    3.120194114951375e-05,
    0.9999975175199628,
    4.084527578017458e-06,
    0.9999810748517539,
    0.012699418228710376,
    0.9998798530977446,
    3.535625074174431e-05,
    0.9998601763244306
  ]
}