{
  "overall": 0.6464448296147622,
  "per_tier": {
    "basic": 0.9999994394095376,
    "policy": 0.7052335004863751,
    "vs_human": 0.49039093051033517,
    "extreme": 0.5276032082749305
  },
  "n_questions": 100,
  "all_scores": [
    0.9999998944838413,
    0.9999999873739035,
    0.9999999913222027,
    0.9999998940253931,
    0.9999999176673572,
    0.9999999970608304,
    0.9999985406223871,
    0.999999996493853,
    0.9999998461828238,
    0.9999999977713573,
    0.9999999913144034,
    0.9999999395236647,
    0.9999997126317208,
    0.9999925887271959,
    0.9999999397642078,
    0.9999992661790195,
    0.9999994914535425,
    0.9999999920913122,
    0.9999998802071729,
    0.9999999232945618,
    0.9999975984688099,
    0.9999999969573545,
    0.9999925887271959,
    0.999999931020484,
    0.11952110015255442,
    0.9999999917947697,
    0.9877953285004427,
    0.9999756997592567,
    0.0003331825131035155,
    0.9999999409653726,
    0.9953522767521535,
    0.9999999984943903,
    2.5360186670104374e-07,
    0.9999999987101618,
    2.7264702706959303e-06,
    0.9999999991407825,
    0.0016986996422114458,
    0.9999999873739276,
    7.33820980525408e-07,
    0.9999999768614145,
    0.988997906933717,
    0.9999999559306784,
    7.889262586245034e-06,
    0.9999999326512858,
    0.0675466911396291,
    0.9999999974113543,
    0.001700722411435288,
    0.9999999978059134,
    1.3007128466476033e-05,
    0.9999996940977731,
    0.6513548646660542,
    0.9999999956365377,
    1.0571700198118315e-07,
    0.9999785606135455,
    2.701276773147488e-08,
    0.9999999793550102,
    1.7631757536523112e-05,
    0.9999756997592567,
    1.0145334244447994e-08,
    0.999999969907928,
    4.79232572973579e-09,
    2.1531117774808983e-05,
    0.000487857122782266,
    0.9999970976880148,
    3.889104003125137e-08,
    0.9999981261246164,
    0.0015058582269403854,
    0.00012237665258596486,
    2.4061023397180246e-06,
    0.9999999792478238,
    1.602810987828144e-06,
    0.999999906705072,
    6.8936104552113e-07,
    0.9999999979388444,
    3.05254033275943e-08,
    0.9999992188516693,
    8.764247451323235e-08,
    0.9999688261651899,
    5.152235470472121e-08,
    0.999986154021845,
    8.851569304133282e-07,
    0.9999970976880148,
    1.8250998633725016e-08,
    0.9999984300313166,
    1.84243251668554e-06,
    0.9997694932780069,
    1.520733081280522e-06,
    0.9988304897349445,
    1.8222458532720017e-08,
    0.9999999847699914,
    2.2603242979035742e-06,
    0.9999999006880668,
    2.3904991685644125e-06,
    0.9999999500629166,
    8.494599927902555e-08,
    0.999997962293219,
    0.8295336749571989,
    0.9999978766215376,
    8.704324347234145e-06,
    0.9999970976880148
  ]
}