{
  "overall": 0.6598097317350148,
  "per_tier": {
    "basic": 0.9999989961522726,
    "policy": 0.7444443566527674,
    "vs_human": 0.5054972495827871,
    "extreme": 0.5309062876639022
  },
  "n_questions": 100,
  "all_scores": [
    0.9999998675695092,
    0.9999999434137637,
    0.9999999947709863,
    0.9999998461823838,
    0.9999999745872596,
    0.9999999445732953,
    0.9999975938838923,
    0.9999999847522322,
    0.9999998724809571,
    0.9999999777865561,
    0.9999999907625593,
    0.9999996662235725,
    0.9999998024944682,
    0.999986154021845,
    0.9999999500628214,
    0.999998259106458,
    0.999999694097773,
    0.9999999816291731,
    0.9999997463981333,
    0.999999678247813,
    0.9999972052964186,
    0.9999999863479606,
    0.999981074851754,
    0.9999992204516935,
    0.5182276022782764,
    0.9999999226557131,
    0.9990889496736535,
    0.999928902671384,
    0.3718099669518532,
    0.9999997830828203,
    0.9996501679229163,
    0.9999999883227474,
    2.309073527472517e-07,
    0.9999999824704345,
    6.727053440702535e-06,
    0.9999999942193517,
    0.0001932400748538429,
    0.9999999081516509,
    4.495181578513687e-06,
    0.999999784489495,
    0.9975273768433653,
    0.9999994738298377,
    4.785094494890118e-06,
    0.999999738348447,
    0.0774332719529663,
    0.9999999884136426,
    0.009709118321040829,
    0.9999999737805977,
    1.0118173287479418e-05,
    0.9999963519378688,
    0.9313644209113878,
    0.9999999515992268,
    7.571149413053982e-07,
    0.99997777391993,
    7.112436985392046e-07,
    0.9999999598744259,
    1.9565924049733242e-05,
    0.999937949503977,
    7.614510230069742e-08,
    0.9999998838925889,
    3.09411232623729e-08,
    4.832439391666554e-05,
    0.04208772791561884,
    0.9999687980290949,
    2.019246673351475e-07,
    0.9999967112509346,
    0.10674241375774811,
    8.678717145660375e-05,
    5.318744096072777e-06,
    0.9999999265300801,
    4.785486963374196e-06,
    0.9999995652344496,
    1.5057017254045332e-06,
    0.9999999808881422,
    6.513035816764148e-08,
    0.999998751729105,
    4.450850519411503e-07,
    0.9999472709982633,
    2.868231520497656e-07,
    0.9996324631887408,
    7.646537350121258e-06,
    0.9999885212318729,
    2.101286842337585e-07,
    0.9999955048184215,
    1.0201334399799232e-06,
    0.9965241816246488,
    9.287163750883174e-07,
    0.9669140216112959,
    1.5106421354404123e-07,
    0.9999997671704016,
    5.457610554152342e-06,
    0.9999994405498249,
    0.0004357439393799293,
    0.9999996629834269,
    4.823332686960755e-07,
    0.9999953621267026,
    0.9642683216906156,
    0.9994478448365874,
    3.120191139396651e-05,
    0.9999880386326584
  ]
}