{
  "overall": 0.6754408428451718,
  "per_tier": {
    "basic": 0.9999861067521272,
    "policy": 0.7913128318776275,
    "vs_human": 0.5311866432479092,
    "extreme": 0.526083540482827
  },
  "n_questions": 100,
  "all_scores": [
    0.9999998257021421,
    0.9999998461823838,
    0.9999999901667861,
    0.9999992369629465,
    0.999999931744036,
    0.9999999123575255,
    0.9999974387226745,
    0.9999999687500519,
    0.9999998802070585,
    0.999999968546138,
    0.9999999778405317,
    0.9999987901343165,
    0.9999997816586351,
    0.9997388027080989,
    0.999999906705072,
    0.9999908510643702,
    0.9999996506557028,
    0.9999999403601082,
    0.9999996072137998,
    0.9999988273601632,
    0.9999952149374488,
    0.9999999728143377,
    0.9999771727429745,
    0.9999988634362893,
    0.9579122720843811,
    0.9999998633654541,
    0.9997215801612198,
    0.9996200154852481,
    0.8670357598021706,
    0.9999994041059522,
    0.9997930912081833,
    0.9999999796555333,
    1.067700833566654e-06,
    0.9999999795058617,
    1.0129990980873921e-05,
    0.9999999912541585,
    0.0021827164453451808,
    0.9999998642564276,
    1.0129990980873921e-05,
    0.9999995686087696,
    0.9993738914463637,
    0.9999986290427931,
    4.83820787831089e-05,
    0.9999995818812769,
    0.3208217164264675,
    0.9999999880458292,
    0.04208772791561884,
    0.9999999416176353,
    0.00019110431587777675,
    0.9999954079948882,
    0.9483901148260291,
    0.9999998446471233,
    1.794586964133816e-06,
    0.9998840806568137,
    1.1478768127080351e-05,
    0.9999998909269725,
    0.00013982207564732912,
    0.9997546291157824,
    9.93117438364207e-08,
    0.9999996574965869,
    4.993717857745365e-08,
    4.5944764375582814e-05,
    0.247378967716794,
    0.9998601779243527,
    5.425666988088827e-07,
    0.9999904837483058,
    0.37754066879814546,
    6.599189276412787e-05,
    1.8925148246037342e-05,
    0.99999976176309,
    1.722332534778463e-05,
    0.9999990577554061,
    3.84493505874534e-06,
    0.9999999176675142,
    1.2359569488020953e-07,
    0.9999963022839655,
    7.811483306372579e-07,
    0.9992454663424956,
    7.780420780477098e-07,
    0.9322730071271583,
    2.4300240743279598e-05,
    0.9999687980290949,
    3.9353309269290646e-07,
    0.9999833180619785,
    3.5762608095513236e-06,
    0.9914191077314443,
    2.902311985211097e-06,
    0.8912540227777306,
    1.532050802641936e-07,
    0.99999976176309,
    2.8409742946109783e-05,
    0.9999972735297293,
    0.000855905530070155,
    0.9999994796438874,
    9.721546189381596e-07,
    0.9999881810738939,
    0.967451241850229,
    0.9999087114146441,
    0.00013796317649607322,
    0.9999452402301955
  ]
}