{
  "overall": 0.6298823087314886,
  "per_tier": {
    "basic": 0.99998745198282,
    "policy": 0.7123329251589563,
    "vs_human": 0.4664377873397116,
    "extreme": 0.49162299033739976
  },
  "n_questions": 100,
  "all_scores": [
    0.9999892166774934,
    0.9999989969859118,
    0.9999996305805331,
    0.9999957771665553,
    0.9999921108577925,
    0.999999931743971,
    0.9999221533938477,
    0.99999893229713,
    0.9999921107298901,
    0.999999971488361,
    0.9999988634341214,
    0.999992530735639,
    0.9999904838935099,
    0.999937949503977,
    0.9999952149009417,
    0.9999810748517539,
    0.9999877807025728,
    0.9999997300422225,
    0.999981074851754,
    0.9999955048184215,
    0.9994472213630764,
    0.9999998362623137,
    0.9994425770247959,
    0.9999950952229779,
    0.24400465220808126,
    0.9999991206167193,
    0.9890973074633941,
    0.9997219695662766,
    0.04640942801169345,
    0.9999974387177892,
    0.9679069075512367,
    0.9999997606818967,
    8.579235380478507e-07,
    0.9999998979434095,
    8.398056017050112e-06,
    0.9999999515991345,
    0.0003150471039840222,
    0.9999993723307837,
    0.00031503448921415725,
    0.9999986290427931,
    0.7549149868676283,
    0.9999967112509346,
    6.205061436770525e-05,
    0.9999981261246164,
    0.037304892914113076,
    0.9999999068432336,
    0.11858510929445457,
    0.9999998299555659,
    8.939679253850334e-06,
    0.999940130173877,
    0.007406757192266343,
    0.99999893229713,
    2.7264702706959303e-06,
    0.999907775194438,
    7.031170856950991e-05,
    0.9999994956525918,
    0.0008888417838766108,
    0.9999785550924811,
    9.132548018955538e-07,
    0.999997739675702,
    2.3823690999334297e-07,
    0.00040938284365876765,
    0.029312230751356316,
    0.9946042635623015,
    1.3314995809436814e-06,
    0.9999452401257551,
    0.0478433679690622,
    0.001927827999292142,
    2.8224492440802585e-05,
    0.9999987806708167,
    1.3419987908506915e-05,
    0.9999578605420104,
    2.6634017332824798e-05,
    0.9999991079194207,
    7.261215847316752e-07,
    0.9999832985781519,
    7.411279871974134e-06,
    0.9892424112409145,
    4.222833444659923e-06,
    0.9997546305194573,
    1.1236737169236963e-05,
    0.9996845904564048,
    4.809534378457912e-06,
    0.9999822214142274,
    2.120809309421959e-05,
    0.7817188195061091,
    3.461077813380041e-05,
    0.9048014611346933,
    4.0190916198715904e-07,
    0.9999973574141792,
    9.687833495459401e-06,
    0.9999452400213146,
    0.00019110431587777675,
    0.9999956520275852,
    6.339210403977636e-06,
    0.9999627793754563,
    0.07401342538096194,
    0.9994744567400701,
    4.801217723356025e-05,
    0.9997965730219448
  ]
}