{
  "overall": 0.6610860027015992,
  "per_tier": {
    "basic": 0.999999104761228,
    "policy": 0.7513044664776415,
    "vs_human": 0.505350392781248,
    "extreme": 0.5307339020648366
  },
  "n_questions": 100,
  "all_scores": [
    0.9999998724808354,
    0.999999948477547,
    0.9999999960529333,
    0.9999998710562821,
    0.9999999697115696,
    0.9999999606965804,
    0.9999975938976604,
    0.9999999852385977,
    0.9999999014589448,
    0.9999999795058617,
    0.9999999888575196,
    0.9999996072137998,
    0.9999998024944682,
    0.9999885212099792,
    0.9999999652953321,
    0.9999979829846954,
    0.9999996940980648,
    0.9999999879677335,
    0.9999998024946565,
    0.9999996640314991,
    0.9999974386982482,
    0.9999999879521175,
    0.9999843092233005,
    0.9999992444344142,
    0.6512695306325761,
    0.9999999176413634,
    0.9989928536928623,
    0.9999379493856323,
    0.3762716646522172,
    0.9999997542006406,
    0.9994474789470932,
    0.9999999904693041,
    2.438921163077154e-07,
    0.999999982194384,
    3.738271830956485e-06,
    0.9999999935586704,
    0.00018153610689001655,
    0.9999999284291281,
    3.967001047765886e-06,
    0.9999998201689921,
    0.9979550293624776,
    0.9999994956521108,
    3.862384509124734e-06,
    0.9999997907068974,
    0.053517218847875525,
    0.9999999900119355,
    0.012431650853185818,
    0.9999999677204758,
    1.078329165569085e-05,
    0.9999964991455856,
    0.939913242106014,
    0.9999999493902659,
    6.09605369411797e-07,
    0.999976340494837,
    8.579235380478507e-07,
    0.9999999611088858,
    3.321413159904037e-05,
    0.9999452399168739,
    7.124712069662117e-08,
    0.9999998838925889,
    4.0526146595296484e-08,
    5.8289875986661244e-05,
    0.04379877286424237,
    0.9999568761662444,
    2.6165205199192004e-07,
    0.9999974387177892,
    0.11281888583669757,
    9.38962002411392e-05,
    3.7266463921671947e-06,
    0.9999999371578466,
    5.422218970016178e-06,
    0.9999995073456477,
    1.602810987828144e-06,
    0.9999999814761522,
    1.0407801195195135e-07,
    0.9999985762371697,
    4.3139123041738974e-07,
    0.9999452402301955,
    2.2775951839182335e-07,
    0.9997125567698064,
    1.049895992247579e-05,
    0.9999919134001021,
    2.3454383727425106e-07,
    0.9999955048184215,
    1.209865683527418e-06,
    0.9974435442292391,
    1.4739451121076974e-06,
    0.9669140216112959,
    1.3346610108074943e-07,
    0.9999997542006406,
    7.183260399857925e-06,
    0.9999993384563408,
    0.00033535013046647816,
    0.9999995818812769,
    3.7479993221022036e-07,
    0.9999947446042929,
    0.9579122720843811,
    0.9997219377552456,
    3.120191139396651e-05,
    0.9999931377033228
  ]
}