{
  "overall": 0.7674366208302071,
  "per_tier": {
    "basic": 0.9999327931690397,
    "policy": 0.9189176625741615,
    "vs_human": 0.7386206259436999,
    "extreme": 0.5402678063281898
  },
  "n_questions": 100,
  "all_scores": [
    0.999999882732709,
    0.9999994103525688,
    0.9999999764113464,
    0.9999960638252323,
    0.9999998412999919,
    0.9999998257024746,
    0.9999995813929232,
    0.9999997357353795,
    0.9999998412999919,
    0.999999897535568,
    0.9999999545316812,
    0.9999993523990258,
    0.99999977437427,
    0.9986749700109723,
    0.9999999338439248,
    0.9999938558605547,
    0.9999997126306246,
    0.9999989969878249,
    0.9999998942827965,
    0.9999953621709324,
    0.999999463124484,
    0.9999998315904078,
    0.9999949062609927,
    0.9999990620140727,
    0.9999910603718987,
    0.9999971202244867,
    0.9999978741333719,
    0.9998434517289037,
    0.9988304919629974,
    0.99998739305376,
    0.9999949063290007,
    0.9999996533673788,
    0.8808001819631973,
    0.9999996640321399,
    0.35279602075044736,
    0.9999999616955477,
    0.9804649989977419,
    0.9999991684719723,
    0.16565900969740774,
    0.9999990317130203,
    0.999997593911428,
    0.9999970976880148,
    0.9715178751878479,
    0.9999984942925308,
    0.9995695377185971,
    0.9999998284099434,
    0.9998089073456191,
    0.9999999530884515,
    0.9481367628538308,
    0.999983483169018,
    0.9999516727949077,
    0.9999995549149481,
    0.00040447918432315577,
    0.9991542768589285,
    0.9992649019300428,
    0.9999997761975583,
    0.29419318901675706,
    0.9999090133316924,
    1.7089066495816068e-05,
    0.9999995407864384,
    2.9665246461372227e-05,
    7.880194186404843e-06,
    0.9989132484116799,
    0.9999212067622456,
    0.0001398258088273388,
    0.9999848924349496,
    0.9465966702001757,
    9.027496662339374e-05,
    0.0010322310367548194,
    0.9999998555017207,
    0.2465453923699279,
    0.9999893004604289,
    0.0008559251036493892,
    0.999999746398617,
    6.605214485464791e-05,
    0.9999796967724434,
    6.5404247521331215e-06,
    0.9998911024669264,
    0.0003799932087018349,
    0.8718587013416714,
    0.0011694233741339408,
    0.9996776452559288,
    4.636528900202685e-06,
    0.999982007217335,
    0.053403329799824234,
    0.9750043973435779,
    4.832683640412144e-05,
    0.047425183841205865,
    1.5057017254045332e-06,
    0.99999889840464,
    0.008028458403811875,
    0.9999975175152279,
    0.9721145013722433,
    0.999998709956046,
    2.8410609931256825e-05,
    0.9715314887632763,
    0.9998840687182585,
    0.9999932519484099,
    0.06017407047388937,
    0.99999590708895
  ]
}