{
  "overall": 0.6430770359129029,
  "per_tier": {
    "basic": 0.9999970897051516,
    "policy": 0.7048694015911707,
    "vs_human": 0.47595385867814494,
    "extreme": 0.5310586001673164
  },
  "n_questions": 100,
  "all_scores": [
    0.999999789756659,
    0.9999999904693132,
    0.9999999874045712,
    0.9999998726695587,
    0.9999999316650314,
    0.9999999965977663,
    0.9999964991556016,
    0.9999999953551097,
    0.999999776196918,
    0.9999999978734143,
    0.9999999895325883,
    0.999999953088362,
    0.9999995818812769,
    0.9999485577862578,
    0.9999998555018585,
    0.9999992661790195,
    0.9999991148422255,
    0.9999999947366699,
    0.9999997300424799,
    0.999999913368347,
    0.9999945946484068,
    0.9999999961492544,
    0.9999843108692164,
    0.9999999273418355,
    0.10553103270166886,
    0.9999999941816315,
    0.9904536844145315,
    0.9999687980886061,
    0.00149652078452991,
    0.9999999572864673,
    0.9947368664803317,
    0.999999998896743,
    3.6844240819453703e-07,
    0.9999999984920307,
    1.2736667333918488e-06,
    0.9999999991672195,
    0.005220130645873186,
    0.9999999907625504,
    6.083590367132096e-07,
    0.9999999804443379,
    0.9914221577405745,
    0.9999999610639074,
    3.500854414401442e-06,
    0.9999999500627738,
    0.11955643162640976,
    0.9999999988729729,
    0.00018195322468852454,
    0.999999996267733,
    1.0129990980873921e-05,
    0.9999997463981333,
    0.16452432804519843,
    0.9999999978059113,
    8.764247451323235e-08,
    0.9999892150011254,
    8.809027883007092e-08,
    0.9999999938150912,
    7.411279871974134e-06,
    0.9999821504362726,
    9.329640087397161e-09,
    0.9999999750176312,
    3.7206602269804577e-09,
    4.264677680021478e-05,
    0.000709570311662589,
    0.9999954868633325,
    3.506055145140828e-08,
    0.9999987901343165,
    0.0019267419990895397,
    0.0002630060182345906,
    2.4061023397180246e-06,
    0.9999999907912775,
    1.1926566164737256e-06,
    0.999999963465214,
    3.980770141794107e-07,
    0.9999999981045632,
    2.433746095258e-08,
    0.9999994641439391,
    9.329483898491436e-08,
    0.9999869928715335,
    3.0288430461900305e-08,
    0.9999641674847237,
    4.571393591422803e-07,
    0.9999987878360416,
    1.837087944847985e-08,
    0.9999993916403831,
    8.403434919100971e-07,
    0.9999038975845005,
    5.368750039367666e-07,
    0.9994517705948409,
    2.2159489282323004e-08,
    0.9999999928058739,
    9.422445939071363e-07,
    0.9999999006881615,
    1.459376221076886e-06,
    0.9999999697115696,
    9.329510590394667e-08,
    0.9999972735297293,
    0.9324533088603709,
    0.9999939065515241,
    5.557852766588919e-06,
    0.999997552835254
  ]
}