{
  "overall": 0.7678107255396992,
  "per_tier": {
    "basic": 0.9998593273952835,
    "policy": 0.923793797720396,
    "vs_human": 0.7379883384495182,
    "extreme": 0.538945329939026
  },
  "n_questions": 100,
  "all_scores": [
    0.9999997690933078,
    0.9999996843879991,
    0.9999999638264383,
    0.9999980052550599,
    0.9999998219459858,
    0.9999999202007704,
    0.9999991684751444,
    0.9999998764043051,
    0.9999997542006405,
    0.9999999545315945,
    0.9999999444158694,
    0.9999992428850587,
    0.9999997300422225,
    0.9971988705851168,
    0.9999999176675142,
    0.9999975175199628,
    0.9999995549149481,
    0.9999994460827635,
    0.9999998024946565,
    0.9999966029763107,
    0.9999991148439137,
    0.9999999176673571,
    0.9999892042682567,
    0.9999994796389248,
    0.9999861539954363,
    0.9999987901285474,
    0.9999957723069692,
    0.9999452402301955,
    0.9989677689632452,
    0.9999952149055051,
    0.9999904835849486,
    0.9999999095117907,
    0.9372420994179462,
    0.9999998497458511,
    0.10669059394565118,
    0.9999999752792562,
    0.9706888817598107,
    0.9999993918173112,
    0.46238864927200884,
    0.9999994631249961,
    0.9999964991322309,
    0.9999982938167611,
    0.9573976909190337,
    0.9999981382728402,
    0.9995694425082409,
    0.9999999189416419,
    0.9997282612676177,
    0.9999999623055115,
    0.8933094969468309,
    0.9999832985781519,
    0.9999491677898138,
    0.9999995818812769,
    0.0011606031324525514,
    0.9992903241903658,
    0.9986764104013687,
    0.999999878593568,
    0.32517055217370794,
    0.9998415637808975,
    4.8325638187255363e-05,
    0.9999996317673023,
    3.535625074174431e-05,
    1.2992103014974887e-05,
    0.9973687665436208,
    0.9999771987206925,
    0.00030230113307885956,
    0.9999861539954362,
    0.9669150589110348,
    0.0001313516718149943,
    0.0008040859356292355,
    0.9999998461826771,
    0.12660537063467284,
    0.9999916019279651,
    0.0038244836446372104,
    0.999999769092427,
    6.571476342829628e-05,
    0.9999780534182466,
    2.642590861166593e-06,
    0.999831346602759,
    0.00023889472589640244,
    0.9706310040334659,
    0.00045834523096303123,
    0.9994472350617706,
    4.222801227256482e-06,
    0.9999868359847787,
    0.060084818962032306,
    0.9796675706724429,
    4.8328311173354555e-05,
    0.04916733490067571,
    6.994080149163159e-07,
    0.9999994284995529,
    0.004873324421560005,
    0.9999979419508904,
    0.9465966702001757,
    0.9999985406237789,
    3.6478537675800285e-05,
    0.98504291340685,
    0.9997119367528161,
    0.9999921107374138,
    0.042081192127188964,
    0.9999950881454407
  ]
}