{
  "overall": 0.6148814739768246,
  "per_tier": {
    "basic": 0.9999738939159727,
    "policy": 0.6674256856127623,
    "vs_human": 0.4415599864746473,
    "extreme": 0.49644520709561135
  },
  "n_questions": 100,
  "all_scores": [
    0.9999655087288086,
    0.99999893229713,
    0.999999310638297,
    0.9999952149055051,
    0.999979854001752,
    0.9999998838925889,
    0.9998511704582641,
    0.9999991476724754,
    0.9999771720028072,
    0.9999999226556394,
    0.9999967112603436,
    0.9999957771665553,
    0.9999706877346576,
    0.9998796166277043,
    0.9999843100612428,
    0.9999785550515791,
    0.9999570206811694,
    0.9999995298866444,
    0.9999516759747501,
    0.9999978766215376,
    0.9984988191727521,
    0.9999996940974814,
    0.9990889479375444,
    0.999996910505552,
    0.017986209962091555,
    0.9999993730624346,
    0.679178699175393,
    0.9997965730219448,
    0.002472627861132363,
    0.9999981837775962,
    0.6513550812375495,
    0.999999859947999,
    3.156126029050899e-07,
    0.9999998764043051,
    6.471826395911363e-06,
    0.9999999545316379,
    5.829143242430458e-05,
    0.9999994284995529,
    7.976514606223837e-05,
    0.9999986290427931,
    0.18242552380635632,
    0.9999990577554061,
    1.6056740538553266e-05,
    0.9999974670192646,
    0.00669285726436874,
    0.9999998945399767,
    0.042087651018348896,
    0.9999998310648837,
    3.161809495089878e-06,
    0.9999810748337059,
    0.0007262535517180588,
    0.9999996533670483,
    1.3709572068578445e-06,
    0.9999810748517539,
    1.0129990980873921e-05,
    0.9999994589255878,
    0.00015481355173943193,
    0.9999925886847885,
    2.541206887899957e-07,
    0.9999986290427931,
    1.4449800373124837e-07,
    0.0013934551489898084,
    0.00857970782884034,
    0.9962210751117023,
    7.183440196354994e-07,
    0.999966785805052,
    0.005911416308967401,
    0.0026391514612691402,
    2.092171393474574e-05,
    0.9999994151219884,
    1.0783312222985274e-05,
    0.9999810748517539,
    1.473898197449493e-05,
    0.9999997214728452,
    3.466326211119808e-07,
    0.999989616624045,
    3.7266392841865614e-06,
    0.9890123319466314,
    3.316130152445118e-06,
    0.9997546326249548,
    1.2219122632086234e-05,
    0.9997219685059674,
    2.3904991685644125e-06,
    0.9999898700090192,
    1.570787450322476e-05,
    0.9148523826573405,
    1.2219029409073581e-05,
    0.9770226300899744,
    2.6165205199192004e-07,
    0.99999889840464,
    8.980267078125178e-06,
    0.9999564339665574,
    3.193234776087486e-05,
    0.9999970976880148,
    3.393144812976613e-06,
    0.9999822214481368,
    0.013220034693159771,
    0.9998686494554325,
    3.747127876915004e-05,
    0.9998511615174271
  ]
}