{
  "overall": 0.7676339202676864,
  "per_tier": {
    "basic": 0.9998832160252039,
    "policy": 0.9223671488425307,
    "vs_human": 0.7380442086346005,
    "extreme": 0.5392352823458647
  },
  "n_questions": 100,
  "all_scores": [
    0.9999997962247766,
    0.9999996110962139,
    0.9999999572863858,
    0.9999979395432074,
    0.9999997982385663,
    0.9999999150541627,
    0.9999993524052017,
    0.9999998802069444,
    0.999999694097773,
    0.9999999628898395,
    0.9999999358793944,
    0.9999991684576981,
    0.999999730041965,
    0.997676346718333,
    0.9999999273419049,
    0.9999971869986121,
    0.999999531442923,
    0.9999994460827635,
    0.9999997830832341,
    0.9999973574141792,
    0.9999991148439137,
    0.9999999123573583,
    0.9999892042682567,
    0.9999994946260929,
    0.9999861538898006,
    0.9999983971905407,
    0.9999962733607158,
    0.9999358475641155,
    0.9989677689632452,
    0.9999952149055051,
    0.9999910603036951,
    0.9999998724809571,
    0.9238882477249004,
    0.9999998829716799,
    0.0953494648991095,
    0.9999999771370495,
    0.9710966950731651,
    0.9999996250191611,
    0.45815124548271313,
    0.9999995237886367,
    0.9999964991322309,
    0.9999981837706678,
    0.9584210597205507,
    0.9999984844732001,
    0.9995694425082409,
    0.9999999238524286,
    0.9996429378092453,
    0.9999999648188709,
    0.9014675673010933,
    0.9999822213464087,
    0.9999551375976997,
    0.9999995818812769,
    0.0010987310729246428,
    0.999244597246732,
    0.9988304897349445,
    0.9999998783204785,
    0.3217970831713675,
    0.9998511620851153,
    4.264730550564732e-05,
    0.9999996423661287,
    3.321419494792514e-05,
    1.4738981974571352e-05,
    0.9976768374773688,
    0.999979854309147,
    0.00024020114772182644,
    0.9999869928467247,
    0.9626744833893842,
    0.0001313516718149943,
    0.0006935238006824916,
    0.9999998257031395,
    0.14107605637662218,
    0.9999925886635846,
    0.003376670149905157,
    0.9999997962243878,
    5.8291154485959725e-05,
    0.9999790783658734,
    2.642590861166593e-06,
    0.9998313472460109,
    0.00023888698172841813,
    0.9706877692486436,
    0.0004305340976092598,
    0.9995121428772177,
    4.937036032245855e-06,
    0.9999877950856646,
    0.06008665017400762,
    0.9796676466573413,
    6.205049602300743e-05,
    0.045180218455626364,
    5.989273097131195e-07,
    0.9999994284995529,
    0.004070145447477871,
    0.9999979419508904,
    0.9465967666192644,
    0.9999988983794262,
    3.883110986877899e-05,
    0.98504291340685,
    0.9998155465576491,
    0.9999916019279651,
    0.041333899574909905,
    0.9999967960931501
  ]
}