{
  "overall": 0.7678179017136781,
  "per_tier": {
    "basic": 0.9999327560331148,
    "policy": 0.9183590527120223,
    "vs_human": 0.7392586937036848,
    "extreme": 0.5412731061784845
  },
  "n_questions": 100,
  "all_scores": [
    0.9999998509152801,
    0.9999994291695407,
    0.9999999778405106,
    0.999996499152263,
    0.9999998642566865,
    0.9999997489067247,
    0.9999996076720303,
    0.9999996533667177,
    0.9999998697342606,
    0.9999998859492111,
    0.9999999645892373,
    0.9999991364651195,
    0.999999829688267,
    0.9986749775827869,
    0.9999999317439059,
    0.9999929600273374,
    0.9999996940968979,
    0.9999988634362893,
    0.9999998712079382,
    0.9999955048612905,
    0.999999428499553,
    0.9999998684330687,
    0.9999945777810301,
    0.9999989969935641,
    0.9999898700090192,
    0.9999975939068388,
    0.9999980290133553,
    0.9997834559501049,
    0.9987417987018892,
    0.9999888697018637,
    0.9999932214078883,
    0.9999996843861931,
    0.8692295882922915,
    0.9999997342047164,
    0.34864556847712375,
    0.9999999559517713,
    0.9804763207575111,
    0.999999391545807,
    0.17034593175488502,
    0.9999991684719723,
    0.9999978766215375,
    0.9999967074034775,
    0.9756493136184569,
    0.9999981955555015,
    0.9994806990954141,
    0.9999998744534067,
    0.9998313472460109,
    0.9999999515991345,
    0.963115317106773,
    0.9999834832005208,
    0.9999510932705332,
    0.9999995262094421,
    0.0004045030913232461,
    0.9993412093368346,
    0.9992907075598874,
    0.9999997463976495,
    0.2942129918381025,
    0.9998984938452229,
    1.3420039101108722e-05,
    0.9999995504656763,
    3.321419494792514e-05,
    1.1491955741016469e-05,
    0.9988178603353204,
    0.9999251539152364,
    0.00013982207564732912,
    0.9999822216515915,
    0.9465966702001757,
    5.829649113364699e-05,
    0.0010322310367548194,
    0.999999841299992,
    0.2016934234529742,
    0.9999925886777206,
    0.0008559006367452269,
    0.9999997651526586,
    7.003213196063977e-05,
    0.9999783873550684,
    6.535299623093607e-06,
    0.9998840802146669,
    0.0003799845147518645,
    0.9503688900569344,
    0.001169508037002614,
    0.9997388096809042,
    5.769080406835546e-06,
    0.9999843104801972,
    0.04468119593059684,
    0.9740486219807261,
    6.578774757184712e-05,
    0.04170453472837998,
    1.3488738280008039e-06,
    0.999998932293057,
    0.004628514124538402,
    0.9999977350234294,
    0.9740422570027084,
    0.999998346310414,
    5.143897610886712e-05,
    0.9740589859276126,
    0.9999038974012172,
    0.9999928167396002,
    0.07089418069382813,
    0.9999966068292994
  ]
}